EVENTID,TYPE,AUTHOR   ,DATE      ,TIME       ,LAT     ,LON      ,DEPTH,DEPFIX,AUTHOR   _1,TYPE  ,MAG 
871374,ke  ,ISC      ,1/19/1964,9:13:54 AM,26.6781,54.0338,25.6,,ISC      ,mb    ,5.6
870605,ke  ,ISC      ,2/14/1964,3:51:09 PM,29.1652,54.4731,10,TRUE,USCGS    ,mb    ,4.7
870892,ke  ,ISC      ,2/26/1964,9:16:55 AM,27.2538,54.5085,17.2,,ISC      ,mb    ,4.7
869448,ke  ,ISC      ,3/11/1964,11:34:23 PM,27.9441,57.6742,30,,ISC      ,mb    ,4.7
869581,ke  ,ISC      ,3/17/1964,12:05:09 PM,26.8557,54.0043,19,TRUE,ISC      ,mb    ,4.8
869639,ke  ,ISC      ,3/20/1964,3:15:45 AM,27.9789,55.0965,26,TRUE,ISC      ,mb    ,4.6
869663,ke  ,ISC      ,3/21/1964,10:25:32 AM,27.0232,53.9581,19,TRUE,ISC      ,mb    ,4.8
867648,ke  ,ISC      ,5/11/1964,6:07:41 AM,28.0416,57.4506,57,,ISC      ,mb    ,5.1
866193,ke  ,ISC      ,7/21/1964,11:46:53 AM,27.6504,56.4353,18,TRUE,ISC      ,mb    ,5
866211,ke  ,ISC      ,7/22/1964,4:41:56 AM,28.0225,54.9693,26,TRUE,ISC      ,mb    ,4.6
865078,ke  ,ISC      ,8/12/1964,2:34:21 AM,27.2748,56.4263,10,TRUE,USCGS    ,mb    ,4.7
865481,ke  ,ISC      ,8/27/1964,11:58:37 AM,28.1736,55.891,16,TRUE,ISC      ,mb    ,5.2
865484,ke  ,ISC      ,8/27/1964,12:56:52 PM,28.2314,55.8603,25.4,,ISC      ,mb    ,5.4
864397,ke  ,ISC      ,9/14/1964,3:21:12 PM,27.9803,55.8505,41.4,,ISC      ,mb    ,5.2
863675,ke  ,ISC      ,10/18/1964,9:25:27 PM,27.8144,54.8178,26,TRUE,ISC      ,mb    ,5
863984,ke  ,ISC      ,10/30/1964,3:43:13 AM,28.2495,55.9462,16,TRUE,ISC      ,mb    ,4.7
864025,ke  ,ISC      ,10/31/1964,2:59:34 PM,27.6755,55.9166,16,TRUE,MOS      ,M     ,4.5
862057,ke  ,ISC      ,12/19/1964,11:31:56 PM,27.7923,56.9272,35,TRUE,USCGS    ,mb    ,5.3
862129,ke  ,ISC      ,12/22/1964,4:36:37 AM,28.1166,56.9767,30.1,,ISC      ,mb    ,5.7
862161,ke  ,ISC      ,12/23/1964,10:52:19 AM,27.7848,57.0049,35,TRUE,USCGS    ,mb    ,4.8
858667,ke  ,ISC      ,3/17/1965,7:18:50 AM,27.6584,56.7638,10,TRUE,ISC      ,mb    ,5
857855,ke  ,ISC      ,4/19/1965,1:20:05 AM,28.2341,56.5768,28,TRUE,ISC      ,mb    ,4.6
856301,ke  ,ISC      ,6/21/1965,12:21:16 AM,28.0891,55.8683,23.4,,ISC      ,mb    ,6
856303,ke  ,ISC      ,6/21/1965,1:30:35 AM,28.166,56.0876,16,TRUE,ISC      ,mb    ,4.9
855725,ke  ,ISC      ,7/30/1965,7:07:04 PM,28.0534,57.2066,24,TRUE,ISC      ,mb    ,4.8
854019,ke  ,ISC      ,9/21/1965,3:46:03 PM,27.5098,55.2061,20,TRUE,USCGS    ,mb    ,4.5
852260,ke  ,ISC      ,11/8/1965,1:57:25 AM,27.97,56.9252,24.2,,ISC      ,mb    ,5.2
852325,ke  ,ISC      ,11/10/1965,10:03:35 AM,27.2491,54.5118,41.1,,MOS      ,M     ,5
851924,ke  ,ISC      ,12/23/1965,11:10:02 AM,27.7831,54.392,25,TRUE,ISC      ,mb    ,4.8
845326,ke  ,ISC      ,7/8/1966,3:51:02 AM,26.4324,54.7217,10,TRUE,ISC      ,mb    ,4.5
845367,ke  ,ISC      ,7/9/1966,5:01:49 PM,28.0958,56.9149,24,TRUE,         ,      ,
843661,ke  ,ISC      ,9/18/1966,8:43:57 PM,27.8086,54.2366,27.1,,ISC      ,mb    ,6.1
843829,ke  ,ISC      ,9/24/1966,10:00:49 AM,27.3995,54.6295,40,,ISC      ,mb    ,5.3
843993,ke  ,ISC      ,9/29/1966,5:44:35 PM,27.8237,54.2699,17,TRUE,ISC      ,mb    ,4.5
839529,ke  ,ISC      ,1/8/1967,1:43:47 AM,27.8678,55.5438,22,TRUE,USCGS    ,mb    ,4.6
839568,ke  ,ISC      ,1/9/1967,1:55:16 AM,27.6984,54.4904,18,,ISC      ,mb    ,5.2
839697,ke  ,ISC      ,1/12/1967,6:14:20 PM,27.9292,54.4913,17,TRUE,ISC      ,mb    ,4.8
840232,ke  ,ISC      ,1/29/1967,3:53:59 AM,26.5345,55.2489,17,TRUE,ISC      ,mb    ,5
840239,ke  ,ISC      ,1/29/1967,7:05:56 AM,26.4459,55.2691,10,TRUE,USCGS    ,mb    ,4.9
840240,ke  ,ISC      ,1/29/1967,7:12:04 AM,26.6035,55.2364,10,TRUE,ISC      ,mb    ,4.8
840241,ke  ,ISC      ,1/29/1967,7:13:15 AM,26.4999,55.2877,70,TRUE,         ,      ,
840242,ke  ,ISC      ,1/29/1967,7:13:36 AM,26.5311,55.1837,10,TRUE,ISC      ,mb    ,5.1
840243,ke  ,ISC      ,1/29/1967,7:56:41 AM,26.5098,55.1856,29.5,,ISC      ,mb    ,5.1
840249,ke  ,ISC      ,1/29/1967,1:20:30 PM,26.6848,55.3685,10,TRUE,USCGS    ,mb    ,4.8
840314,ke  ,ISC      ,1/31/1967,7:00:25 PM,26.4928,55.309,15,,ISC      ,mb    ,5.2
840315,ke  ,ISC      ,1/31/1967,8:06:39 PM,26.5559,55.3161,17.4,,USCGS    ,mb    ,5
840316,ke  ,ISC      ,1/31/1967,8:52:47 PM,26.572,55.2687,10,TRUE,         ,      ,
838418,ke  ,ISC      ,2/1/1967,1:07:21 AM,26.6007,55.2764,21.8,,ISC      ,mb    ,5
838433,ke  ,ISC      ,2/1/1967,2:21:06 PM,27.1626,55.4705,17,TRUE,         ,      ,
837290,ke  ,ISC      ,3/1/1967,10:12:49 AM,28.1612,56.9017,24,TRUE,ISC      ,mb    ,5
837165,ke  ,ISC      ,4/27/1967,8:47:48 PM,26.857,57.8501,14.6,,USCGS    ,mb    ,4.5
837197,ke  ,ISC      ,4/28/1967,7:38:29 PM,27.9012,57.4178,26.9,,ISC      ,mb    ,4.5
834195,ke  ,ISC      ,6/7/1967,10:35:15 PM,26.9976,58.0747,10,TRUE,USCGS    ,mb    ,4.4
833702,ke  ,ISC      ,7/25/1967,1:00:37 PM,28.8254,54.5666,10,TRUE,ISC      ,mb    ,4.7
831256,ke  ,ISC      ,9/14/1967,2:49:44 PM,28.4496,57.1273,32.5,,ISC      ,mb    ,4.6
827136,ke  ,ISC      ,1/10/1968,10:43:46 AM,27.4911,55.9751,15,TRUE,USCGS    ,mb    ,4.6
824235,ke  ,ISC      ,4/23/1968,12:39:00 PM,27.833,56.6853,28,TRUE,ISC      ,mb    ,4.9
824236,ke  ,ISC      ,4/23/1968,12:39:46 PM,27.7374,56.8,24.8,,ISC      ,mb    ,5.3
823237,ke  ,ISC      ,5/30/1968,1:10:31 AM,27.78,53.8796,25.7,,ISC      ,mb    ,5.2
818804,ke  ,ISC      ,7/8/1968,11:27:24 AM,28.027,56.9684,24,TRUE,ISC      ,mb    ,4.8
818340,ke  ,ISC      ,8/26/1968,5:59:08 AM,26.618,55.2724,10,TRUE,USCGS    ,mb    ,4.6
809846,ke  ,ISC      ,4/14/1969,1:13:21 PM,27.7296,54.7318,17,TRUE,ISC      ,mb    ,4.9
808859,ke  ,ISC      ,5/12/1969,7:09:10 PM,27.9081,56.5056,40,,ISC      ,mb    ,4.8
808225,ke  ,ISC      ,6/21/1969,4:35:09 PM,27.4636,57.5547,58.2,,ISC      ,mb    ,5.2
806617,ke  ,ISC      ,7/1/1969,6:00:48 AM,28.2218,55.6101,22,TRUE,ISC      ,mb    ,4.8
807268,ke  ,ISC      ,7/20/1969,10:37:30 PM,28.1721,57.5926,51.7,,ISC      ,mb    ,4.8
799367,ke  ,ISC      ,2/23/1970,11:22:29 AM,27.8271,54.5139,23.8,,ISC      ,mb    ,5.6
799549,ke  ,ISC      ,2/28/1970,7:58:48 PM,27.7728,56.3118,18.7,,ISC      ,mb    ,5.5
797585,ke  ,ISC      ,3/6/1970,7:40:06 PM,28.2514,57.4898,43,TRUE,ISC      ,mb    ,4.7
797810,ke  ,ISC      ,3/10/1970,10:06:23 PM,28.4607,57.6813,43,TRUE,ISC      ,mb    ,4.7
798259,ke  ,ISC      ,3/21/1970,1:23:14 PM,27.9237,54.5773,17,TRUE,ISC      ,mb    ,4.8
796200,ke  ,ISC      ,4/1/1970,11:54:05 PM,27.9055,56.784,42.1,,ISC      ,mb    ,5
795527,ke  ,ISC      ,5/12/1970,11:59:12 PM,27.5213,57.3491,22.4,,ISC      ,mb    ,4.9
793499,ke  ,ISC      ,7/4/1970,11:38:13 PM,26.8267,54.9164,17,TRUE,ISC      ,mb    ,4.7
790869,ke  ,ISC      ,10/7/1970,2:20:37 AM,27.8087,56.5797,28,TRUE,ISC      ,mb    ,4.7
791219,ke  ,ISC      ,10/18/1970,6:10:41 AM,27.4255,54.9918,28.9,,ISC      ,mb    ,4.9
791268,ke  ,ISC      ,10/20/1970,10:34:18 AM,27.5573,56.7014,18,TRUE,ISC      ,mb    ,4.8
791483,ke  ,ISC      ,10/27/1970,8:11:06 PM,26.5179,55.2302,10,TRUE,ISC      ,mb    ,4.6
790042,fe  ,ISC      ,11/9/1970,5:41:43 PM,29.4608,56.74,99.7,,ISC      ,mb    ,5.5
789529,ke  ,ISC      ,12/26/1970,7:51:58 PM,27.851,58.0444,10,TRUE,ISC      ,mb    ,4.8
788647,ke  ,ISC      ,1/28/1971,6:09:29 AM,28.3748,57.356,43,TRUE,ISC      ,mb    ,4.9
785559,ke  ,ISC      ,4/12/1971,7:03:24 PM,28.2698,55.7107,15,,ISC      ,mb    ,6.1
785587,ke  ,ISC      ,4/13/1971,8:43:00 PM,28.2628,55.6176,22,TRUE,ISC      ,mb    ,4.6
784204,ke  ,ISC      ,5/7/1971,11:18:45 PM,28.3164,55.4143,22,TRUE,ISC      ,mb    ,4.7
784935,ke  ,ISC      ,5/25/1971,4:32:39 AM,27.6732,55.3458,22.9,,ISC      ,mb    ,4.9
785180,ke  ,ISC      ,5/31/1971,11:05:51 AM,28.8204,54.6298,10,TRUE,NEIS     ,mb    ,4.4
783897,ke  ,ISC      ,6/28/1971,9:33:12 PM,26.7519,55.01,17,TRUE,NEIS     ,mb    ,4.1
779079,ke  ,ISC      ,10/5/1971,6:31:17 PM,27.2224,55.852,14,TRUE,ISC      ,mb    ,5.3
778271,ke  ,ISC      ,11/3/1971,9:42:53 AM,28.4726,57.3518,35,TRUE,ISC      ,mb    ,4.7
778294,ke  ,ISC      ,11/4/1971,4:10:13 AM,28.0791,57.3519,30,TRUE,         ,      ,
778388,ke  ,ISC      ,11/8/1971,3:06:36 AM,27.0474,54.5438,13.4,,ISC      ,mb    ,5.6
778390,ke  ,ISC      ,11/8/1971,3:24:26 AM,26.8991,54.6711,18,TRUE,ISC      ,mb    ,4.9
778410,ke  ,ISC      ,11/9/1971,12:16:58 AM,26.9355,54.5081,18,TRUE,ISC      ,mb    ,4.8
778415,ke  ,ISC      ,11/9/1971,9:01:03 AM,27.0616,54.6547,18,TRUE,MOS      ,M     ,4.9
777603,ke  ,ISC      ,12/9/1971,1:42:33 AM,27.2961,56.4406,18,TRUE,ISC      ,mb    ,5.4
777605,ke  ,ISC      ,12/9/1971,2:31:04 AM,27.1412,56.3619,10,TRUE,         ,      ,
777606,ke  ,ISC      ,12/9/1971,2:36:12 AM,27.4363,56.279,18,TRUE,ISC      ,mb    ,4.6
777609,ke  ,ISC      ,12/9/1971,2:53:59 AM,27.3088,56.2178,18,TRUE,ISC      ,mb    ,4.7
777935,ke  ,ISC      ,12/20/1971,11:27:37 PM,28.1132,57.1551,10,TRUE,ISC      ,mb    ,5
775230,ke  ,ISC      ,3/8/1972,9:49:12 PM,27.7169,56.7096,35,TRUE,ISC      ,mb    ,4.7
774074,ke  ,ISC      ,4/3/1972,9:07:15 AM,28.1647,57.3396,22.5,,ISC      ,mb    ,5.1
774319,ke  ,ISC      ,4/10/1972,4:47:59 PM,26.992,54.6531,18,TRUE,         ,      ,
774399,ke  ,ISC      ,4/12/1972,11:07:49 PM,28.4573,53.0858,16,TRUE,ISC      ,mb    ,5
774644,ke  ,ISC      ,4/21/1972,6:59:02 PM,28.6059,52.6058,16,TRUE,         ,      ,
773105,ke  ,ISC      ,5/3/1972,11:58:07 AM,26.3424,54.3902,10,TRUE,         ,      ,
773116,ke  ,ISC      ,5/3/1972,9:52:50 PM,28.2639,57.5437,30,TRUE,         ,      ,
773578,ke  ,ISC      ,5/18/1972,2:42:54 AM,27.7536,55.8553,16,TRUE,ISC      ,mb    ,4.7
773866,ke  ,ISC      ,5/27/1972,8:37:55 AM,28.1994,55.8388,16,TRUE,MOS      ,mb    ,4.8
773031,ke  ,ISC      ,6/30/1972,5:49:36 PM,27.1947,56.91,41.3,,ISC      ,mb    ,4.6
770162,ke  ,ISC      ,8/2/1972,9:33:08 PM,28.2359,57.028,35,TRUE,ISC      ,mb    ,4.6
770166,ke  ,ISC      ,8/2/1972,11:03:29 PM,28.1277,56.9312,24,TRUE,ISC      ,mb    ,5
770167,ke  ,ISC      ,8/2/1972,11:12:15 PM,27.9996,56.6863,24,TRUE,ISC      ,mb    ,4.7
770207,ke  ,ISC      ,8/3/1972,10:47:43 PM,28.1119,56.8252,24,TRUE,ISC      ,mb    ,4.9
770223,ke  ,ISC      ,8/4/1972,9:19:29 AM,28.5811,56.7471,35,TRUE,MOS      ,MB    ,4.8
768192,ke  ,ISC      ,10/9/1972,1:58:06 AM,29.9359,57.82,15,TRUE,ISC      ,mb    ,4.8
768199,ke  ,ISC      ,10/9/1972,7:18:25 AM,28.2483,55.902,24.1,,ISC      ,mb    ,5.2
766989,ke  ,ISC      ,11/4/1972,9:32:22 AM,28.3988,57.087,24,TRUE,ISC      ,mb    ,5.1
761925,ke  ,ISC      ,4/25/1973,8:35:36 AM,26.9359,55.4983,12,TRUE,ISC      ,mb    ,4.7
762020,ke  ,ISC      ,4/27/1973,4:09:17 PM,27.8313,60.1724,10,TRUE,QUE      ,mb    ,4.8
760233,ke  ,ISC      ,5/6/1973,3:59:19 AM,27.2382,55.5474,12,TRUE,ISC      ,mb    ,4.9
760796,ke  ,ISC      ,5/24/1973,11:14:33 PM,28.1432,57.7978,10,TRUE,ISC      ,mb    ,4.3
761017,ke  ,ISC      ,5/31/1973,7:50:41 PM,28.1747,56.1908,53.1,,ISC      ,mb    ,4.7
759237,ke  ,ISC      ,6/10/1973,8:12:43 PM,27.7727,56.1789,15,TRUE,ISC      ,mb    ,4.2
757586,ke  ,ISC      ,8/25/1973,2:58:09 PM,28.2182,56.8784,24,TRUE,ISC      ,mb    ,5.5
757589,ke  ,ISC      ,8/25/1973,4:31:53 PM,27.9758,57.1005,28,TRUE,ISC      ,mb    ,4
756006,ke  ,ISC      ,9/1/1973,4:11:18 PM,27.9386,55.4094,22,TRUE,         ,      ,
756781,ke  ,ISC      ,9/28/1973,11:44:21 AM,27.3904,54.731,20,TRUE,         ,      ,
754295,ke  ,ISC      ,11/9/1973,6:50:49 PM,27.7448,55.5156,15,TRUE,ISC      ,mb    ,4.7
753474,ke  ,ISC      ,12/10/1973,9:06:51 PM,27.7493,57.0204,29.7,,ISC      ,mb    ,4.5
753699,ke  ,ISC      ,12/19/1973,6:26:11 PM,28.1778,54.8551,26,TRUE,ISC      ,mb    ,4.6
752480,ke  ,ISC      ,1/9/1974,9:10:37 PM,29.6849,57.5254,10,TRUE,ISC      ,mb    ,4.2
752838,ke  ,ISC      ,1/21/1974,5:32:27 AM,28.0845,57.6245,30,TRUE,NEIS     ,mb    ,3.6
752972,ke  ,ISC      ,1/24/1974,10:05:05 PM,26.6776,54.3046,10,TRUE,         ,      ,
749686,ke  ,ISC      ,4/23/1974,7:27:34 PM,26.9129,54.6154,18,TRUE,ISC      ,mb    ,4.5
749696,ke  ,ISC      ,4/24/1974,2:57:31 AM,28.1717,55.5784,33,,ISC      ,mb    ,4.4
736138,ke  ,ISC      ,10/6/1974,1:22:42 AM,26.6527,56.7905,15.1,,ISC      ,mb    ,4.4
736911,ke  ,ISC      ,10/27/1974,7:35:51 AM,27.4081,55.1874,15,TRUE,ISC      ,mb    ,4.2
733869,ke  ,ISC      ,12/2/1974,9:05:44 AM,28.0184,55.8812,17.5,,ISC      ,mb    ,5.5
731017,de  ,ISC      ,3/7/1975,7:04:44 AM,27.4782,56.324,22.3,,ISC      ,mb    ,5.8
731020,ke  ,ISC      ,3/7/1975,10:42:28 AM,27.6692,56.335,28,TRUE,NEIS     ,mb    ,4.6
731022,ke  ,ISC      ,3/7/1975,12:14:24 PM,27.9504,56.3153,10,TRUE,NEIS     ,mb    ,4.3
731023,ke  ,ISC      ,3/7/1975,1:12:14 PM,28.3291,56.3047,35,TRUE,         ,      ,
731025,ke  ,ISC      ,3/7/1975,2:26:58 PM,27.3927,56.28,25.3,,ISC      ,mb    ,5.3
731029,ke  ,ISC      ,3/7/1975,3:36:43 PM,27.6839,56.379,28,,ISC      ,mb    ,4.7
731032,ke  ,ISC      ,3/7/1975,5:42:29 PM,27.207,56.4072,14.3,,ISC      ,mb    ,4.7
731033,ke  ,ISC      ,3/7/1975,6:58:31 PM,27.2626,56.4714,10,TRUE,ISC      ,mb    ,4.2
731035,ke  ,ISC      ,3/7/1975,8:02:07 PM,28.7207,56.3783,35,TRUE,ISC      ,mb    ,4
731037,ke  ,ISC      ,3/7/1975,8:28:04 PM,27.799,56.416,28,TRUE,ISC      ,mb    ,4
731038,ke  ,ISC      ,3/7/1975,9:04:44 PM,27.6283,56.1753,15,TRUE,ISC      ,mb    ,4
731040,ke  ,ISC      ,3/7/1975,11:25:28 PM,27.7237,56.2864,28,TRUE,ISC      ,mb    ,3.6
731041,ke  ,ISC      ,3/8/1975,12:08:54 AM,27.6737,56.2674,18,TRUE,NEIS     ,mb    ,3.9
731074,ke  ,ISC      ,3/9/1975,6:39:43 AM,27.3188,56.2523,18,TRUE,ISC      ,mb    ,4.8
731090,ke  ,ISC      ,3/9/1975,3:00:10 PM,27.6536,54.9869,20,TRUE,ISC      ,mb    ,4.3
731097,ke  ,ISC      ,3/9/1975,6:22:15 PM,27.2767,56.2559,18,TRUE,ISC      ,mb    ,4.5
730038,ke  ,ISC      ,4/12/1975,4:13:04 AM,27.25,56.4006,10,TRUE,ISC      ,mb    ,4.8
728639,ke  ,ISC      ,5/5/1975,7:47:39 PM,28.0267,55.7807,22,TRUE,ISC      ,mb    ,4.6
729087,ke  ,ISC      ,5/17/1975,4:19:17 PM,27.6293,57.8415,51.2,,ISC      ,mb    ,4.9
729113,ke  ,ISC      ,5/18/1975,2:44:33 PM,27.4938,57.7377,45.5,,ISC      ,mb    ,4.7
727467,ke  ,ISC      ,6/12/1975,2:08:04 PM,27.2072,55.9057,14,TRUE,ISC      ,mb    ,4.3
727505,ke  ,ISC      ,6/13/1975,10:12:51 AM,26.908,54.909,57.9,,ISC      ,mb    ,4.9
727936,ke  ,ISC      ,6/20/1975,9:16:41 AM,26.0778,54.3646,10,TRUE,ISC      ,mb    ,4.6
725560,ke  ,ISC      ,8/27/1975,4:59:32 PM,27.6379,56.1414,31.7,,ISC      ,mb    ,5
723521,ke  ,ISC      ,9/1/1975,4:53:47 PM,27.3869,56.0553,15,TRUE,ISC      ,mb    ,4.5
723632,ke  ,ISC      ,9/4/1975,11:19:36 PM,27.4451,56.1268,14,TRUE,         ,      ,
723633,ke  ,ISC      ,9/4/1975,11:29:14 PM,27.3143,56.1647,15,TRUE,ISC      ,mb    ,4.5
723641,ke  ,ISC      ,9/5/1975,3:49:11 AM,27.6279,55.9394,15,TRUE,ISC      ,mb    ,4.2
723837,ke  ,ISC      ,9/10/1975,1:54:32 PM,28.2227,57.875,100,TRUE,         ,      ,
724180,ke  ,ISC      ,9/19/1975,1:46:17 PM,28.3611,55.4361,22,TRUE,NEIS     ,mb    ,4
724271,ke  ,ISC      ,9/22/1975,11:52:44 AM,28.1734,56.8248,31,TRUE,NEIS     ,mb    ,3.6
724282,ke  ,ISC      ,9/22/1975,11:00:08 PM,27.8704,53.8571,26,TRUE,ISC      ,mb    ,4.8
722616,ke  ,ISC      ,10/7/1975,1:00:11 AM,27.8712,57.3654,35,TRUE,         ,      ,
722676,ke  ,ISC      ,10/8/1975,8:15:49 AM,28.0756,55.6701,23,,ISC      ,mb    ,5.2
722678,ke  ,ISC      ,10/8/1975,9:53:39 AM,28.2561,55.4265,22,TRUE,ISC      ,mb    ,4.7
722737,ke  ,ISC      ,10/10/1975,12:07:21 AM,28.1071,55.3305,22,TRUE,         ,      ,
722755,ke  ,ISC      ,10/10/1975,10:15:00 AM,28.3125,55.2778,22,TRUE,ISC      ,mb    ,4.2
721174,ke  ,ISC      ,11/1/1975,6:01:51 PM,26.8785,56.2619,10,TRUE,ISC      ,mb    ,4.7
721363,ke  ,ISC      ,11/6/1975,10:15:41 AM,27.3234,56.0857,15,TRUE,ISC      ,mb    ,4.9
719937,ke  ,ISC      ,12/1/1975,10:20:09 AM,28.1608,57.7226,10,TRUE,         ,      ,
720512,ke  ,ISC      ,12/17/1975,1:34:53 PM,27.7335,57.3901,30,TRUE,ISC      ,mb    ,4.7
720564,ke  ,ISC      ,12/19/1975,8:02:07 AM,28.697,56.8761,31,TRUE,ISC      ,mb    ,4.7
720571,ke  ,ISC      ,12/19/1975,12:46:34 PM,28.4086,57.0477,31,TRUE,ISC      ,mb    ,4.8
720763,ke  ,ISC      ,12/24/1975,11:35:05 AM,26.7483,55.548,10,TRUE,ISC      ,mb    ,4.6
720764,de  ,ISC      ,12/24/1975,11:48:56 AM,27.0072,55.4627,11.6,,ISC      ,mb    ,5.6
720769,ke  ,ISC      ,12/24/1975,1:07:46 PM,26.752,55.3755,35,TRUE,         ,      ,
720781,ke  ,ISC      ,12/24/1975,6:40:32 PM,26.92,55.5575,12,TRUE,ISC      ,mb    ,4.8
720785,ke  ,ISC      ,12/24/1975,7:55:10 PM,27.0224,55.5442,12,TRUE,ISC      ,mb    ,5
720787,ke  ,ISC      ,12/24/1975,8:50:41 PM,26.7906,55.4278,12,TRUE,ISC      ,mb    ,4.4
720788,ke  ,ISC      ,12/24/1975,8:55:51 PM,27.1315,55.286,10,TRUE,ISC      ,mb    ,4
720789,ke  ,ISC      ,12/24/1975,9:04:12 PM,27.0044,55.5777,12,TRUE,ISC      ,mb    ,4.7
720825,ke  ,ISC      ,12/25/1975,10:00:02 PM,26.8299,55.4867,12,TRUE,ISC      ,mb    ,4.4
720836,ke  ,ISC      ,12/26/1975,1:07:39 AM,26.6491,55.4619,10,TRUE,ISC      ,mb    ,4.4
720843,ke  ,ISC      ,12/26/1975,5:46:42 AM,26.9071,55.3847,12,TRUE,ISC      ,mb    ,4.6
720935,ke  ,ISC      ,12/27/1975,9:08:14 PM,27.5512,55.0841,15,TRUE,ISC      ,mb    ,4.2
721029,ke  ,ISC      ,12/30/1975,1:09:36 AM,26.9166,55.5176,12,TRUE,ISC      ,mb    ,4.8
718524,ke  ,ISC      ,1/2/1976,2:29:08 PM,26.9019,55.6121,12,TRUE,ISC      ,mb    ,4.2
718525,ke  ,ISC      ,1/2/1976,3:08:53 PM,27.196,55.5347,12,TRUE,ISC      ,mb    ,4.5
718193,ke  ,ISC      ,2/24/1976,7:30:54 AM,26.9896,55.9596,14,TRUE,NEIS     ,mb    ,3.8
716282,ke  ,ISC      ,3/7/1976,12:42:36 AM,28.3579,57.2716,30,TRUE,ISC      ,mb    ,4.7
716420,ke  ,ISC      ,3/10/1976,4:39:17 AM,28.3914,57.4495,43,TRUE,ISC      ,mb    ,4.8
716654,ke  ,ISC      ,3/16/1976,7:28:57 AM,27.2616,55.0657,16.3,,ISC      ,mb    ,5.5
716658,ke  ,ISC      ,3/16/1976,9:09:44 AM,27.2305,54.9156,20,TRUE,ISC      ,mb    ,4.5
716674,ke  ,ISC      ,3/16/1976,4:33:22 PM,27.0103,54.82,17,TRUE,         ,      ,
716740,ke  ,ISC      ,3/18/1976,5:56:06 AM,27.2872,54.9299,20,TRUE,ISC      ,mb    ,4.4
716750,ke  ,ISC      ,3/18/1976,5:51:41 PM,27.2473,54.8042,20,TRUE,         ,      ,
716814,ke  ,ISC      ,3/20/1976,9:24:00 AM,27.1552,54.9607,17,TRUE,ISC      ,mb    ,4.8
716948,ke  ,ISC      ,3/22/1976,2:42:41 AM,26.3726,55.0376,17,TRUE,NEIS     ,mb    ,3.9
717288,ke  ,ISC      ,3/31/1976,2:34:19 AM,28.0601,56.8134,25.9,,ISC      ,mb    ,5
715335,ke  ,ISC      ,4/10/1976,11:28:06 PM,26.0212,54.559,10,TRUE,         ,      ,
715860,ke  ,ISC      ,4/24/1976,10:19:48 AM,28.2034,56.7505,31,TRUE,ISC      ,mb    ,4.7
712447,ke  ,ISC      ,6/11/1976,8:32:15 AM,27.1024,57.2947,25,TRUE,NEIS     ,mb    ,4.1
712558,ke  ,ISC      ,6/13/1976,9:33:21 PM,28.0192,55.6264,22,TRUE,ISC      ,mb    ,4.7
709159,ke  ,ISC      ,9/26/1976,7:39:29 PM,27.7696,56.7377,28,TRUE,ISC      ,mb    ,4.4
707537,ke  ,ISC      ,10/24/1976,4:20:57 PM,27.4505,56.7805,10,TRUE,ISC      ,mb    ,5
705613,ke  ,ISC      ,11/6/1976,11:18:50 PM,28.0426,56.9416,24,TRUE,ISC      ,mb    ,4.7
705902,ke  ,ISC      ,11/13/1976,10:11:18 AM,28.3487,56.8357,31,TRUE,NEIS     ,mb    ,4.5
705903,ke  ,ISC      ,11/13/1976,10:12:36 AM,28.1842,57.3242,46.7,,ISC      ,mb    ,5
704201,ke  ,ISC      ,12/1/1976,11:59:32 AM,26.9147,55.055,17,TRUE,ISC      ,mb    ,4.5
704548,ke  ,ISC      ,12/9/1976,8:02:17 PM,26.9114,56.359,10,TRUE,ISC      ,mb    ,4.4
705072,ke  ,ISC      ,12/23/1976,2:17:46 PM,28.0909,54.189,26,TRUE,ISC      ,mb    ,4.4
703164,de  ,ISC      ,1/5/1977,5:44:42 AM,27.4564,56.3195,30.6,,ISC      ,mb    ,5.5
702469,ke  ,ISC      ,2/16/1977,12:32:45 AM,28.2594,54.533,10,TRUE,         ,      ,
701441,de  ,ISC      ,3/21/1977,9:18:54 PM,27.5585,56.3962,19,,ISC      ,mb    ,6.3
701442,ke  ,ISC      ,3/21/1977,9:33:18 PM,27.5391,56.4682,18,TRUE,ISC      ,mb    ,5.2
701443,ke  ,ISC      ,3/21/1977,9:41:26 PM,27.2409,56.6969,35,TRUE,ISC      ,mb    ,4.8
701445,ke  ,ISC      ,3/21/1977,9:50:46 PM,27.323,56.4859,18,TRUE,ISC      ,mb    ,4.7
701446,ke  ,ISC      ,3/21/1977,9:51:39 PM,27.7342,56.6232,18,TRUE,ISC      ,mb    ,5
701448,ke  ,ISC      ,3/21/1977,10:17:37 PM,27.1235,56.3612,10,TRUE,ISC      ,mb    ,4.8
701449,ke  ,ISC      ,3/21/1977,10:27:43 PM,27.2039,56.38,10,TRUE,NEIS     ,mb    ,4.4
701450,ke  ,ISC      ,3/21/1977,10:42:08 PM,27.5527,56.5142,29.2,,ISC      ,mb    ,5.9
701452,ke  ,ISC      ,3/21/1977,11:56:57 PM,27.3967,56.4397,18,TRUE,ISC      ,mb    ,4.8
701458,ke  ,ISC      ,3/22/1977,1:28:18 AM,27.4163,56.323,18,TRUE,ISC      ,mb    ,4.7
701459,ke  ,ISC      ,3/22/1977,1:37:06 AM,27.4311,56.281,18,TRUE,ISC      ,mb    ,4.8
701465,ke  ,ISC      ,3/22/1977,2:25:58 AM,27.5187,56.2986,18,TRUE,ISC      ,mb    ,5.1
701467,ke  ,ISC      ,3/22/1977,2:42:07 AM,27.6694,56.4877,18,TRUE,ISC      ,mb    ,5
701469,ke  ,ISC      ,3/22/1977,3:18:24 AM,27.4583,56.7028,18,TRUE,ISC      ,mb    ,4.7
701470,ke  ,ISC      ,3/22/1977,3:20:48 AM,28.1396,56.8084,24,TRUE,ISC      ,mb    ,4.6
701474,ke  ,ISC      ,3/22/1977,4:47:54 AM,27.4207,56.3772,18,TRUE,ISC      ,mb    ,4.6
701475,ke  ,ISC      ,3/22/1977,5:07:14 AM,26.4212,56.3789,10,TRUE,ISC      ,mb    ,4.5
701482,ke  ,ISC      ,3/22/1977,7:29:36 AM,27.3981,56.2289,15,TRUE,ISC      ,mb    ,4.6
701486,ke  ,ISC      ,3/22/1977,9:14:42 AM,27.6122,56.6754,33.4,,ISC      ,mb    ,5.1
701496,fe  ,ISC      ,3/22/1977,11:57:31 AM,27.6608,56.4038,18.7,,ISC      ,mb    ,5.8
701498,ke  ,ISC      ,3/22/1977,12:32:54 PM,27.5379,56.6718,18,TRUE,ISC      ,mb    ,4.9
701508,ke  ,ISC      ,3/22/1977,4:37:00 PM,27.494,56.5293,18,TRUE,ISC      ,mb    ,4.5
701517,ke  ,ISC      ,3/22/1977,9:28:10 PM,27.7634,56.6297,18,TRUE,ISC      ,mb    ,4.7
701518,ke  ,ISC      ,3/22/1977,9:31:02 PM,27.7189,56.4845,18,TRUE,ISC      ,mb    ,4.9
701524,ke  ,ISC      ,3/22/1977,11:39:34 PM,26.7595,56.7297,10,TRUE,         ,      ,
701527,ke  ,ISC      ,3/23/1977,12:17:50 AM,27.5723,56.4007,18,TRUE,ISC      ,mb    ,4.9
701535,ke  ,ISC      ,3/23/1977,2:25:01 AM,27.3285,56.6582,18,TRUE,ISC      ,mb    ,4.6
701536,ke  ,ISC      ,3/23/1977,2:31:36 AM,27.5191,56.5286,18,TRUE,ISC      ,mb    ,5
701545,ke  ,ISC      ,3/23/1977,7:46:57 AM,27.6499,56.478,18,TRUE,ISC      ,mb    ,5.1
701548,ke  ,ISC      ,3/23/1977,10:11:08 AM,28.0165,56.0507,16,TRUE,ISC      ,mb    ,4.7
701556,ke  ,ISC      ,3/23/1977,1:30:47 PM,27.5448,56.5118,35,TRUE,         ,      ,
701557,ke  ,ISC      ,3/23/1977,1:45:10 PM,27.4877,56.2608,18,TRUE,ISC      ,mb    ,4.8
701577,ke  ,ISC      ,3/23/1977,8:40:57 PM,27.5816,56.4419,18,TRUE,ISC      ,mb    ,5
701582,fe  ,ISC      ,3/23/1977,11:51:16 PM,27.6037,56.5404,18,TRUE,ISC      ,mb    ,5.8
701583,ke  ,ISC      ,3/24/1977,12:04:51 AM,27.765,56.5825,28,TRUE,ISC      ,mb    ,4.9
701584,ke  ,ISC      ,3/24/1977,12:13:51 AM,27.4701,56.4672,18,TRUE,ISC      ,mb    ,5.2
701585,ke  ,ISC      ,3/24/1977,12:19:59 AM,27.8906,56.6125,10,TRUE,ISC      ,mb    ,4.7
701592,ke  ,ISC      ,3/24/1977,4:42:26 AM,27.639,56.614,31,,ISC      ,mb    ,5.3
701612,ke  ,ISC      ,3/24/1977,1:57:52 PM,27.0617,56.5267,10,TRUE,ISC      ,mb    ,4.7
701613,ke  ,ISC      ,3/24/1977,2:10:40 PM,27.3463,56.6758,18,TRUE,ISC      ,mb    ,4.8
701645,ke  ,ISC      ,3/25/1977,5:36:41 AM,26.7212,56.5096,10,TRUE,         ,      ,
701663,ke  ,ISC      ,3/25/1977,4:10:59 PM,26.3382,56.5108,10,TRUE,         ,      ,
701675,ke  ,ISC      ,3/25/1977,10:55:21 PM,27.7467,56.6792,18,TRUE,ISC      ,mb    ,4.9
701678,ke  ,ISC      ,3/26/1977,12:32:36 AM,27.4731,56.5229,18,TRUE,ISC      ,mb    ,4.8
701695,ke  ,ISC      ,3/26/1977,8:06:09 AM,26.6639,56.7742,10,TRUE,         ,      ,
701708,ke  ,ISC      ,3/26/1977,2:27:56 PM,27.5306,56.1997,15,TRUE,ISC      ,mb    ,4.8
701740,ke  ,ISC      ,3/27/1977,7:19:51 AM,27.9606,56.2011,70,TRUE,ISC      ,mb    ,4.5
701779,ke  ,ISC      ,3/28/1977,4:09:45 AM,27.4664,56.5022,18,TRUE,ISC      ,mb    ,5
701780,ke  ,ISC      ,3/28/1977,4:54:05 AM,27.5182,56.508,18,TRUE,ISC      ,mb    ,5
701843,fe  ,ISC      ,3/29/1977,10:29:18 PM,27.5673,56.3772,26.7,,ISC      ,mb    ,5.2
701845,ke  ,ISC      ,3/29/1977,11:25:09 PM,27.354,56.564,18,TRUE,ISC      ,mb    ,4.6
701854,ke  ,ISC      ,3/30/1977,6:31:59 AM,28.7379,56.1749,10,TRUE,ISC      ,mb    ,4.6
701859,ke  ,ISC      ,3/30/1977,8:29:13 AM,27.4237,56.5012,18,TRUE,ISC      ,mb    ,4.4
701912,ke  ,ISC      ,3/31/1977,10:06:00 AM,27.6422,56.5725,18,TRUE,ISC      ,mb    ,4.8
701918,ke  ,ISC      ,3/31/1977,1:36:26 PM,27.5949,56.5392,18,TRUE,ISC      ,mb    ,4.9
701931,ke  ,ISC      ,3/31/1977,7:11:20 PM,27.5501,56.3172,18,TRUE,ISC      ,mb    ,4.8
699220,ke  ,ISC      ,4/1/1977,6:59:06 AM,27.2693,56.2874,18,TRUE,ISC      ,mb    ,4.6
699235,de  ,ISC      ,4/1/1977,1:36:25 PM,27.5765,56.335,13,,ISC      ,mb    ,6
699238,fe  ,ISC      ,4/1/1977,4:00:24 PM,27.4889,56.2473,15,TRUE,ISC      ,mb    ,4.9
699253,ke  ,ISC      ,4/1/1977,8:43:27 PM,27.8735,56.5695,18,TRUE,NEIS     ,mb    ,5.1
699270,ke  ,ISC      ,4/2/1977,6:53:34 AM,27.6623,56.0695,15,TRUE,ISC      ,mb    ,4.9
699501,ke  ,ISC      ,4/7/1977,3:34:42 AM,28.349,57.1316,31,TRUE,ISC      ,mb    ,4.9
699567,ke  ,ISC      ,4/8/1977,4:49:44 PM,27.4716,56.1818,18,TRUE,ISC      ,mb    ,4.6
699635,ke  ,ISC      ,4/10/1977,5:02:23 AM,27.3339,56.2556,18,TRUE,ISC      ,mb    ,4.6
699663,ke  ,ISC      ,4/11/1977,3:10:06 AM,27.4525,56.2463,15,TRUE,ISC      ,mb    ,4.8
699774,ke  ,ISC      ,4/13/1977,4:39:03 AM,27.3623,56.2617,15,TRUE,         ,      ,
699915,ke  ,ISC      ,4/17/1977,3:47:25 AM,27.1054,56.6155,10,TRUE,ISC      ,mb    ,4.5
699929,ke  ,ISC      ,4/17/1977,1:04:44 PM,27.1433,56.4204,10,TRUE,ISC      ,mb    ,4.6
699933,ke  ,ISC      ,4/17/1977,3:18:22 PM,27.3423,56.4349,18,TRUE,         ,      ,
699939,ke  ,ISC      ,4/17/1977,5:15:07 PM,27.0456,56.6172,10,TRUE,ISC      ,mb    ,4.7
700018,ke  ,ISC      ,4/20/1977,4:22:25 AM,26.9307,55.404,17.9,,ISC      ,mb    ,5.1
700525,fe  ,ISC      ,4/30/1977,2:35:37 PM,27.6044,56.6421,18,TRUE,ISC      ,mb    ,5.2
700527,ke  ,ISC      ,4/30/1977,4:13:59 PM,28.0235,56.2864,28,TRUE,ISC      ,mb    ,4.3
698742,ke  ,ISC      ,5/19/1977,10:58:33 PM,27.1559,55.3495,28.9,,ISC      ,mb    ,5.2
698743,ke  ,ISC      ,5/19/1977,11:04:54 PM,27.1273,55.4076,27.7,,ISC      ,mb    ,5.3
698761,ke  ,ISC      ,5/20/1977,12:25:18 PM,27.2285,55.1963,12,TRUE,ISC      ,mb    ,4.6
698772,ke  ,ISC      ,5/20/1977,5:37:42 PM,27.7072,56.5809,18,TRUE,ISC      ,mb    ,4.9
698918,ke  ,ISC      ,5/24/1977,12:43:28 PM,27.0508,55.4644,23.7,,ISC      ,mb    ,4.8
698919,ke  ,ISC      ,5/24/1977,12:59:09 PM,27.1672,55.5009,12,TRUE,ISC      ,mb    ,4.8
699019,ke  ,ISC      ,5/26/1977,10:39:28 PM,27.6035,56.6117,16.6,,ISC      ,mb    ,4.7
697344,ke  ,ISC      ,6/16/1977,10:05:46 PM,27.4133,56.222,15,TRUE,         ,      ,
697706,ke  ,ISC      ,6/25/1977,5:43:30 PM,27.5742,56.2124,15,TRUE,ISC      ,mb    ,4.6
697728,ke  ,ISC      ,6/26/1977,2:25:27 AM,27.4016,56.221,15,TRUE,ISC      ,mb    ,4.8
697819,ke  ,ISC      ,6/28/1977,3:44:53 AM,27.5053,56.2586,15,TRUE,ISC      ,mb    ,5
695700,ke  ,ISC      ,7/8/1977,10:14:34 PM,27.4558,56.2435,15,TRUE,ISC      ,mb    ,4.4
696422,ke  ,ISC      ,7/26/1977,1:18:00 AM,27.4739,56.491,24.8,,ISC      ,mb    ,4.8
694436,ke  ,ISC      ,8/12/1977,12:12:09 AM,26.8629,54.9545,17,TRUE,ISC      ,mb    ,4.2
694552,ke  ,ISC      ,8/15/1977,1:16:49 AM,27.5432,57.5014,25,TRUE,ISC      ,mb    ,4.2
695217,ke  ,ISC      ,8/28/1977,11:50:31 PM,27.9541,54.919,26,TRUE,ISC      ,mb    ,4.8
692827,ke  ,ISC      ,9/4/1977,10:14:25 PM,25.8302,56.6264,35,TRUE,         ,      ,
693191,ke  ,ISC      ,9/13/1977,12:16:05 AM,27.6734,56.5234,18,TRUE,ISC      ,mb    ,4.7
693311,ke  ,ISC      ,9/15/1977,4:04:47 PM,27.2911,56.55,18,TRUE,ISC      ,mb    ,4.4
693535,ke  ,ISC      ,9/20/1977,10:47:23 PM,27.5061,56.4592,18,TRUE,         ,      ,
692014,ke  ,ISC      ,10/19/1977,6:35:14 AM,27.7656,54.9678,40.7,,ISC      ,mb    ,5.6
689884,ke  ,ISC      ,11/4/1977,8:51:51 AM,28.0172,54.8599,26,TRUE,         ,      ,
690991,ke  ,ISC      ,11/26/1977,9:19:49 PM,27.6706,55.7913,10,TRUE,         ,      ,
688533,ke  ,ISC      ,12/1/1977,9:11:18 PM,27.6899,56.5095,18,TRUE,ISC      ,mb    ,5.1
688536,ke  ,ISC      ,12/1/1977,10:22:06 PM,27.5114,56.4505,35,TRUE,         ,      ,
688538,ke  ,ISC      ,12/1/1977,11:28:19 PM,27.8725,56.7137,28,TRUE,ISC      ,mb    ,4.8
688546,ke  ,ISC      ,12/2/1977,3:50:43 AM,27.7738,56.4627,10,TRUE,ISC      ,mb    ,4.4
688933,de  ,ISC      ,12/10/1977,5:46:23 AM,27.7189,56.6829,31.4,,ISC      ,mb    ,5.2
688979,ke  ,ISC      ,12/11/1977,8:11:23 AM,27.5125,56.6985,18,TRUE,ISC      ,mb    ,4.7
689586,ke  ,ISC      ,12/27/1977,9:28:06 PM,27.5216,56.0589,15,TRUE,         ,      ,
686359,ke  ,ISC      ,2/11/1978,9:40:12 PM,28.1275,55.4398,22,TRUE,ISC      ,mb    ,5.2
686462,ke  ,ISC      ,2/13/1978,6:41:49 PM,27.2964,56.5009,18,TRUE,ISC      ,mb    ,4.3
686864,ke  ,ISC      ,2/22/1978,8:18:00 PM,28.1375,56.8969,20.9,,ISC      ,mb    ,5.2
686918,ke  ,ISC      ,2/23/1978,11:24:50 PM,28.0447,56.8126,22.1,,ISC      ,mb    ,5.2
684461,ke  ,ISC      ,3/1/1978,9:53:48 AM,27.5464,56.5528,18,TRUE,ISC      ,mb    ,4.6
684543,ke  ,ISC      ,3/3/1978,12:58:39 PM,27.409,56.2566,18,TRUE,         ,      ,
685173,ke  ,ISC      ,3/19/1978,8:49:19 PM,27.7119,56.0505,16,TRUE,         ,      ,
683630,ke  ,ISC      ,4/11/1978,10:49:24 PM,27.4062,56.1794,15,TRUE,ISC      ,mb    ,4.7
681814,ke  ,ISC      ,5/4/1978,4:18:39 PM,27.9704,54.8016,17,TRUE,ISC      ,mb    ,4.6
682113,ke  ,ISC      ,5/11/1978,9:55:43 AM,28.0783,54.1243,26,TRUE,ISC      ,mb    ,4.4
682817,ke  ,ISC      ,5/26/1978,12:22:20 PM,27.486,56.4646,18,TRUE,ISC      ,mb    ,4.6
681062,ke  ,ISC      ,6/18/1978,7:26:28 PM,27.5718,56.6032,18,TRUE,ISC      ,mb    ,4.7
681329,ke  ,ISC      ,6/23/1978,6:54:30 AM,26.6171,56.0086,10,TRUE,ISC      ,mb    ,4
679664,ke  ,ISC      ,7/21/1978,6:40:49 PM,28.0982,57.7903,30,TRUE,ISC      ,mb    ,4.3
680123,ke  ,ISC      ,7/29/1978,8:08:40 AM,27.6428,56.1551,15,TRUE,ISC      ,mb    ,4.4
677522,ke  ,ISC      ,8/2/1978,6:54:29 AM,27.2951,55.9073,15,TRUE,ISC      ,mb    ,4.5
678626,ke  ,ISC      ,8/27/1978,8:18:08 PM,27.3621,55.9061,14,TRUE,ISC      ,mb    ,4.3
676397,ke  ,ISC      ,9/6/1978,1:00:53 PM,28.1681,57.1593,24,TRUE,ISC      ,mb    ,4.7
676540,ke  ,ISC      ,9/9/1978,10:38:00 PM,26.7155,56.6235,10,TRUE,ISC      ,mb    ,4.5
676541,ke  ,ISC      ,9/9/1978,10:44:40 PM,26.5619,56.8703,10,TRUE,         ,      ,
676676,ke  ,ISC      ,9/13/1978,2:58:48 AM,28.0931,54.0722,10,TRUE,         ,      ,
675286,ke  ,ISC      ,10/12/1978,6:54:35 AM,27.821,54.978,26,TRUE,ISC      ,mb    ,4.7
670660,ke  ,ISC      ,1/5/1979,8:00:19 PM,27.8867,55.6155,29.6,,ISC      ,mb    ,4.5
671055,ke  ,ISC      ,1/15/1979,12:27:02 PM,27.6112,56.6399,18,TRUE,ISC      ,mb    ,4.7
669134,ke  ,ISC      ,2/1/1979,12:23:23 AM,27.3792,57.958,10,TRUE,         ,      ,
669635,ke  ,ISC      ,2/11/1979,10:25:21 PM,27.8243,54.8072,40.6,,ISC      ,mb    ,4.9
667622,ke  ,ISC      ,3/4/1979,5:43:44 AM,28.3307,56.2079,31.2,,ISC      ,mb    ,5
667958,ke  ,ISC      ,3/11/1979,2:09:03 AM,27.2179,57.7379,25,TRUE,ISC      ,mb    ,4.5
667163,ke  ,ISC      ,4/25/1979,7:32:14 AM,27.6558,56.6879,13.9,,ISC      ,mb    ,4.7
665821,ke  ,ISC      ,5/28/1979,3:12:41 PM,26.855,55.7339,12,TRUE,ISC      ,mb    ,4.8
662702,ke  ,ISC      ,6/1/1979,11:38:40 PM,27.5383,54.951,20,TRUE,ISC      ,mb    ,4.6
663397,ke  ,ISC      ,6/14/1979,8:53:56 PM,26.5059,54.8634,17,TRUE,ISC      ,mb    ,4.4
661519,ke  ,ISC      ,7/8/1979,7:01:36 PM,27.8606,54.9214,20,TRUE,ISC      ,mb    ,4.3
661788,ke  ,ISC      ,7/15/1979,1:56:28 AM,28.1204,55.8837,10,TRUE,         ,      ,
662116,ke  ,ISC      ,7/21/1979,3:08:35 PM,28.0459,57.2876,30,TRUE,ISC      ,mb    ,4.5
662250,ke  ,ISC      ,7/23/1979,9:41:27 PM,27.5492,54.2538,25,TRUE,         ,      ,
660369,ke  ,ISC      ,8/14/1979,11:24:20 PM,28.1246,56.9967,24,TRUE,ISC      ,mb    ,4.8
660972,ke  ,ISC      ,8/27/1979,3:24:07 PM,27.8426,56.4948,34.4,,ISC      ,mb    ,4.6
659590,ke  ,ISC      ,9/29/1979,6:05:55 PM,26.6303,55.3252,10,TRUE,ISC      ,mb    ,4.4
659638,ke  ,ISC      ,9/30/1979,8:42:38 PM,27.8197,54.6578,29.2,,ISC      ,mb    ,4.8
656118,ke  ,ISC      ,11/25/1979,1:07:06 AM,26.2101,54.4073,10,TRUE,ISC      ,mb    ,4.7
652595,ke  ,ISC      ,1/11/1980,4:52:54 PM,26.3483,54.2903,10,TRUE,ISC      ,mb    ,4.5
650586,ke  ,ISC      ,2/1/1980,11:58:30 AM,27.6049,55.1706,20,TRUE,         ,      ,
651114,ke  ,ISC      ,2/13/1980,5:32:25 PM,28.2847,57.2736,30,TRUE,ISC      ,mb    ,4.8
651914,ke  ,ISC      ,2/28/1980,2:39:43 AM,27.8288,56.4959,18,TRUE,ISC      ,mb    ,4.1
646073,ke  ,ISC      ,5/22/1980,2:44:55 PM,25.3835,57.8643,10,TRUE,ISC      ,mb    ,4.4
646653,ke  ,ISC      ,5/28/1980,10:59:26 AM,28.4618,57.5877,43,TRUE,ISC      ,mb    ,4.8
642928,ke  ,ISC      ,6/4/1980,12:32:45 AM,27.3671,55.1579,17,TRUE,ISC      ,mb    ,4.3
643411,ke  ,ISC      ,6/11/1980,11:41:47 PM,28.0613,57.8205,30,TRUE,ISC      ,mb    ,4.5
643414,ke  ,ISC      ,6/12/1980,12:26:29 AM,26.3346,57.6078,35,TRUE,         ,      ,
642180,ke  ,ISC      ,7/20/1980,10:03:26 AM,27.3559,56.3533,15,TRUE,ISC      ,mb    ,4.7
640415,ke  ,ISC      ,8/21/1980,9:58:54 PM,26.0235,57.1908,10,TRUE,         ,      ,
640449,ke  ,ISC      ,8/22/1980,12:58:35 PM,27.1953,54.9359,10.2,,ISC      ,mb    ,4.9
638541,ke  ,ISC      ,9/10/1980,2:38:16 PM,27.9435,57.9513,57.1,,ISC      ,mb    ,4.6
638670,ke  ,ISC      ,9/13/1980,1:23:13 PM,26.7211,57.0294,10,TRUE,         ,      ,
636426,ke  ,ISC      ,10/1/1980,12:05:19 PM,27.9307,56.7363,10,TRUE,         ,      ,
637902,ke  ,ISC      ,10/28/1980,8:09:37 AM,27.9498,56.7805,28,TRUE,ISC      ,mb    ,4.5
635529,ke  ,ISC      ,11/15/1980,1:53:02 AM,27.5607,56.0086,15,TRUE,NEIS     ,mb    ,4
635656,ke  ,ISC      ,11/17/1980,6:26:31 PM,27.3797,56.1161,16.2,,ISC      ,mb    ,5.1
636288,fe  ,ISC      ,11/28/1980,9:15:30 PM,27.6264,56.5691,15.1,,ISC      ,mb    ,5.6
636341,ke  ,ISC      ,11/29/1980,3:36:04 PM,25.7781,57.3132,10,TRUE,         ,      ,
632177,ke  ,ISC      ,1/2/1981,4:01:24 AM,28.6548,56.2552,10,TRUE,         ,      ,
632346,ke  ,ISC      ,1/6/1981,7:23:42 AM,28.1812,56.5587,32.1,,ISC      ,mb    ,5.1
632975,ke  ,ISC      ,1/21/1981,8:12:35 AM,27.1807,56.0019,15,TRUE,ISC      ,mb    ,4.4
633162,ke  ,ISC      ,1/25/1981,11:20:16 PM,26.76,54.0085,24,TRUE,         ,      ,
633362,ke  ,ISC      ,1/30/1981,11:27:35 PM,27.5204,56.6449,18,TRUE,ISC      ,mb    ,4.4
633382,ke  ,ISC      ,1/31/1981,6:58:45 AM,27.318,56.1105,15,TRUE,ISC      ,mb    ,4.4
631456,ke  ,ISC      ,2/18/1981,2:32:59 PM,27.9431,55.7233,15,TRUE,         ,      ,
629582,ke  ,ISC      ,3/9/1981,5:26:54 AM,27.7874,55.287,26,TRUE,ISC      ,mb    ,4.5
628285,ke  ,ISC      ,4/16/1981,10:27:18 AM,27.7385,56.3971,24.6,,ISC      ,mb    ,5.4
626283,ke  ,ISC      ,5/7/1981,12:42:31 AM,26.7238,56.2142,10,TRUE,ISC      ,mb    ,4.6
626844,ke  ,ISC      ,5/18/1981,7:36:12 PM,27.1807,55.504,12,TRUE,ISC      ,mb    ,5
627055,ke  ,ISC      ,5/23/1981,2:28:44 PM,26.1958,55.8193,10,TRUE,ISC      ,mb    ,4.4
625951,ke  ,ISC      ,6/30/1981,3:18:01 AM,27.0315,55.3314,12,TRUE,ISC      ,mb    ,5
622994,fe  ,ISC      ,7/3/1981,3:52:00 AM,27.124,55.8923,12.4,,ISC      ,mb    ,5.3
624414,ke  ,ISC      ,7/28/1981,5:47:01 PM,28.6162,56.4396,35,TRUE,ISC      ,mb    ,4.6
624416,ke  ,ISC      ,7/28/1981,6:04:27 PM,29.9264,57.7695,15,TRUE,ISC      ,mb    ,4.8
624435,ke  ,ISC      ,7/28/1981,9:54:23 PM,29.9582,57.7562,20,TRUE,ISC      ,mb    ,4.9
610768,ke  ,ISC      ,9/1/1981,12:24:46 PM,27.5266,55.2201,12,TRUE,ISC      ,mb    ,4.6
610912,fe  ,ISC      ,9/3/1981,5:05:07 PM,27.5419,55.3738,17.7,,ISC      ,mb    ,5
611171,ke  ,ISC      ,9/8/1981,5:03:15 PM,28.4848,57.0295,31.4,,ISC      ,mb    ,4.7
611333,ke  ,ISC      ,9/12/1981,2:29:17 AM,27.7813,57.0117,28.8,,ISC      ,mb    ,5
611405,ke  ,ISC      ,9/13/1981,1:43:32 AM,27.4834,53.9797,57.7,,ISC      ,mb    ,4.7
612171,ke  ,ISC      ,9/27/1981,9:34:47 AM,28.0926,56.374,28,TRUE,ISC      ,mb    ,4.3
609029,ke  ,ISC      ,11/22/1981,5:22:54 PM,27.9123,55.3587,20,TRUE,ISC      ,mb    ,4.7
604948,ke  ,ISC      ,1/3/1982,7:25:15 AM,27.4525,56.6203,18,TRUE,ISC      ,mb    ,4.4
605237,ke  ,ISC      ,1/9/1982,5:09:46 AM,27.6405,56.3262,18,TRUE,ISC      ,mb    ,4.5
604803,ke  ,ISC      ,2/28/1982,1:42:05 PM,28.569,57.2372,31,TRUE,ISC      ,mb    ,4.5
601978,ke  ,ISC      ,3/8/1982,11:32:05 PM,28.1712,54.9038,26,TRUE,ISC      ,mb    ,4.3
602806,ke  ,ISC      ,3/23/1982,9:58:40 AM,27.5505,57.3039,35,TRUE,ISC      ,mb    ,4.7
597207,ke  ,ISC      ,6/14/1982,3:33:48 PM,30.0544,57.787,15,TRUE,ISC      ,mb    ,4.8
595191,ke  ,ISC      ,7/11/1982,1:19:50 PM,27.8423,56.345,28,TRUE,ISC      ,mb    ,5.4
595223,ke  ,ISC      ,7/12/1982,3:28:44 AM,28.8513,55.4539,10,TRUE,ISC      ,mb    ,4.6
596358,ke  ,ISC      ,7/31/1982,4:05:25 PM,28.4672,56.8504,35,TRUE,ISC      ,mb    ,4.7
594185,ke  ,ISC      ,8/22/1982,11:54:30 AM,27.113,55.5386,15,TRUE,ISC      ,mb    ,4.4
591621,ke  ,ISC      ,9/6/1982,3:50:40 PM,27.1185,56.088,14,TRUE,ISC      ,mb    ,4.3
592270,ke  ,ISC      ,9/19/1982,5:07:32 PM,27.6654,54.7512,26,TRUE,         ,      ,
590485,ke  ,ISC      ,10/15/1982,2:53:53 AM,28.1973,57.3652,43.5,,ISC      ,mb    ,4.9
588775,ke  ,ISC      ,11/10/1982,11:28:27 AM,26.6889,55.0293,17,TRUE,ISC      ,mb    ,4.7
586708,fe  ,ISC      ,12/12/1982,2:56:26 AM,27.3705,56.1649,15,TRUE,ISC      ,mb    ,4.6
585041,ke  ,ISC      ,1/17/1983,8:57:11 PM,27.7879,56.8461,18,TRUE,ISC      ,mb    ,5.1
586169,ke  ,ISC      ,1/31/1983,6:56:51 PM,28.8599,57.3362,102.3,,ISC      ,mb    ,5.2
582401,ke  ,ISC      ,2/7/1983,3:06:28 PM,26.9365,57.6405,23.3,,ISC      ,mb    ,5.6
583229,ke  ,ISC      ,2/20/1983,10:09:45 AM,27.116,55.6428,10,TRUE,ISC      ,mb    ,4.6
581862,ke  ,ISC      ,3/30/1983,4:30:37 PM,28.0842,56.3246,28,TRUE,ISC      ,mb    ,4.1
576342,ke  ,ISC      ,5/15/1983,11:16:14 AM,28.2913,56.4046,44,TRUE,ISC      ,mb    ,4.7
576681,ke  ,ISC      ,5/20/1983,8:37:55 PM,27.6689,56.5352,10,TRUE,ISC      ,mb    ,4.4
576746,ke  ,ISC      ,5/21/1983,4:09:31 PM,28.0367,57.0055,24,TRUE,         ,      ,
577589,ke  ,ISC      ,5/30/1983,11:19:11 PM,28.5002,54.6585,10,TRUE,         ,      ,
572001,fe  ,ISC      ,7/12/1983,11:34:19 AM,27.6202,56.5371,22.4,,ISC      ,mb    ,5.8
572002,ke  ,ISC      ,7/12/1983,11:41:26 AM,27.5832,56.6181,18,TRUE,ISC      ,mb    ,5.1
572003,ke  ,ISC      ,7/12/1983,11:54:00 AM,27.5951,56.4542,18,TRUE,ISC      ,mb    ,4.8
572022,ke  ,ISC      ,7/12/1983,6:02:02 PM,27.7798,56.358,28,TRUE,ISC      ,mb    ,4.5
572040,ke  ,ISC      ,7/13/1983,3:57:20 AM,28.861,56.928,10,TRUE,ISC      ,mb    ,4.5
572152,ke  ,ISC      ,7/15/1983,1:57:33 AM,28.0952,57.0371,42.9,,ISC      ,mb    ,5
572153,ke  ,ISC      ,7/15/1983,2:01:22 AM,28.3168,57.1959,13.4,,ISC      ,mb    ,5
572210,ke  ,ISC      ,7/16/1983,1:35:20 AM,27.2385,55.8909,10,TRUE,ISC      ,mb    ,4.6
572252,ke  ,ISC      ,7/16/1983,5:25:52 PM,27.6632,56.4621,28,TRUE,ISC      ,mb    ,4.7
569960,ke  ,ISC      ,8/9/1983,10:15:16 PM,27.8726,56.7924,24,TRUE,ISC      ,mb    ,4.5
569224,ke  ,ISC      ,9/29/1983,6:04:04 PM,27.6161,57.7889,10,TRUE,ISC      ,mb    ,4.2
566265,ke  ,ISC      ,10/8/1983,3:45:35 PM,28.1135,54.4457,17,TRUE,         ,      ,
566582,ke  ,ISC      ,10/14/1983,11:18:07 PM,26.8767,56.5487,10,TRUE,         ,      ,
567393,ke  ,ISC      ,10/29/1983,2:37:04 AM,28.4481,57.1099,31,TRUE,ISC      ,mb    ,4.9
562201,ke  ,ISC      ,12/2/1983,10:45:09 AM,27.7588,56.6393,28,TRUE,ISC      ,mb    ,4.8
560075,ke  ,ISC      ,2/29/1984,10:01:09 AM,26.8609,55.6208,35.4,,ISC      ,mb    ,5
557399,ke  ,ISC      ,3/20/1984,12:25:56 PM,26.6635,54.2179,18,TRUE,ISC      ,mb    ,4.8
557520,ke  ,ISC      ,3/21/1984,5:51:44 PM,26.8329,54.368,18,TRUE,ISC      ,mb    ,4.8
557521,ke  ,ISC      ,3/21/1984,6:11:52 PM,26.8647,54.3291,44.7,,ISC      ,mb    ,4.9
557524,ke  ,ISC      ,3/21/1984,6:26:14 PM,26.7014,54.1766,19,TRUE,ISC      ,mb    ,4.7
557526,ke  ,ISC      ,3/21/1984,6:40:53 PM,26.3032,54.3873,10,TRUE,ISC      ,mb    ,4.5
557551,ke  ,ISC      ,3/22/1984,12:22:05 AM,26.6695,54.2477,18,TRUE,ISC      ,mb    ,4.9
558154,ke  ,ISC      ,3/30/1984,3:15:10 AM,26.7046,54.2817,18,TRUE,ISC      ,mb    ,4.8
554986,ke  ,ISC      ,4/12/1984,11:19:07 AM,25.2727,55.9684,8,TRUE,ISC      ,mb    ,4.4
555087,ke  ,ISC      ,4/13/1984,9:44:13 PM,27.4171,55.5333,15,TRUE,ISC      ,mb    ,4.6
555614,ke  ,ISC      ,4/22/1984,1:39:33 PM,27.6017,56.6424,27.8,,ISC      ,mb    ,5
555860,ke  ,ISC      ,4/25/1984,6:34:50 PM,28.0838,57.7346,10,TRUE,NEIS     ,mb    ,4.1
552814,ke  ,ISC      ,5/11/1984,10:24:07 PM,27.6721,56.0442,15,TRUE,ISC      ,mb    ,4.2
549453,ke  ,ISC      ,7/22/1984,12:27:01 PM,27.6027,54.9868,20,TRUE,NEIS     ,mb    ,4
543173,ke  ,ISC      ,9/6/1984,10:21:06 PM,26.1364,54.3788,24,,ISC      ,mb    ,5
543213,ke  ,ISC      ,9/7/1984,11:10:19 AM,28.1166,55.1539,26,TRUE,ISC      ,mb    ,4.7
543518,ke  ,ISC      ,9/10/1984,9:16:04 PM,28.4871,56.8113,31,TRUE,ISC      ,mb    ,4.7
539159,ke  ,ISC      ,11/15/1984,6:19:15 AM,28.1207,57.0503,24,TRUE,ISC      ,mb    ,4.8
539341,ke  ,ISC      ,11/18/1984,12:51:02 AM,27.1294,56.582,10,TRUE,ISC      ,mb    ,4.3
536057,ke  ,ISC      ,12/6/1984,11:31:16 AM,27.387,55.6809,15,TRUE,ISC      ,mb    ,4.7
537194,fe  ,ISC      ,12/22/1984,4:05:13 PM,27.7762,54.4751,26.2,,ISC      ,mb    ,5.2
537291,ke  ,ISC      ,12/24/1984,6:03:45 AM,27.538,54.4998,25,TRUE,         ,      ,
537691,ke  ,ISC      ,12/29/1984,10:57:02 AM,27.8731,54.4475,12,,ISC      ,mb    ,4.5
527889,fe  ,ISC      ,4/19/1985,7:45:16 AM,27.5406,56.277,18,TRUE,ISC      ,mb    ,4.4
528284,ke  ,ISC      ,4/23/1985,10:45:38 PM,27.9948,57.605,30,TRUE,NEIC     ,mb    ,4.4
525252,ke  ,ISC      ,5/17/1985,5:01:22 PM,26.5225,57.316,10,TRUE,ISC      ,mb    ,4.8
519601,ke  ,ISC      ,7/4/1985,11:38:06 PM,27.6325,56.2785,18,TRUE,ISC      ,mb    ,4.5
512224,ke  ,ISC      ,10/1/1985,9:48:43 AM,28.3518,56.947,31,TRUE,ISC      ,mb    ,4.6
512793,fe  ,ISC      ,10/7/1985,10:39:59 AM,26.7338,54.3008,18,TRUE,         ,      ,
513004,de  ,ISC      ,10/10/1985,10:19:55 AM,26.6382,54.8738,28.5,,ISC      ,mb    ,5.2
509986,fe  ,ISC      ,11/1/1985,10:36:23 PM,27.7318,56.595,18,TRUE,ISC      ,mb    ,4.8
510035,ke  ,ISC      ,11/2/1985,3:49:27 PM,27.5255,56.3145,18,TRUE,ISC      ,mb    ,4.6
510936,fe  ,ISC      ,11/16/1985,1:56:24 AM,27.5578,56.4279,18,TRUE,ISC      ,mb    ,4.5
509894,ke  ,ISC      ,12/31/1985,11:51:04 AM,27.6884,54.5138,17,TRUE,ISC      ,mb    ,4.6
503096,ke  ,ISC      ,2/8/1986,6:27:41 AM,27.923,54.2776,17,TRUE,         ,      ,
500520,ke  ,ISC      ,3/15/1986,1:06:13 AM,26.5081,57.3638,10,TRUE,ISC      ,mb    ,4.3
501757,de  ,ISC      ,3/25/1986,1:32:34 AM,26.6277,54.8729,30.8,,ISC      ,mb    ,5.1
497334,fe  ,ISC      ,4/3/1986,2:49:30 AM,26.9444,56.3187,10,TRUE,ISC      ,mb    ,4.7
494908,ke  ,ISC      ,5/7/1986,5:54:36 PM,26.7786,57.6787,25,TRUE,ISC      ,mb    ,4.6
493620,ke  ,ISC      ,6/21/1986,1:23:16 AM,28.1436,55.5271,22,TRUE,ISC      ,mb    ,4.4
491105,ke  ,ISC      ,7/19/1986,9:12:23 AM,28.2594,56.8292,47.8,,ISC      ,mb    ,4.9
491662,ke  ,ISC      ,7/25/1986,10:08:08 AM,27.9947,57.2988,39.9,,ISC      ,mb    ,5.3
488208,ke  ,ISC      ,8/8/1986,8:31:29 AM,27.6276,57.9355,44.7,,ISC      ,mb    ,5
488273,ke  ,ISC      ,8/9/1986,6:37:25 AM,26.7019,55.0867,24.1,,ISC      ,mb    ,5.2
489269,ke  ,ISC      ,8/24/1986,4:00:38 AM,28.4703,56.2811,44,TRUE,ISC      ,mb    ,4.7
489674,ke  ,ISC      ,8/30/1986,2:08:50 PM,28.1062,54.4713,17,TRUE,ISC      ,mb    ,4.3
486749,ke  ,ISC      ,9/18/1986,12:12:03 AM,26.5832,54.5555,14.4,,ISC      ,mb    ,4.7
487449,ke  ,ISC      ,9/27/1986,9:04:45 PM,28.071,55.8434,16,TRUE,ISC      ,mb    ,4.3
483037,fe  ,ISC      ,10/6/1986,2:21:48 AM,26.5377,54.5887,60,,ISC      ,mb    ,5.1
479756,ke  ,ISC      ,11/3/1986,7:39:50 AM,27.2875,54.9465,20,TRUE,ISC      ,mb    ,4.2
478497,ke  ,ISC      ,12/14/1986,9:09:19 AM,27.3825,54.2882,25,TRUE,ISC      ,mb    ,4.8
478659,ke  ,ISC      ,12/16/1986,11:16:32 PM,27.4883,54.2112,25,TRUE,ISC      ,mb    ,4.5
476239,ke  ,ISC      ,1/9/1987,4:23:12 PM,27.9428,57.1365,24,TRUE,ISC      ,mb    ,4.3
474875,ke  ,ISC      ,2/18/1987,8:46:55 PM,25.9404,57.3373,10,TRUE,ISC      ,mb    ,4.6
472575,ke  ,ISC      ,3/20/1987,11:15:14 AM,26.3353,56.7092,10,TRUE,ISC      ,mb    ,4.4
469034,fe  ,ISC      ,4/12/1987,4:50:28 AM,28.1988,56.8904,31,TRUE,ISC      ,mb    ,4.5
469705,ke  ,ISC      ,4/22/1987,2:42:43 AM,27.258,53.7246,10,TRUE,NEIC     ,mb    ,3.8
470181,fe  ,ISC      ,4/28/1987,10:41:33 PM,27.4445,56.0557,15,TRUE,ISC      ,mb    ,4.5
470192,fe  ,ISC      ,4/29/1987,1:45:27 AM,27.3986,56.1135,27.3,,ISC      ,mb    ,6
466754,fe  ,ISC      ,5/12/1987,7:15:13 AM,28.109,55.5253,24.4,,ISC      ,mb    ,5.3
466755,ke  ,ISC      ,5/12/1987,7:28:28 AM,28.2406,55.5643,22,TRUE,ISC      ,mb    ,4.4
466792,ke  ,ISC      ,5/12/1987,6:18:04 PM,28.2046,55.6165,22,TRUE,ISC      ,mb    ,4.6
466915,ke  ,ISC      ,5/14/1987,10:11:16 AM,27.3318,56.0669,15,TRUE,ISC      ,mb    ,4.6
467189,ke  ,ISC      ,5/16/1987,6:30:49 PM,26.9743,56.8134,10,TRUE,NEIC     ,mb    ,3.9
468168,ke  ,ISC      ,5/31/1987,9:34:15 AM,27.7621,55.924,16,TRUE,ISC      ,mb    ,4
463349,ke  ,ISC      ,6/1/1987,1:48:53 PM,28.3675,55.5238,22,TRUE,NEIC     ,mb    ,3.9
464243,ke  ,ISC      ,6/13/1987,1:06:57 PM,28.4778,54.5906,10,TRUE,ISC      ,mb    ,3.9
464470,ke  ,ISC      ,6/16/1987,5:27:52 PM,28.3527,57.2543,35,TRUE,ISC      ,mb    ,4.8
464639,ke  ,ISC      ,6/18/1987,5:22:37 PM,28.5393,54.317,10,TRUE,ISC      ,mb    ,4.4
460766,ke  ,ISC      ,8/27/1987,11:43:12 PM,28.1519,56.3265,28,TRUE,ISC      ,mb    ,4.2
458090,ke  ,ISC      ,9/21/1987,10:08:34 AM,28.217,57.0327,31,TRUE,ISC      ,mb    ,4.3
458162,ke  ,ISC      ,9/22/1987,2:24:25 PM,27.5987,55.1924,15,TRUE,ISC      ,mb    ,4.6
455293,ke  ,ISC      ,10/13/1987,7:08:02 AM,27.9223,54.402,17,TRUE,ISC      ,mb    ,4.3
456411,ke  ,ISC      ,10/28/1987,9:47:24 PM,27.5747,56.3745,18,TRUE,ISC      ,mb    ,4.8
452210,ke  ,ISC      ,11/4/1987,11:48:43 PM,26.7884,56.7017,10,TRUE,NEIC     ,mb    ,4.4
453898,ke  ,ISC      ,11/25/1987,10:53:31 PM,28.0841,56.6522,28,TRUE,ISC      ,mb    ,4.8
451010,fe  ,ISC      ,12/18/1987,4:24:06 PM,28.13,56.7114,29.9,,ISC      ,mb    ,5.9
451026,fe  ,ISC      ,12/18/1987,8:54:35 PM,28.1131,56.5555,32.4,,ISC      ,mb    ,4.7
447921,ke  ,ISC      ,1/14/1988,7:05:02 PM,27.1132,56.0596,15,TRUE,ISC      ,mb    ,4.8
445328,ke  ,ISC      ,2/11/1988,6:16:41 AM,27.7689,54.7513,20,TRUE,NEIC     ,mb    ,4.3
445628,ke  ,ISC      ,2/15/1988,10:42:55 AM,27.0288,56.9815,10,TRUE,NEIC     ,mb    ,4.3
445771,ke  ,ISC      ,2/17/1988,10:09:22 AM,27.7093,54.2855,17,TRUE,ISC      ,mb    ,4.7
445867,ke  ,ISC      ,2/18/1988,6:14:11 PM,27.4637,54.4179,25,TRUE,ISC      ,mb    ,4.3
446273,ke  ,ISC      ,2/23/1988,6:41:09 AM,27.299,53.2569,31.5,,ISC      ,mb    ,4.9
444366,ke  ,ISC      ,3/29/1988,8:01:19 AM,27.9301,55.9925,16,TRUE,NEIC     ,mb    ,4.1
444562,ke  ,ISC      ,3/31/1988,9:28:31 PM,33.6309,58.9798,10,TRUE,ISC      ,mb    ,4.5
438740,ke  ,ISC      ,5/24/1988,8:13:42 AM,27.8092,56.5326,28,TRUE,ISC      ,mb    ,4.4
434890,fe  ,ISC      ,6/9/1988,12:09:51 AM,28.2802,56.8365,31,TRUE,ISC      ,mb    ,5
435302,ke  ,ISC      ,6/13/1988,9:31:46 PM,28.1809,56.8049,24,TRUE,ISC      ,mb    ,4.7
432550,ke  ,ISC      ,7/26/1988,11:59:26 PM,28.2142,57.2744,30,TRUE,ISC      ,mb    ,4.7
430216,ke  ,ISC      ,8/28/1988,7:51:14 PM,26.7721,55.9267,19.7,,ISC      ,mb    ,4.9
430327,ke  ,ISC      ,8/30/1988,2:48:39 PM,28.3093,56.3128,44,TRUE,ISC      ,mb    ,4.3
425960,ke  ,ISC      ,9/23/1988,1:02:59 AM,27.275,57.2369,35,TRUE,ISC      ,mb    ,4.7
422030,ke  ,ISC      ,10/5/1988,9:05:41 PM,27.1453,55.9659,15,TRUE,ISC      ,mb    ,4.5
422153,ke  ,ISC      ,10/7/1988,2:48:19 PM,27.7459,56.4755,28,TRUE,ISC      ,mb    ,4.4
422221,ke  ,ISC      ,10/8/1988,4:08:34 PM,27.9703,54.1165,26,TRUE,NEIC     ,mb    ,4.1
424306,ke  ,ISC      ,10/31/1988,4:15:21 AM,28.365,54.9345,26,TRUE,ISC      ,mb    ,4
420517,fe  ,ISC      ,11/15/1988,3:26:24 AM,27.8005,54.1534,23,TRUE,ISC      ,mb    ,4.5
414152,ke  ,ISC      ,1/1/1989,2:01:27 PM,27.3067,54.3506,18,TRUE,ISC      ,mb    ,4.5
414162,de  ,ISC      ,1/1/1989,3:56:01 PM,27.0694,54.1548,19,TRUE,ISC      ,mb    ,4.6
415228,fe  ,ISC      ,1/13/1989,2:26:27 PM,27.7383,54.2008,49.3,,ISC      ,mb    ,4.8
412689,ke  ,ISC      ,2/13/1989,2:23:02 PM,27.3316,54.2347,25,TRUE,ISC      ,mb    ,4.6
413557,ke  ,ISC      ,2/22/1989,3:31:26 PM,27.5419,57.6985,10,TRUE,ISC      ,mb    ,4.2
409977,ke  ,ISC      ,3/13/1989,7:37:21 AM,28.0746,55.2979,26,TRUE,ISC      ,mb    ,4.4
410952,ke  ,ISC      ,3/23/1989,6:57:50 PM,27.8242,56.8446,35,TRUE,ISC      ,mb    ,4.5
406318,ke  ,ISC      ,4/2/1989,6:42:04 AM,28.1028,57.1463,29.3,,ISC      ,mb    ,5.4
403755,ke  ,ISC      ,5/4/1989,2:34:49 PM,27.8053,56.3147,28,TRUE,NEIC     ,mb    ,4
403360,ke  ,ISC      ,6/30/1989,7:04:08 PM,28.0985,55.2547,22,TRUE,ISC      ,mb    ,4.4
394489,ke  ,ISC      ,8/7/1989,11:32:18 PM,26.6335,54.8761,17,TRUE,NEIC     ,mb    ,3.9
395630,fe  ,ISC      ,8/21/1989,4:48:48 AM,27.9684,54.1213,26,TRUE,ISC      ,mb    ,3.8
384007,ke  ,ISC      ,12/16/1989,12:57:09 PM,26.1185,59.1609,10,TRUE,ISC      ,mb    ,4.2
382178,ke  ,ISC      ,1/25/1990,8:28:04 AM,27.3308,54.5224,10,TRUE,NEIC     ,mb    ,3.9
377605,ke  ,ISC      ,2/4/1990,8:34:44 PM,28.0652,57.7085,42.9,,ISC      ,mb    ,4.8
375230,ke  ,ISC      ,3/10/1990,5:05:11 PM,28.1015,56.4869,28,TRUE,ISC      ,mb    ,4.3
376396,ke  ,ISC      ,3/22/1990,5:53:29 PM,28.3102,57.4184,43,TRUE,ISC      ,mb    ,4.5
372124,ke  ,ISC      ,4/11/1990,9:52:32 AM,27.4734,56.1627,18,TRUE,ISC      ,mb    ,4.2
373173,ke  ,ISC      ,4/21/1990,1:01:08 PM,28.2043,55.5826,22,TRUE,ISC      ,mb    ,4.5
362328,ke  ,ISC      ,7/11/1990,12:39:22 AM,28.1321,56.9848,28.4,,ISC      ,mb    ,4.8
362981,ke  ,ISC      ,7/16/1990,6:10:38 PM,28.2412,57.0489,31,TRUE,ISC      ,mb    ,4.5
363464,ke  ,ISC      ,7/20/1990,6:30:52 PM,27.7209,55.1714,15,TRUE,NEIC     ,mb    ,3.9
359758,ke  ,ISC      ,8/16/1990,11:52:16 PM,27.9812,56.7636,24,TRUE,ISC      ,mb    ,4.7
361264,ke  ,ISC      ,8/31/1990,3:43:01 PM,27.3902,53.8864,29.6,,ISC      ,mb    ,4.7
357489,ke  ,ISC      ,9/24/1990,7:51:52 PM,28.0688,57.0193,24,TRUE,ISC      ,mb    ,4.7
357682,ke  ,ISC      ,9/26/1990,8:16:24 PM,26.6913,57.6018,35,TRUE,ISC      ,mb    ,4.6
357795,ke  ,ISC      ,9/28/1990,2:13:35 AM,27.6176,54.4211,25,TRUE,NEIC     ,mb    ,3.9
354575,ke  ,ISC      ,10/25/1990,2:15:29 PM,28.2663,54.1721,29,,ISC      ,mb    ,4.8
349823,de  ,ISC      ,11/6/1990,6:45:56 PM,28.2609,55.4701,22.3,,ISC      ,mb    ,6.2
349824,fe  ,ISC      ,11/6/1990,7:30:21 PM,28.1309,55.3778,18,,ISC      ,mb    ,5.4
349853,ke  ,ISC      ,11/7/1990,4:09:03 AM,28.3014,55.1729,26,TRUE,ISC      ,mb    ,4.2
349944,ke  ,ISC      ,11/8/1990,5:10:12 AM,28.4116,55.1551,26,TRUE,NEIC     ,mb    ,4.1
350007,ke  ,ISC      ,11/8/1990,11:18:24 PM,28.1986,55.2421,22,TRUE,NEIC     ,mb    ,4
350265,ke  ,ISC      ,11/11/1990,7:11:33 PM,28.5761,55.612,22,TRUE,NEIC     ,mb    ,3.9
350269,ke  ,ISC      ,11/11/1990,8:56:38 PM,28.2716,55.6156,22,TRUE,ISC      ,mb    ,4.2
350276,ke  ,ISC      ,11/11/1990,10:19:47 PM,28.1992,55.8411,16,TRUE,NEIC     ,mb    ,4
350280,ke  ,ISC      ,11/11/1990,10:45:05 PM,28.3239,55.0878,26,TRUE,NEIC     ,mb    ,4.4
350292,ke  ,ISC      ,11/12/1990,1:35:34 AM,27.9988,56.1652,35,TRUE,NEIC     ,mb    ,3.9
350574,ke  ,NEIC     ,11/14/1990,4:40:51 PM,27.569,55.939,33,,NEIC     ,mb    ,4.1
351159,ke  ,ISC      ,11/21/1990,3:42:38 AM,28.4727,55.4488,22,TRUE,ISC      ,mb    ,4.6
346387,ke  ,ISC      ,12/5/1990,6:36:24 PM,27.3217,56.5927,18,TRUE,ISC      ,mb    ,4.6
346805,ke  ,ISC      ,12/8/1990,9:22:43 PM,27.8541,55.0832,26,TRUE,NEIC     ,mb    ,4.3
346906,ke  ,ISC      ,12/10/1990,1:27:28 AM,28.0815,56.9471,23.8,,ISC      ,mb    ,5
348796,ke  ,ISC      ,12/26/1990,4:18:00 PM,27.5291,56.5318,18,TRUE,ISC      ,mb    ,4.6
349029,ke  ,ISC      ,12/29/1990,7:36:31 AM,28.3581,55.331,22,TRUE,ISC      ,mb    ,4.7
349084,ke  ,ISC      ,12/29/1990,7:32:37 PM,26.7283,54.7945,17,TRUE,NEIC     ,mb    ,4.3
349090,ke  ,ISC      ,12/29/1990,9:05:48 PM,26.7218,55.071,12,TRUE,ISC      ,mb    ,4.3
345925,ke  ,ISC      ,1/30/1991,11:42:13 PM,27.4055,55.5614,15,TRUE,ISC      ,mb    ,4.8
335126,ke  ,ISC      ,4/11/1991,4:02:14 PM,27.5054,56.5859,18,TRUE,ISC      ,mb    ,4.9
335511,ke  ,ISC      ,4/15/1991,6:10:06 PM,27.8564,55.0442,26,TRUE,ISC      ,mb    ,4.2
336690,ke  ,ISC      ,4/26/1991,5:07:17 PM,28.1179,55.24,22,TRUE,ISC      ,mb    ,4.2
331345,ke  ,ISC      ,5/7/1991,12:15:00 AM,27.8588,55.7623,62.4,,ISC      ,mb    ,4.4
332865,ke  ,ISC      ,5/20/1991,8:54:05 PM,27.7395,56.3361,18,TRUE,ISC      ,mb    ,4.7
332992,fe  ,ISC      ,5/22/1991,3:31:25 AM,27.7098,54.2946,23.8,,ISC      ,mb    ,4.7
333044,fe  ,ISC      ,5/22/1991,4:29:04 PM,27.3507,55.7883,26.4,,ISC      ,mb    ,5.7
333809,ke  ,ISC      ,5/29/1991,11:52:20 PM,26.7213,53.7729,24,TRUE,NEIC     ,mb    ,3.9
329961,ke  ,ISC      ,6/24/1991,6:10:06 AM,27.6792,56.6572,18,TRUE,ISC      ,mb    ,4.9
324836,ke  ,ISC      ,7/4/1991,10:17:48 AM,28.104,57.2518,30,TRUE,ISC      ,mb    ,4.9
322627,ke  ,ISC      ,8/12/1991,10:55:26 PM,27.6508,54.4996,42,,ISC      ,mb    ,4.6
318822,ke  ,ISC      ,9/4/1991,2:28:33 PM,28.2123,55.6295,22,TRUE,NEIC     ,mb    ,4.1
320386,ke  ,ISC      ,9/19/1991,6:56:27 AM,28.2556,55.2691,10,TRUE,ISC      ,mb    ,4.5
320394,ke  ,ISC      ,9/19/1991,8:13:39 AM,28.5282,55.1552,10,TRUE,ISC      ,mb    ,4
318073,fe  ,ISC      ,10/29/1991,4:21:57 AM,27.3367,55.813,15,TRUE,ISC      ,mb    ,4.8
313979,ke  ,ISC      ,11/18/1991,10:18:03 PM,28.2917,55.1897,26,,ISC      ,mb    ,4.6
314200,ke  ,ISC      ,11/21/1991,12:09:14 PM,28.0457,57.3803,30,TRUE,ISC      ,mb    ,3.9
310510,ke  ,ISC      ,12/14/1991,10:30:13 AM,27.7104,56.3279,18,TRUE,ISC      ,mb    ,4.5
311085,ke  ,ISC      ,12/19/1991,6:55:21 PM,28.022,57.2291,41.1,,ISC      ,mb    ,5.4
311569,ke  ,ISC      ,12/24/1991,4:39:33 AM,27.8982,55.6712,22,TRUE,ISC      ,mb    ,3.9
304421,ke  ,ISC      ,2/18/1992,9:56:28 PM,27.9805,55.879,16,TRUE,ISC      ,mb    ,3.9
298408,ke  ,ISC      ,3/3/1992,6:35:04 PM,28.0542,57.1258,45.3,,ISC      ,mb    ,4.8
299868,ke  ,ISC      ,3/15/1992,2:09:29 PM,26.7911,54.8756,17,TRUE,ISC      ,mb    ,3.7
301534,ke  ,ISC      ,3/27/1992,11:18:08 AM,28.1654,55.4637,33,,ISC      ,mb    ,4.9
292179,fe  ,ISC      ,5/19/1992,12:25:00 PM,28.2031,55.623,38.4,,ISC      ,mb    ,5.7
279828,ke  ,ISC      ,7/1/1992,2:12:11 AM,28.0954,55.3563,45.5,,ISC      ,mb    ,4.3
281111,ke  ,ISC      ,7/9/1992,12:44:57 AM,28.1705,55.2683,22,TRUE,ISC      ,mb    ,4.3
284424,ke  ,ISC      ,7/27/1992,9:48:37 AM,27.9809,57.8702,10,TRUE,ISC      ,mb    ,4.5
285020,ke  ,ISC      ,7/31/1992,2:43:44 AM,27.0012,53.8437,19,TRUE,ISC      ,mb    ,4.2
273655,ke  ,ISC      ,9/19/1992,5:31:08 AM,28.204,56.812,24,TRUE,ISC      ,mb    ,4.2
274767,ke  ,ISC      ,9/27/1992,12:12:16 AM,27.8059,54.2152,17,TRUE,ISC      ,mb    ,4.5
247142,ke  ,ISC      ,2/9/1993,8:10:37 PM,27.2972,56.1128,12.8,,ISC      ,mb    ,4.5
248130,ke  ,ISC      ,2/16/1993,12:30:47 AM,28.2278,55.5582,22,TRUE,ISC      ,mb    ,4.2
249119,ke  ,ISC      ,2/23/1993,4:29:06 AM,26.9911,54.6248,18,TRUE,ISC      ,mb    ,3.9
243152,ke  ,ISC      ,3/14/1993,9:23:17 PM,26.9123,57.8546,10,TRUE,ISC      ,mb    ,4.6
238279,ke  ,ISC      ,4/12/1993,2:00:41 PM,28.2131,57.1099,27.9,,ISC      ,mb    ,5.3
239061,ke  ,ISC      ,4/17/1993,5:52:13 PM,27.4742,55.8238,15,TRUE,ISC      ,mb    ,4.5
240252,ke  ,ISC      ,4/24/1993,8:30:10 PM,26.9203,57.7717,25.4,,ISC      ,mb    ,4.8
230553,ke  ,ISC      ,5/2/1993,4:12:07 PM,27.0493,57.8472,11.9,,ISC      ,mb    ,4.7
233173,ke  ,ISC      ,5/19/1993,4:03:35 AM,26.812,54.6343,18,TRUE,ISC      ,mb    ,4.6
233481,ke  ,ISC      ,5/20/1993,7:58:53 PM,27.1061,54.5678,18,TRUE,ISC      ,mb    ,4.7
236129,ke  ,ISC      ,5/31/1993,12:05:28 AM,28.6733,55.4048,22,TRUE,ISC      ,mb    ,4.1
230146,ke  ,ISC      ,6/30/1993,2:14:45 AM,28.9963,57.3094,10,TRUE,ISC      ,mb    ,4.3
218747,ke  ,ISC      ,7/9/1993,10:29:26 AM,28.3505,55.3478,44,,ISC      ,mb    ,5.3
218748,ke  ,ISC      ,7/9/1993,10:36:07 AM,28.167,55.8809,22.7,,ISC      ,mb    ,5
219050,ke  ,ISC      ,7/11/1993,7:38:29 AM,26.9884,54.9195,17,TRUE,ISC      ,mb    ,4.1
219549,ke  ,ISC      ,7/12/1993,10:13:25 PM,28.1471,56.8493,31,TRUE,ISC      ,mb    ,4.5
222230,ke  ,ISC      ,7/18/1993,3:05:57 AM,27.5716,55.8381,15,TRUE,ISC      ,mb    ,4.3
215602,ke  ,ISC      ,8/21/1993,3:41:14 PM,27.301,56.0862,18.6,,ISC      ,mb    ,4.3
205758,ke  ,ISC      ,9/2/1993,12:16:08 PM,27.5269,54.4868,25,TRUE,ISC      ,mb    ,4.2
207133,ke  ,ISC      ,9/10/1993,1:03:21 PM,27.2976,54.7099,17,TRUE,         ,      ,
195924,ke  ,ISC      ,11/1/1993,6:42:04 AM,27.8099,57.3833,52.6,,ISC      ,mb    ,4.4
195926,ke  ,ISC      ,11/1/1993,6:46:37 AM,28.4014,57.7068,30.3,,ISC      ,mb    ,4.5
198335,ke  ,ISC      ,11/16/1993,1:32:30 AM,26.6158,54.9436,17,TRUE,ISC      ,mb    ,4.3
192031,ke  ,ISC      ,12/5/1993,12:11:01 AM,28.1862,55.2862,22,TRUE,ISC      ,mb    ,4.4
195743,ke  ,ISC      ,12/31/1993,2:11:24 AM,28.2876,55.406,22,TRUE,ISC      ,mb    ,4.1
187243,ke  ,ISC      ,1/1/1994,5:10:48 AM,28.0731,55.5525,10,TRUE,ISC      ,mb    ,4.8
180105,ke  ,ISC      ,3/3/1994,2:56:49 PM,27.6841,57.4705,10.3,,ISC      ,mb    ,4.7
175972,ke  ,ISC      ,4/1/1994,2:24:59 PM,28.9246,52.6526,15.6,,ISC      ,mb    ,4.6
177684,ke  ,ISC      ,4/14/1994,11:03:42 AM,28.3339,55.3932,16.6,,ISC      ,mb    ,5.2
177691,ke  ,ISC      ,4/14/1994,11:26:38 AM,28.1701,55.3233,15.8,,ISC      ,mb    ,4.6
178372,ke  ,ISC      ,4/20/1994,12:05:11 AM,28.2157,55.2903,25.7,,ISC      ,mb    ,4.8
178578,ke  ,ISC      ,4/21/1994,11:50:33 AM,27.2709,54.3996,25,TRUE,ISC      ,mb    ,4.7
169277,fe  ,ISC      ,6/14/1994,3:33:32 PM,27.504,54.3806,23,TRUE,ISC      ,mb    ,4.1
162815,fe  ,ISC      ,7/1/1994,1:05:55 PM,27.636,56.4857,28.5,,ISC      ,mb    ,4.9
164117,ke  ,ISC      ,7/11/1994,12:45:22 AM,28.1557,56.8792,24,TRUE,ISC      ,mb    ,4.4
164673,ke  ,ISC      ,7/14/1994,8:13:52 PM,28.0897,55.502,22,TRUE,ISC      ,mb    ,4.6
159165,ke  ,ISC      ,8/6/1994,9:02:17 PM,26.9587,54.4204,22.3,,ISC      ,mb    ,5.3
159226,ke  ,ISC      ,8/7/1994,6:32:53 AM,26.9135,54.4654,18,TRUE,ISC      ,mb    ,4.7
159596,de  ,ISC      ,8/10/1994,2:11:16 AM,26.99,54.4123,31.1,,ISC      ,mb    ,4.8
159749,fe  ,ISC      ,8/11/1994,6:46:33 AM,26.9357,54.5177,21.6,,ISC      ,mb    ,5.2
156450,ke  ,ISC      ,9/17/1994,8:57:52 AM,26.3622,55.6242,10,TRUE,ISC      ,mb    ,4.7
156556,ke  ,ISC      ,9/18/1994,1:26:18 AM,28.8658,57.6067,10,TRUE,NEIC     ,mb    ,3.9
156788,ke  ,ISC      ,9/20/1994,12:01:38 AM,28.1894,54.2412,35,TRUE,ISC      ,mb    ,3.8
144964,ke  ,ISC      ,10/1/1994,8:25:14 AM,27.0964,57.5603,26.1,,ISC      ,mb    ,5.1
153434,ke  ,ISC      ,10/28/1994,11:41:06 PM,26.5624,56.5784,10,TRUE,ISC      ,mb    ,4.3
142617,ke  ,ISC      ,11/19/1994,2:18:00 AM,27.584,56.9538,21.4,,ISC      ,mb    ,4.5
134523,ke  ,ISC      ,12/13/1994,5:33:24 PM,27.159,54.8664,22.2,,ISC      ,mb    ,4.9
122485,ke  ,ISC      ,1/3/1995,11:21:45 AM,27.6373,56.2731,26.2,,ISC      ,mb    ,4.5
122612,ke  ,ISC      ,1/4/1995,2:22:14 AM,27.498,56.6197,28.1,,ISC      ,mb    ,4.5
122745,ke  ,ISC      ,1/5/1995,2:56:54 AM,27.6406,55.1697,20,TRUE,ISC      ,mb    ,4
125047,ke  ,ISC      ,1/17/1995,6:03:59 AM,27.3427,55.3368,25.4,,ISC      ,mb    ,4.5
126368,de  ,ISC      ,1/24/1995,4:14:27 AM,27.4078,55.645,30.9,,ISC      ,mb    ,4.9
126371,ke  ,ISC      ,1/24/1995,4:52:09 AM,27.5855,55.4792,15,TRUE,ISC      ,mb    ,4
126376,ke  ,ISC      ,1/24/1995,6:58:55 AM,27.1493,55.4768,12,TRUE,ISC      ,mb    ,4.5
126428,ke  ,EIDC     ,1/24/1995,3:38:05 PM,27.38,56.08,0,,EIDC     ,mb    ,4
126924,ke  ,ISC      ,1/27/1995,9:07:56 PM,28.1123,56.8142,24,TRUE,ISC      ,mb    ,4.7
126944,ke  ,ISC      ,1/27/1995,11:04:06 PM,28.0663,56.8128,24,TRUE,ISC      ,mb    ,4.3
127210,ke  ,ISC      ,1/29/1995,6:08:08 PM,28.0637,57.3908,30,TRUE,ISC      ,mb    ,4.5
116247,ke  ,ISC      ,2/1/1995,1:06:05 PM,28.1551,56.4501,28,TRUE,ISC      ,mb    ,4.6
117502,ke  ,ISC      ,2/6/1995,5:25:07 PM,28.4375,56.9633,19.9,,ISC      ,mb    ,4.7
113705,ke  ,ISC      ,3/14/1995,2:26:24 AM,28.1557,57.1384,24,TRUE,ISC      ,mb    ,4.4
114066,ke  ,ISC      ,3/16/1995,4:20:00 PM,26.7855,54.5773,18,TRUE,ISC      ,mb    ,4
302232317,ke  ,EIDC     ,4/17/1995,7:04:18 AM,28.25,55.51,0,TRUE,EIDC     ,mb    ,4.3
109731,ke  ,ISC      ,4/17/1995,7:57:13 PM,28.2288,55.288,22,TRUE,ISC      ,mb    ,4.2
111424,ke  ,ISC      ,4/28/1995,1:49:23 AM,27.9992,55.1213,26,TRUE,ISC      ,mb    ,4.2
103343,ke  ,ISC      ,5/12/1995,8:04:26 PM,27.4696,57.6064,10,TRUE,ISC      ,mb    ,3.9
96909,ke  ,ISC      ,6/3/1995,11:17:20 PM,28.3642,55.2669,10,TRUE,ISC      ,mb    ,4.2
97240,ke  ,ISC      ,6/6/1995,2:31:23 AM,27.1656,55.2324,12,TRUE,ISC      ,mb    ,4.1
97624,ke  ,ISC      ,6/8/1995,7:32:16 AM,28.1519,55.4199,22,TRUE,ISC      ,mb    ,4.6
97948,ke  ,ISC      ,6/10/1995,5:49:36 AM,27.7291,54.6364,25,TRUE,ISC      ,mb    ,4.3
302230050,ke  ,EIDC     ,6/25/1995,6:58:26 AM,28.16,55.27,0,TRUE,EIDC     ,mb    ,3.9
95050,ke  ,ISC      ,7/23/1995,8:37:30 AM,27.5487,54.3985,25,TRUE,ISC      ,mb    ,4.4
89684,ke  ,ISC      ,8/18/1995,11:45:28 PM,26.5511,55.4454,10,TRUE,ISC      ,mb    ,4
90715,ke  ,ISC      ,8/25/1995,10:52:58 AM,28.2292,57.193,32.4,,ISC      ,mb    ,4.8
72855,ke  ,ISC      ,10/1/1995,3:46:45 PM,27.4904,56.2801,18,TRUE,ISC      ,mb    ,4.4
302230166,ke  ,EIDC     ,10/11/1995,7:06:07 PM,26.93,55.85,0,TRUE,EIDC     ,mb    ,4
76774,ke  ,ISC      ,10/14/1995,4:21:50 PM,26.86,54.8496,17,TRUE,ISC      ,mb    ,4.8
76775,ke  ,ISC      ,10/14/1995,4:32:19 PM,27.0252,54.6397,18,TRUE,ISC      ,mb    ,4.4
76968,ke  ,ISC      ,10/15/1995,1:41:06 PM,26.9121,54.6847,18,TRUE,ISC      ,mb    ,4
80206,ke  ,ISC      ,10/23/1995,2:11:49 PM,28.8181,56.5838,10,TRUE,ISC      ,mb    ,4.4
80751,ke  ,ISC      ,10/25/1995,1:44:27 AM,28.2868,55.029,10,TRUE,ISC      ,mb    ,4
67532,ke  ,ISC      ,11/6/1995,3:53:24 AM,27.7687,57.4983,29,,ISC      ,mb    ,5.2
69399,ke  ,ISC      ,11/16/1995,8:49:11 PM,27.9634,54.5975,17,TRUE,ISC      ,mb    ,3.9
302229845,ke  ,EIDC     ,11/21/1995,1:49:43 AM,28.21,54.8,0,TRUE,EIDC     ,mb    ,4
61036,ke  ,ISC      ,12/3/1995,3:19:44 PM,28.1698,54.8353,26,TRUE,ISC      ,mb    ,4
61485,ke  ,ISC      ,12/4/1995,7:35:39 PM,27.9088,54.9201,42.6,,ISC      ,mb    ,4.6
64744,se  ,ISC      ,12/21/1995,7:39:00 AM,27.5713,57.3719,35,TRUE,ISC      ,mb    ,4.2
65288,ke  ,ISC      ,12/24/1995,1:54:10 PM,27.3407,55.4397,15,TRUE,ISC      ,mb    ,4.1
65792,se  ,ISC      ,12/27/1995,7:35:56 PM,27.4571,57.3794,25,TRUE,ISC      ,mb    ,4.2
65958,ke  ,ISC      ,12/28/1995,6:23:34 PM,27.8837,56.5079,28,TRUE,ISC      ,mb    ,4.6
65974,se  ,ISC      ,12/28/1995,8:27:43 PM,27.961,56.559,28,TRUE,ISC      ,mb    ,4
942020,se  ,ISC      ,1/13/1996,9:57:19 AM,28.3218,57.4679,35,TRUE,ISC      ,mb    ,4.4
942943,ke  ,ISC      ,1/18/1996,7:10:36 PM,26.6927,56.5671,10,TRUE,ISC      ,mb    ,4
946477,se  ,ISC      ,2/8/1996,10:58:47 PM,27.2059,56.8875,35,TRUE,ISC      ,mb    ,3.9
947615,se  ,ISC      ,2/16/1996,2:50:49 AM,26.4098,56.3699,10,TRUE,ISC      ,mb    ,4.1
948939,ke  ,ISC      ,2/20/1996,12:35:00 AM,28.4944,55.2005,10,TRUE,EIDC     ,mb    ,4.2
950208,ke  ,ISC      ,2/26/1996,8:08:21 AM,28.2926,57.1312,30.4,,ISC      ,mb    ,5.4
950209,ke  ,ISC      ,2/26/1996,8:09:26 AM,28.3313,57.0949,31.4,,ISC      ,mb    ,5.4
951140,se  ,ISC      ,3/2/1996,1:19:54 PM,27.6907,54.1277,23,TRUE,ISC      ,mb    ,3.8
951395,ke  ,ISC      ,3/4/1996,1:35:29 AM,27.5192,56.202,15,TRUE,ISC      ,mb    ,4.4
951862,se  ,ISC      ,3/7/1996,1:43:14 AM,27.8173,57.5906,30,TRUE,ISC      ,mb    ,3.7
951879,se  ,ISC      ,3/7/1996,3:28:12 AM,28.1731,55.2113,10,TRUE,ISC      ,mb    ,3.9
952944,se  ,ISC      ,3/13/1996,3:54:27 AM,28.8055,51.2847,16,TRUE,ISC      ,mb    ,3.7
953593,se  ,ISC      ,3/16/1996,2:31:46 AM,28.4558,56.3185,35,TRUE,ISC      ,mb    ,3.8
956099,ke  ,ISC      ,3/30/1996,3:31:52 AM,27.2482,55.371,15,TRUE,ISC      ,mb    ,4.1
958052,se  ,ISC      ,4/9/1996,5:38:27 PM,28.331,56.7279,44,TRUE,ISC      ,mb    ,4.1
958240,ke  ,ISC      ,4/10/1996,9:50:44 PM,28.0527,56.792,29.6,,ISC      ,mb    ,4.8
959086,se  ,ISC      ,4/15/1996,2:10:41 PM,26.5646,54.4081,10,TRUE,ISC      ,mb    ,4.1
959202,se  ,ISC      ,4/16/1996,8:23:13 AM,27.5859,56.4887,35,TRUE,ISC      ,mb    ,4
959476,ke  ,EIDC     ,4/18/1996,1:06:32 AM,27.16,57.15,0,,EIDC     ,mb    ,3.5
959595,ke  ,ISC      ,4/18/1996,8:13:05 PM,27.859,56.6589,28,TRUE,ISC      ,mb    ,4.2
960957,ke  ,ISC      ,4/26/1996,3:02:58 PM,27.4822,55.7771,12,TRUE,ISC      ,mb    ,3.9
962105,se  ,ISC      ,5/3/1996,12:58:30 AM,27.3918,56.0748,15,TRUE,ISC      ,mb    ,4
962183,ke  ,ISC      ,5/3/1996,7:36:49 AM,29.3411,56.6391,35,TRUE,ISC      ,mb    ,4.2
962400,ke  ,ISC      ,5/4/1996,12:33:46 PM,27.2967,56.0287,15,TRUE,ISC      ,mb    ,3.6
962707,ke  ,ISC      ,5/5/1996,11:45:17 PM,27.2547,56.352,18,TRUE,ISC      ,mb    ,3.8
965476,se  ,ISC      ,5/22/1996,1:58:55 PM,28.9002,57.082,150,TRUE,ISC      ,mb    ,3.6
965635,se  ,ISC      ,5/23/1996,12:00:21 PM,28.0379,54.7846,26,TRUE,ISC      ,mb    ,3.9
967933,ke  ,ISC      ,6/6/1996,4:29:48 PM,28.8607,54.8445,10,TRUE,EIDC     ,mb    ,4.1
968182,se  ,ISC      ,6/8/1996,1:08:31 AM,27.7493,54.2932,17,TRUE,ISC      ,mb    ,3.6
972923,se  ,ISC      ,6/30/1996,6:55:29 PM,27.8225,57.0734,24,TRUE,ISC      ,mb    ,3.5
977683,se  ,ISC      ,7/28/1996,11:40:48 AM,27.7304,57.6061,25,TRUE,ISC      ,mb    ,3.6
980288,se  ,ISC      ,8/11/1996,10:06:11 PM,28.1293,55.5043,22,TRUE,ISC      ,mb    ,4.1
983434,ke  ,ISC      ,8/29/1996,5:53:46 PM,27.6503,55.7437,15,TRUE,ISC      ,mb    ,3.9
988677,ke  ,ISC      ,9/28/1996,1:54:02 PM,28.3926,57.5464,72.3,,ISC      ,mb    ,4.8
991774,ke  ,ISC      ,10/15/1996,9:10:43 PM,27.6456,54.2594,23,TRUE,ISC      ,mb    ,4.1
992315,ke  ,ISC      ,10/18/1996,9:26:06 AM,27.6833,57.6007,43.1,,ISC      ,mb    ,5.3
992362,ke  ,ISC      ,10/18/1996,1:31:27 PM,27.7673,57.4866,30,TRUE,ISC      ,mb    ,4
993361,ke  ,ISC      ,10/23/1996,3:44:50 PM,26.9584,56.5362,10,TRUE,ISC      ,mb    ,4.5
995123,se  ,ISC      ,11/2/1996,4:15:13 PM,27.295,54.7911,20,TRUE,ISC      ,mb    ,4
995705,se  ,ISC      ,11/6/1996,5:36:38 AM,27.0775,55.8771,12,TRUE,ISC      ,mb    ,4
998476,ke  ,ISC      ,11/23/1996,1:28:05 AM,26.9215,54.8828,17.1,,ISC      ,mb    ,4
998703,ke  ,ISC      ,11/24/1996,7:58:57 AM,28.1276,56.2213,16,TRUE,ISC      ,mb    ,4
998862,ke  ,ISC      ,11/25/1996,11:00:21 AM,28.3886,57.4478,43,TRUE,ISC      ,mb    ,4.2
1000437,ke  ,ISC      ,12/6/1996,5:57:20 AM,28.0483,54.0766,26,TRUE,ISC      ,mb    ,4.2
1001862,se  ,ISC      ,12/15/1996,2:34:17 AM,28.2965,55.3873,22,TRUE,ISC      ,mb    ,3.8
1002727,ke  ,ISC      ,12/21/1996,1:06:49 AM,28.378,55.5306,22,TRUE,ISC      ,mb    ,3.9
1002874,se  ,ISC      ,12/21/1996,11:13:36 PM,27.7042,56.7123,23.2,,ISC      ,mb    ,4.2
1003044,ke  ,ISC      ,12/23/1996,1:21:16 AM,27.5967,55.3607,15,TRUE,ISC      ,mb    ,3.9
1004371,ke  ,ISC      ,12/31/1996,11:17:42 PM,28.0391,55.3735,22,TRUE,ISC      ,mb    ,4
1006148,se  ,ISC      ,1/13/1997,2:24:13 AM,28.6981,56.0112,50,TRUE,ISC      ,mb    ,3.9
1008047,ke  ,ISC      ,1/24/1997,5:12:59 PM,28.1716,57.5046,42.5,,ISC      ,mb    ,4.4
1010312,se  ,ISC      ,2/9/1997,3:01:03 AM,27.3823,57.7405,10,TRUE,ISC      ,mb    ,4
1010731,ke  ,ISC      ,2/11/1997,6:42:28 PM,28.1858,57.694,30,TRUE,ISC      ,mb    ,4.4
1010844,ke  ,ISC      ,2/12/1997,2:42:54 PM,28.2348,55.421,30,,ISC      ,mb    ,4.5
1010861,ke  ,ISC      ,2/12/1997,5:00:04 PM,28.174,55.4265,22,TRUE,ISC      ,mb    ,4.1
1011520,fe  ,ISC      ,2/17/1997,4:31:28 AM,27.3039,56.133,26.7,,ISC      ,mb    ,5
1011529,ke  ,ISC      ,2/17/1997,6:13:46 AM,27.1456,56.1606,14,TRUE,ISC      ,mb    ,3.8
1012996,ke  ,ISC      ,2/27/1997,8:38:23 AM,27.4773,56.6434,18,TRUE,ISC      ,mb    ,4
1013889,ke  ,EIDC     ,3/3/1997,2:42:41 AM,28,54.96,0,,EIDC     ,mb    ,3.7
1014302,ke  ,ISC      ,3/4/1997,2:48:27 PM,27.0271,55.3117,12,TRUE,ISC      ,mb    ,4.1
1018893,ke  ,ISC      ,3/28/1997,4:23:02 PM,27.137,55.2247,17,TRUE,ISC      ,mb    ,3.8
1020150,ke  ,ISC      ,4/5/1997,12:41:22 PM,28.466,57.2204,31,TRUE,ISC      ,mb    ,3.9
1022543,ke  ,ISC      ,4/19/1997,5:53:17 AM,27.9083,56.8474,41.5,,ISC      ,mb    ,5.4
1022545,ke  ,ISC      ,4/19/1997,6:06:50 AM,27.9453,56.8545,24,TRUE,ISC      ,mb    ,4
1022546,ke  ,EIDC     ,4/19/1997,6:34:12 AM,28.024,56.402,0,,EIDC     ,mb    ,4
1022560,ke  ,ISC      ,4/19/1997,8:51:20 AM,27.8505,56.9386,24,TRUE,ISC      ,mb    ,4
1022568,ke  ,ISC      ,4/19/1997,10:10:48 AM,27.8646,56.8664,42.2,,ISC      ,mb    ,4.5
1022626,ke  ,ISC      ,4/19/1997,10:31:39 PM,27.9478,56.8437,18.4,,ISC      ,mb    ,4.5
1022922,ke  ,ISC      ,4/21/1997,5:12:46 PM,27.8362,56.8636,15.5,,ISC      ,mb    ,4
1024870,ke  ,EIDC     ,5/2/1997,3:39:06 AM,26.578,56.081,0,,EIDC     ,mb    ,3.7
1025224,ke  ,ISC      ,5/4/1997,3:58:16 AM,26.6527,54.3957,10,TRUE,ISC      ,mb    ,4.1
1025460,ke  ,ISC      ,5/5/1997,1:48:49 PM,27.0774,54.0001,19,TRUE,ISC      ,mb    ,3.9
1025466,ke  ,ISC      ,5/5/1997,3:11:54 PM,27.0013,53.8965,19,TRUE,ISC      ,mb    ,4.9
1025474,ke  ,ISC      ,5/5/1997,3:47:34 PM,27.0954,53.9268,19,TRUE,ISC      ,mb    ,4
1025477,ke  ,ISC      ,5/5/1997,4:00:29 PM,27.0522,54.0143,19,TRUE,ISC      ,mb    ,3.8
1025482,ke  ,ISC      ,5/5/1997,4:35:32 PM,27.0581,53.9168,19,TRUE,ISC      ,mb    ,3.9
1026601,ke  ,ISC      ,5/12/1997,9:47:50 AM,27.9762,56.8481,24,TRUE,ISC      ,mb    ,3.8
1027188,ke  ,ISC      ,5/14/1997,11:32:19 PM,28.2245,54.1959,24,TRUE,ISC      ,mb    ,4
1030735,ke  ,ISC      ,6/5/1997,5:28:37 PM,28.3976,57.2158,31,TRUE,ISC      ,mb    ,3.8
1035392,ke  ,ISC      ,7/4/1997,9:20:55 PM,27.3802,56.1685,15,TRUE,ISC      ,mb    ,3.8
1036138,ke  ,ISC      ,7/9/1997,4:58:46 PM,27.3506,54.5959,25,TRUE,ISC      ,mb    ,4
1036142,ke  ,ISC      ,7/9/1997,5:39:17 PM,28.2362,57.0874,31,TRUE,ISC      ,mb    ,4.6
1037963,ke  ,ISC      ,7/21/1997,4:37:59 AM,28.1022,57.2423,31,TRUE,ISC      ,mb    ,3.9
1037968,ke  ,ISC      ,7/21/1997,4:58:44 AM,28.0086,57.3387,31.1,,ISC      ,mb    ,4.5
1038381,ke  ,ISC      ,7/24/1997,4:00:16 AM,27.866,56.32,28,TRUE,ISC      ,mb    ,4
1038771,ke  ,ISC      ,7/26/1997,7:21:41 PM,27.6901,56.4695,18,TRUE,ISC      ,mb    ,3.7
1038950,ke  ,ISC      ,7/27/1997,11:33:27 PM,27.4267,56.6102,25.6,,ISC      ,mb    ,4.9
1039147,ke  ,ISC      ,7/29/1997,3:24:30 AM,26.8493,54.4483,18,TRUE,ISC      ,mb    ,4.3
937004,ke  ,ISC      ,8/17/1997,6:42:42 AM,27.6853,54.7099,32,,ISC      ,mb    ,4.5
937007,ke  ,ISC      ,8/17/1997,7:08:32 AM,27.6244,54.7327,26.4,,ISC      ,mb    ,4.4
938826,ke  ,ISC      ,8/29/1997,2:36:01 PM,26.9533,53.8839,19,TRUE,ISC      ,mb    ,4.1
938829,ke  ,ISC      ,8/29/1997,2:43:58 PM,27.3447,53.7664,36.2,,ISC      ,mb    ,4.6
1040427,ke  ,EIDC     ,9/6/1997,3:30:03 AM,27.911,56.2553,0,,EIDC     ,mb    ,3.9
1041983,ke  ,ISC      ,9/16/1997,4:43:25 PM,28.0942,57.6345,30,TRUE,ISC      ,mb    ,4
1042134,ke  ,ISC      ,9/17/1997,9:44:29 PM,27.291,56.3948,18,TRUE,ISC      ,mb    ,4.3
1042418,ke  ,ISC      ,9/19/1997,8:37:05 PM,27.0569,53.9793,19,TRUE,ISC      ,mb    ,4.2
1045365,de  ,ISC      ,10/3/1997,11:28:42 AM,27.6985,54.6596,27.6,,ISC      ,mb    ,5.2
1045404,ke  ,ISC      ,10/3/1997,5:01:03 PM,27.6119,54.7514,38.8,,ISC      ,mb    ,4.8
1045987,ke  ,ISC      ,10/6/1997,4:09:37 PM,28.3807,57.2356,23.8,,ISC      ,mb    ,4.8
1046979,ke  ,ISC      ,10/12/1997,3:52:42 PM,27.696,54.7396,26.1,,ISC      ,mb    ,3.9
1047614,ke  ,ISC      ,10/15/1997,8:08:35 PM,27.7342,54.3272,25,TRUE,ISC      ,mb    ,3.8
1048361,ke  ,ISC      ,10/20/1997,6:09:05 AM,28.4108,57.2962,31.2,,ISC      ,mb    ,5.5
1048388,ke  ,ISC      ,10/20/1997,10:06:35 AM,28.2921,57.2906,32,,ISC      ,mb    ,4.8
1049048,ke  ,ISC      ,10/24/1997,9:20:34 AM,28.0598,53.7772,24,TRUE,ISC      ,mb    ,4
1049590,ke  ,ISC      ,10/28/1997,1:04:45 AM,26.1658,55.0529,10,TRUE,ISC      ,mb    ,4.3
1050225,ke  ,EIDC     ,11/1/1997,11:31:19 AM,28.2707,54.0663,0,,EIDC     ,mb    ,3.8
1050242,ke  ,ISC      ,11/1/1997,1:36:33 PM,28.4784,57.1013,40.1,,ISC      ,mb    ,4.5
1054845,ke  ,ISC      ,11/26/1997,1:42:24 PM,27.6414,56.5743,18,TRUE,ISC      ,mb    ,3.9
1057772,ke  ,ISC      ,12/9/1997,9:07:55 AM,28.3173,55.6121,22,TRUE,ISC      ,mb    ,4.4
1058723,ke  ,ISC      ,12/14/1997,4:14:29 AM,28.2971,53.8763,23,TRUE,ISC      ,mb    ,4.1
1059339,ke  ,ISC      ,12/18/1997,3:17:03 AM,27.9167,56.8171,24,TRUE,ISC      ,mb    ,4.2
1062396,ke  ,ISC      ,1/4/1998,4:52:29 PM,27.771,55.3341,22,TRUE,ISC      ,mb    ,3.9
1062574,ke  ,ISC      ,1/5/1998,3:56:40 PM,28.3963,55.1406,46.1,,ISC      ,mb    ,4.6
1062848,ke  ,ISC      ,1/7/1998,3:59:04 AM,28.4979,57.2764,43,TRUE,ISC      ,mb    ,3.9
1064479,ke  ,ISC      ,1/15/1998,4:00:55 AM,26.3818,55.4677,51.5,,ISC      ,mb    ,4.1
1065042,ke  ,ISC      ,1/18/1998,6:53:34 AM,28.3333,54.6113,10,TRUE,ISC      ,mb    ,4
1066814,ke  ,EIDC     ,1/29/1998,1:20:15 PM,27.412,56.0857,0,,EIDC     ,mb    ,3.6
1075819,ke  ,ISC      ,2/8/1998,1:10:31 AM,27.019,54.2267,19,TRUE,ISC      ,mb    ,4.1
1082230,ke  ,ISC      ,3/17/1998,4:15:48 PM,28.0052,56.4588,10,TRUE,ISC      ,mb    ,4.1
1082316,ke  ,ISC      ,3/18/1998,5:36:53 AM,27.748,54.2471,23,TRUE,ISC      ,mb    ,4.5
1082926,ke  ,ISC      ,3/21/1998,7:17:11 PM,27.9409,54.9225,26,TRUE,ISC      ,mb    ,3.8
1084613,ke  ,EIDC     ,3/30/1998,1:54:08 AM,26.0134,56.6664,0,,EIDC     ,mb    ,3.7
1092814,ke  ,ISC      ,4/17/1998,2:15:21 PM,26.9194,54.8098,19.6,,ISC      ,mb    ,4.4
1106063,ke  ,ISC      ,5/12/1998,12:00:45 AM,27.049,55.2704,12,TRUE,ISC      ,mb    ,4.4
1106167,ke  ,ISC      ,5/12/1998,2:26:50 PM,26.9772,54.887,17,TRUE,ISC      ,mb    ,3.9
1106523,ke  ,ISC      ,5/14/1998,12:39:18 PM,27.8615,56.8003,15,,ISC      ,mb    ,4.3
1107632,ke  ,ISC      ,5/20/1998,12:55:33 AM,26.8285,55.0821,17,TRUE,ISC      ,mb    ,3.6
1145417,ke  ,ISC      ,6/13/1998,3:50:53 PM,27.5432,55.0908,20,TRUE,ISC      ,mb    ,4.2
1166966,ke  ,ISC      ,7/16/1998,9:56:44 PM,28.9033,54.8288,10,TRUE,ISC      ,mb    ,3.9
1167628,ke  ,ISC      ,7/19/1998,6:15:44 PM,27.6625,55.2692,20,TRUE,ISC      ,mb    ,4.1
1168469,ke  ,ISC      ,7/24/1998,11:36:48 AM,28.1018,57.225,24,TRUE,ISC      ,mb    ,4.5
1174176,ke  ,ISC      ,8/1/1998,11:38:33 PM,27.641,56.5268,22.2,,ISC      ,mb    ,5
1206696,ke  ,ISC      ,9/25/1998,5:25:34 AM,26.7928,55.2394,17,TRUE,ISC      ,mb    ,3.8
1207187,ke  ,ISC      ,9/27/1998,8:18:27 PM,27.7152,56.0842,15,TRUE,ISC      ,mb    ,3.9
1312391,de  ,ISC      ,10/18/1998,10:02:41 AM,28.4848,54.2333,24.6,,ISC      ,mb    ,4.3
1312637,ke  ,ISC      ,10/19/1998,5:35:06 PM,28.4413,54.489,10,TRUE,ISC      ,mb    ,3.9
1323865,de  ,ISC      ,11/13/1998,1:01:11 PM,27.7459,53.6441,25.8,,ISC      ,mb    ,5.3
1324009,ke  ,ISC      ,11/14/1998,10:37:23 AM,27.8591,53.5997,34.1,,ISC      ,mb    ,4.7
1324249,ke  ,ISC      ,11/15/1998,8:30:22 PM,27.0223,55.5646,23.8,,ISC      ,mb    ,4.6
1325965,ke  ,ISC      ,11/26/1998,6:03:21 PM,27.6431,54.0442,23,TRUE,ISC      ,mb    ,3.9
1333130,ke  ,ISC      ,12/9/1998,9:36:59 PM,28.1069,57.4435,30,TRUE,ISC      ,mb    ,3.9
1333331,ke  ,ISC      ,12/11/1998,6:58:17 AM,28.1759,55.6377,29.3,,ISC      ,mb    ,4.8
1333395,ke  ,ISC      ,12/11/1998,4:23:38 PM,28.0742,55.6058,22,TRUE,ISC      ,mb    ,4.1
1333857,ke  ,ISC      ,12/15/1998,12:41:10 AM,26.6435,55.1325,36.5,,ISC      ,mb    ,4.3
1334666,ke  ,ISC      ,12/19/1998,5:20:16 PM,26.7374,54.9231,17,TRUE,ISC      ,mb    ,4.2
1336009,ke  ,ISC      ,12/28/1998,8:12:32 PM,28.1947,57.5721,35,TRUE,ISC      ,mb    ,3.8
1436964,ke  ,ISC      ,1/6/1999,7:48:31 AM,28.162,55.6564,22,TRUE,ISC      ,mb    ,3.9
1439555,ke  ,ISC      ,1/14/1999,10:12:50 PM,28.9415,56.4067,27.1,,ISC      ,mb    ,5.1
1441587,ke  ,EIDC     ,1/21/1999,7:18:42 AM,28.1247,55.5907,0,TRUE,EIDC     ,mb    ,3.8
1443154,ke  ,ISC      ,1/25/1999,12:54:52 AM,28.0069,57.3155,31.2,,ISC      ,mb    ,3.9
1445796,ke  ,ISC      ,1/31/1999,10:51:55 PM,27.5638,55.0587,35,TRUE,ISC      ,mb    ,3.9
1537251,ke  ,ISC      ,3/2/1999,11:14:45 AM,27.1091,55.229,12,TRUE,ISC      ,mb    ,4.2
1537979,de  ,ISC      ,3/4/1999,5:38:28 AM,28.2773,57.2579,33.4,,ISC      ,mb    ,6.2
1537982,ke  ,ISC      ,3/4/1999,5:47:51 AM,28.4179,57.203,30,,ISC      ,mb    ,5.6
1537983,ke  ,ISC      ,3/4/1999,5:50:30 AM,28.4018,57.1318,31,TRUE,ISC      ,mb    ,4.9
1537995,ke  ,ISC      ,3/4/1999,6:21:52 AM,28.2825,57.1266,31,TRUE,ISC      ,mb    ,4.4
1538010,ke  ,ISC      ,3/4/1999,7:16:37 AM,28.3691,57.0213,31,TRUE,ISC      ,mb    ,4.8
1538012,ke  ,ISC      ,3/4/1999,7:19:19 AM,28.0632,57.079,30.2,,ISC      ,mb    ,5.2
1538015,ke  ,ISC      ,3/4/1999,7:26:06 AM,28.3217,56.9622,35.1,,ISC      ,mb    ,5.1
1538037,ke  ,EIDC     ,3/4/1999,8:43:11 AM,28.1998,56.9411,0,TRUE,EIDC     ,mb    ,3.6
1538050,se  ,ISC      ,3/4/1999,9:19:36 AM,28.2227,56.8277,31,TRUE,ISC      ,mb    ,4.2
1538065,ke  ,ISC      ,3/4/1999,9:52:04 AM,28.3067,57.1547,30.9,,ISC      ,mb    ,5.2
1538096,ke  ,ISC      ,3/4/1999,11:12:59 AM,28.1243,56.9889,30.7,,ISC      ,mb    ,4.8
1538179,se  ,ISC      ,3/4/1999,2:18:24 PM,28.5453,57.1489,31,TRUE,ISC      ,mb    ,3.8
1538254,ke  ,ISC      ,3/4/1999,7:25:55 PM,28.2546,57.0558,31,TRUE,ISC      ,mb    ,4.7
1538320,se  ,ISC      ,3/4/1999,11:50:48 PM,28.4323,57.2732,43,TRUE,ISC      ,mb    ,3.9
1538341,ke  ,ISC      ,3/5/1999,1:02:55 AM,28.3134,56.987,31,TRUE,ISC      ,mb    ,4.3
1538578,se  ,ISC      ,3/5/1999,3:17:08 PM,29.0116,57.0392,29.5,,ISC      ,mb    ,3.9
1538809,ke  ,ISC      ,3/6/1999,8:31:17 AM,28.546,57.2226,31,TRUE,ISC      ,mb    ,3.7
1540156,ke  ,ISC      ,3/9/1999,12:08:05 PM,28.4492,56.5414,44,TRUE,ISC      ,mb    ,4.4
1540553,ke  ,ISC      ,3/10/1999,7:45:42 AM,28.8615,56.6507,58.6,,ISC      ,mb    ,4.7
1540567,se  ,ISC      ,3/10/1999,8:15:30 AM,28.9524,56.7249,35,TRUE,ISC      ,mb    ,3.9
1540820,ke  ,EIDC     ,3/10/1999,8:19:10 PM,28.2589,54.8281,0,TRUE,EIDC     ,mb    ,3.8
1541352,ke  ,ISC      ,3/12/1999,7:59:32 AM,27.5372,57.2695,25,TRUE,ISC      ,mb    ,4.1
1542190,ke  ,ISC      ,3/14/1999,4:19:10 AM,27.3797,56.6343,18,TRUE,ISC      ,mb    ,3.9
1544165,se  ,ISC      ,3/19/1999,3:30:56 PM,28.4422,56.9674,31,TRUE,ISC      ,mb    ,3.8
1546220,ke  ,EIDC     ,3/25/1999,2:59:38 PM,26.9936,54.1204,0,TRUE,EIDC     ,mb    ,3.7
1619075,ke  ,ISC      ,4/2/1999,12:54:59 AM,28.2254,57.1885,24,TRUE,ISC      ,mb    ,4.1
1622527,ke  ,ISC      ,4/11/1999,6:52:55 AM,28.3662,57.2353,31,TRUE,ISC      ,mb    ,4.4
1624763,se  ,ISC      ,4/17/1999,4:40:06 AM,27.9631,57.643,30,TRUE,ISC      ,mb    ,3.7
1628344,ke  ,ISC      ,4/26/1999,11:14:12 PM,27.0137,54.5106,35,TRUE,ISC      ,mb    ,4.1
1628357,se  ,ISC      ,4/27/1999,12:01:05 AM,27.9875,55.3573,22,TRUE,ISC      ,mb    ,4
1629003,ke  ,ISC      ,4/28/1999,6:18:14 PM,27.8842,53.5573,23,TRUE,ISC      ,mb    ,4.3
1675473,ke  ,ISC      ,5/8/1999,6:28:01 AM,29.4814,51.8565,44.6,,ISC      ,mb    ,4.5
1678952,ke  ,ISC      ,5/16/1999,12:41:55 AM,27.9517,57.0232,24,TRUE,ISC      ,mb    ,4
1679030,ke  ,ISC      ,5/16/1999,4:35:16 AM,27.6847,56.4706,19.2,,ISC      ,mb    ,3.8
1681950,ke  ,ISC      ,5/23/1999,10:30:49 AM,28.5555,57.4432,10,TRUE,ISC      ,mb    ,3.6
1682679,ke  ,ISC      ,5/25/1999,11:17:31 AM,28.3389,57.7215,31.5,,ISC      ,mb    ,4.5
1682797,ke  ,ISC      ,5/25/1999,6:26:55 PM,27.2205,56.5071,10,TRUE,ISC      ,mb    ,4.2
1683812,se  ,ISC      ,5/28/1999,11:37:33 AM,28.2856,57.6041,43,TRUE,ISC      ,mb    ,4.2
1698626,se  ,ISC      ,6/3/1999,10:58:44 AM,26.69,55.1717,17,TRUE,ISC      ,mb    ,3.9
1699151,ke  ,ISC      ,6/12/1999,12:39:30 AM,29.5097,51.4975,20,TRUE,ISC      ,mb    ,4.2
1699976,ke  ,ISC      ,6/22/1999,8:57:45 PM,27.9617,55.7559,22,TRUE,ISC      ,mb    ,4.1
1700137,ke  ,ISC      ,6/25/1999,6:02:49 AM,28.1731,57.7606,30,TRUE,ISC      ,mb    ,3.8
1654428,ke  ,ISC      ,7/9/1999,6:53:39 PM,27.2057,55.8362,15,TRUE,ISC      ,mb    ,4.3
1715221,ke  ,EIDC     ,7/12/1999,12:09:15 PM,27.2815,55.2165,0,TRUE,         ,      ,
1655216,ke  ,ISC      ,8/16/1999,10:21:36 PM,27.9959,56.6677,28,TRUE,ISC      ,mb    ,4.3
1703532,ke  ,ISC      ,8/29/1999,8:56:31 PM,28.0273,56.4621,17.8,,ISC      ,mb    ,4.2
1719326,ke  ,ISC      ,9/30/1999,11:45:48 AM,26.6133,56.2149,10,TRUE,ISC      ,mb    ,3.8
1643724,se  ,ISC      ,10/15/1999,11:14:35 PM,28.2542,54.015,24,TRUE,ISC      ,mb    ,4.1
1645430,se  ,ISC      ,10/26/1999,5:25:45 PM,27.7704,56.765,24,TRUE,ISC      ,mb    ,3.9
1958910,ke  ,ISC      ,11/21/1999,11:23:51 PM,28.4178,56.8492,31,TRUE,ISC      ,mb    ,3.9
1658075,ke  ,ISC      ,12/9/1999,5:04:05 PM,27.5858,54.2339,23,TRUE,ISC      ,mb    ,4.6
1720734,se  ,ISC      ,12/15/1999,2:28:08 AM,27.9629,54.0609,26,TRUE,ISC      ,mb    ,4
1720826,se  ,ISC      ,12/16/1999,2:26:39 PM,27.83,54.114,26,TRUE,ISC      ,mb    ,4
1658269,ke  ,ISC      ,12/17/1999,1:51:22 AM,26.9361,54.3918,18,TRUE,ISC      ,mb    ,4.6
1721031,ke  ,ISC      ,12/19/1999,12:11:12 PM,26.6622,54.9384,17,TRUE,ISC      ,mb    ,4.2
1721258,ke  ,ISC      ,12/21/1999,10:27:52 PM,27.8936,54.0356,41.2,,ISC      ,mb    ,4.2
1721351,se  ,ISC      ,12/22/1999,8:55:33 PM,27.9439,54.1502,26,TRUE,ISC      ,mb    ,3.9
1721353,se  ,ISC      ,12/22/1999,9:27:44 PM,27.9232,54.078,26,TRUE,ISC      ,mb    ,3.7
1658431,se  ,ISC      ,12/22/1999,9:52:21 PM,27.8853,54.1317,30.8,,ISC      ,mb    ,4.2
1721362,se  ,ISC      ,12/22/1999,10:08:28 PM,27.833,54.1308,26,TRUE,ISC      ,mb    ,3.9
1960538,ke  ,EIDC     ,12/22/1999,11:12:06 PM,27.6775,54.3975,0,TRUE,EIDC     ,mb    ,3.7
2106581,ke  ,EIDC     ,12/28/1999,1:00:30 PM,26.4155,55.9953,0,TRUE,EIDC     ,mb    ,3.8
1726369,ke  ,ISC      ,1/17/2000,4:39:50 PM,27.5609,54.3795,19.7,,ISC      ,mb    ,4.3
1726626,ke  ,ISC      ,1/21/2000,2:48:56 AM,27.065,54.9067,17,TRUE,ISC      ,mb    ,3.9
1727086,se  ,ISC      ,1/26/2000,6:17:04 AM,25.9298,57.3247,10,TRUE,ISC      ,mb    ,4
1727322,ke  ,ISC      ,1/29/2000,7:07:07 PM,28.8759,57.2532,10,TRUE,ISC      ,mb    ,3.7
1727683,se  ,ISC      ,2/2/2000,5:19:58 PM,26.9368,55.4607,12,TRUE,ISC      ,mb    ,3.9
1728274,ke  ,ISC      ,2/9/2000,10:57:08 PM,28.7294,54.7069,10,TRUE,ISC      ,mb    ,3.7
1728282,ke  ,ISC      ,2/10/2000,1:26:19 AM,28.8478,54.866,10,TRUE,ISC      ,mb    ,4.8
1733240,ke  ,ISC      ,2/29/2000,5:15:59 PM,28.2508,57.2398,24,TRUE,ISC      ,mb    ,4.3
2338479,ke  ,KISR     ,2/29/2000,8:16:38 PM,28.87,57.45,21,,         ,      ,
1733378,ke  ,ISC      ,3/5/2000,9:40:07 AM,27.8213,56.4789,28.2,,ISC      ,mb    ,5.5
1789787,se  ,ISC      ,3/5/2000,9:50:56 AM,27.8813,56.3194,28,TRUE,ISC      ,mb    ,3.9
2424152,ke  ,IDC      ,3/5/2000,9:59:44 AM,27.8474,56.5095,0,TRUE,IDC      ,mb    ,3.7
2427205,ke  ,KISR     ,3/5/2000,12:40:45 PM,28.52,56.77,27,,         ,      ,
1790743,ke  ,ISC      ,3/17/2000,9:18:03 AM,27.7611,56.4345,28,TRUE,ISC      ,mb    ,4.2
2425371,ke  ,ISC      ,3/26/2000,6:49:25 AM,28.1427,57.638,30,TRUE,ISC      ,mb    ,3.7
1734094,ke  ,ISC      ,3/31/2000,9:33:17 PM,27.8,54.0888,26,TRUE,ISC      ,mb    ,4.4
2425843,ke  ,ISC      ,3/31/2000,10:23:30 PM,27.7486,54.0782,23,TRUE,ISC      ,mb    ,3.7
2676532,ke  ,IDC      ,4/6/2000,6:50:45 PM,27.9107,54.2109,0,TRUE,IDC      ,mb    ,3.7
2679758,ke  ,KISR     ,4/26/2000,9:57:57 PM,26.54,57.61,33,,KISR     ,ML    ,4.7
1735064,ke  ,ISC      ,5/3/2000,10:17:17 PM,28.6618,54.8501,10,TRUE,ISC      ,mb    ,4.2
2889631,ke  ,ISC      ,5/6/2000,12:51:33 AM,28.7454,54.8789,10,TRUE,ISC      ,mb    ,3.7
2890416,ke  ,IDC      ,5/16/2000,12:44:52 AM,28.3411,57.2593,0,TRUE,IDC      ,mb    ,3.7
1802825,se  ,ISC      ,5/21/2000,8:27:36 AM,27.122,55.3705,12,TRUE,ISC      ,mb    ,3.7
1807400,se  ,ISC      ,6/5/2000,11:43:21 AM,28.4434,55.8966,10,TRUE,ISC      ,mb    ,3.9
1807418,se  ,ISC      ,6/5/2000,2:05:43 PM,28.233,56.063,16,TRUE,ISC      ,mb    ,4.1
2956568,ke  ,KISR     ,7/8/2000,9:21:33 PM,28.26,57.09,22,,         ,      ,
2956582,ke  ,KISR     ,7/13/2000,5:03:45 PM,27.17,54.87,33,,KISR     ,ML    ,4
2402073,se  ,ISC      ,7/15/2000,7:53:52 AM,28.1985,57.2062,35,TRUE,ISC      ,mb    ,3.9
1815765,se  ,ISC      ,7/18/2000,9:14:03 PM,27.9428,56.2706,10,TRUE,ISC      ,mb    ,4.3
2403167,ke  ,ISC      ,7/26/2000,10:43:37 PM,27.4809,56.8282,35,TRUE,ISC      ,mb    ,4.3
2403426,se  ,ISC      ,7/29/2000,6:26:56 PM,28.4082,57.1584,31,TRUE,ISC      ,mb    ,4.1
1739250,ke  ,ISC      ,8/20/2000,10:20:21 PM,28.0067,57.1915,24,TRUE,ISC      ,mb    ,4.5
1910656,se  ,ISC      ,8/27/2000,8:44:56 PM,28.0598,57.2131,24,TRUE,ISC      ,mb    ,4
1739618,ke  ,ISC      ,9/3/2000,8:26:34 AM,27.9076,56.2736,10,TRUE,ISC      ,mb    ,4.5
3170825,ke  ,KISR     ,9/10/2000,9:27:54 PM,26.38,54.92,34,,KISR     ,ML    ,4.2
2782428,ke  ,IDC      ,10/2/2000,2:59:53 PM,27.5087,56.8313,0,TRUE,IDC      ,mb    ,4
1913080,se  ,ISC      ,11/7/2000,6:44:27 PM,28.0882,56.8309,31,TRUE,ISC      ,mb    ,4.1
1741502,ke  ,ISC      ,11/11/2000,6:16:01 PM,28.133,57.6098,12.3,,ISC      ,mb    ,4.3
1742392,ke  ,ISC      ,11/24/2000,9:18:16 AM,28.0506,57.5359,30,TRUE,ISC      ,mb    ,4.3
1914264,ke  ,ISC      ,11/25/2000,6:35:38 AM,28.2606,57.5331,30,TRUE,ISC      ,mb    ,4
3257505,ke  ,KISR     ,12/18/2000,1:54:12 PM,28.29,55.38,6,,         ,      ,
1743219,ke  ,ISC      ,12/21/2000,10:39:47 AM,26.6582,55.7602,10,TRUE,ISC      ,mb    ,4.6
1759187,ke  ,ISC      ,12/25/2000,8:33:41 PM,27.1847,55.4815,15,TRUE,ISC      ,mb    ,4
1759192,se  ,ISC      ,12/26/2000,6:41:21 AM,28.351,56.4027,44,TRUE,ISC      ,mb    ,4
1832303,ke  ,ISC      ,2/13/2001,3:42:42 AM,28.2413,56.2415,35,TRUE,ISC      ,mb    ,4.5
3269948,ke  ,ISC      ,2/19/2001,4:48:55 PM,27.7517,55.1477,20,TRUE,ISC      ,mb    ,3.9
3270314,ke  ,IDC      ,2/23/2001,5:11:17 PM,26.7703,57.1747,0,TRUE,IDC      ,mb    ,3.8
1835868,ke  ,ISC      ,3/23/2001,8:31:15 PM,27.1468,53.8608,30.7,,ISC      ,mb    ,4.4
1836047,ke  ,ISC      ,4/12/2001,11:08:50 PM,28.1901,54.8523,10,TRUE,ISC      ,mb    ,4.3
1836051,ke  ,ISC      ,4/13/2001,1:04:27 AM,28.1489,54.8871,23.2,,ISC      ,mb    ,5
1836053,ke  ,ISC      ,4/13/2001,2:08:40 AM,28.288,54.8122,26,TRUE,ISC      ,mb    ,4.4
3019056,se  ,ISC      ,4/13/2001,3:26:50 AM,28.2501,54.9505,10,TRUE,ISC      ,mb    ,3.8
3019060,se  ,ISC      ,4/13/2001,3:58:12 AM,28.1484,54.6018,10,TRUE,ISC      ,mb    ,3.9
3275168,ke  ,IDC      ,4/13/2001,4:14:50 AM,28.4217,54.6442,0,TRUE,IDC      ,mb    ,3.8
1836055,ke  ,ISC      ,4/13/2001,4:57:17 AM,28.1108,54.9096,24.6,,ISC      ,mb    ,4.6
3019068,se  ,ISC      ,4/13/2001,6:01:50 AM,28.1108,54.6916,17,TRUE,ISC      ,mb    ,3.8
3019070,se  ,ISC      ,4/13/2001,6:13:15 AM,28.2445,55.2207,22,TRUE,ISC      ,mb    ,4
3019149,se  ,ISC      ,4/13/2001,11:56:47 PM,28.3153,54.857,10,TRUE,ISC      ,mb    ,3.8
3275365,ke  ,ISC      ,4/14/2001,4:16:03 AM,28.5319,53.9695,24,TRUE,ISC      ,mb    ,3.7
2045541,ke  ,ISC      ,4/14/2001,9:39:53 PM,28.247,54.898,10,TRUE,ISC      ,mb    ,4.1
1883113,ke  ,ISC      ,4/18/2001,1:35:35 AM,28.2736,54.8189,10,TRUE,ISC      ,mb    ,4.2
3275900,ke  ,IDC      ,4/18/2001,1:56:59 AM,27.9755,55.2607,0,TRUE,IDC      ,mb    ,3.6
3020035,se  ,ISC      ,4/21/2001,9:37:16 PM,28.1044,54.8435,17,TRUE,ISC      ,mb    ,3.7
3276514,ke  ,IDC      ,4/22/2001,7:26:41 PM,28.3153,54.8596,0,TRUE,IDC      ,mb    ,3.5
3150637,se  ,ISC      ,5/7/2001,2:52:27 PM,26.7225,54.9866,17,TRUE,ISC      ,mb    ,3.5
1836274,ke  ,ISC      ,5/9/2001,11:48:14 PM,27.8711,58.0945,10,TRUE,ISC      ,mb    ,4.2
3318777,ke  ,ISC      ,5/17/2001,5:08:23 PM,27.1027,55.0924,17,TRUE,ISC      ,mb    ,3.5
1975325,ke  ,ISC      ,6/18/2001,5:46:54 AM,28.048,55.6065,22,TRUE,ISC      ,mb    ,4.4
3322818,ke  ,ISC      ,6/20/2001,1:06:28 PM,27.049,55.9042,10,TRUE,ISC      ,mb    ,4
3322941,ke  ,ISC      ,6/21/2001,9:39:15 PM,27.7902,54.1065,26,TRUE,ISC      ,mb    ,3.6
3726030,ke  ,THR      ,6/27/2001,5:17:56 PM,28.25,56.75,1,,THR      ,ML    ,3.2
1906262,ke  ,ISC      ,6/30/2001,12:22:51 AM,27.9005,55.6189,22,TRUE,ISC      ,mb    ,4.3
1970206,ke  ,ISC      ,8/12/2001,11:03:28 AM,27.7063,57.7315,12.8,,ISC      ,mb    ,4.7
2152746,se  ,ISC      ,9/6/2001,3:14:26 PM,28.193,57.3696,30,TRUE,ISC      ,mb    ,3.9
3027813,ke  ,ISC      ,9/6/2001,4:36:53 PM,28.2295,57.2818,31,TRUE,ISC      ,mb    ,3.7
3027817,se  ,ISC      ,9/6/2001,6:48:59 PM,28.1936,57.2764,31,TRUE,ISC      ,mb    ,3.8
3332224,se  ,ISC      ,9/22/2001,6:40:53 PM,25.3899,56.755,35,TRUE,ISC      ,mb    ,3.8
2299082,ke  ,ISC      ,11/1/2001,7:54:37 PM,28.0408,57.4002,30,TRUE,ISC      ,mb    ,4.7
2284758,ke  ,ISC      ,11/2/2001,10:05:32 PM,27.0826,54.5352,30.1,,ISC      ,mb    ,5.2
2495388,ke  ,ISC      ,11/4/2001,4:38:12 PM,26.9588,54.5932,38.4,,ISC      ,mb    ,4.9
2932672,se  ,ISC      ,11/18/2001,1:46:47 PM,26.8284,54.7658,18,TRUE,ISC      ,mb    ,3.8
2379156,ke  ,ISC      ,11/22/2001,5:00:02 PM,27.7663,57.4475,16.8,,ISC      ,mb    ,4.5
2383245,se  ,ISC      ,11/23/2001,5:19:49 PM,28.2854,57.3717,30,TRUE,ISC      ,mb    ,4
3337366,ke  ,ISC      ,11/23/2001,6:15:57 PM,28.3834,57.2842,43,TRUE,ISC      ,mb    ,3.8
2379191,fe  ,ISC      ,11/25/2001,9:30:55 PM,28.1697,57.22,33.2,,ISC      ,mb    ,5.1
2496183,ke  ,ISC      ,11/26/2001,1:07:10 AM,28.0303,57.162,28,TRUE,ISC      ,mb    ,4.2
2496435,se  ,ISC      ,12/3/2001,7:38:47 PM,26.6942,54.7538,18,TRUE,ISC      ,mb    ,3.9
2496600,ke  ,ISC      ,12/8/2001,2:48:52 PM,26.8244,55.3325,17,TRUE,ISC      ,mb    ,3.7
2428951,ke  ,ISC      ,12/15/2001,2:18:38 PM,27.9967,56.3898,22.9,,ISC      ,mb    ,4.7
2428955,fe  ,ISC      ,12/15/2001,11:41:20 PM,28.1348,52.6876,15,TRUE,ISC      ,mb    ,4.7
2941889,se  ,ISC      ,1/4/2002,9:06:19 AM,28.283,57.1827,31,TRUE,ISC      ,mb    ,4.1
4731691,ke  ,SNSN     ,1/14/2002,12:42:54 AM,26.2498,54.0765,238.3,,SNSN     ,Ml    ,3.5
2760384,fe  ,ISC      ,1/24/2002,6:13:02 AM,27.9805,54.5976,17,TRUE,ISC      ,mb    ,4.2
2787607,ke  ,ISC      ,1/30/2002,6:39:04 PM,27.3382,60.8367,61,TRUE,ISC      ,mb    ,4.6
4732873,ke  ,SNSN     ,2/23/2002,5:09:05 PM,27.3363,57.6177,107.7,,         ,      ,
2902223,ke  ,ISC      ,2/23/2002,5:09:35 PM,26.7727,54.7805,14.3,,ISC      ,mb    ,4.6
2943584,ke  ,ISC      ,2/23/2002,5:27:30 PM,26.8692,54.7032,18,TRUE,ISC      ,mb    ,4
2943758,se  ,ISC      ,2/28/2002,12:30:47 AM,27.4162,52.445,14,TRUE,ISC      ,mb    ,3.8
2946473,se  ,ISC      ,3/9/2002,4:01:22 PM,27.5875,54.4233,25,TRUE,ISC      ,mb    ,4.1
2923761,ke  ,ISC      ,3/10/2002,4:55:14 AM,25.1347,57.9565,10,TRUE,ISC      ,mb    ,4.2
3763514,ke  ,IDC      ,3/10/2002,5:37:08 PM,27.6547,54.4356,0,TRUE,IDC      ,mb    ,3.7
2946542,ke  ,ISC      ,3/10/2002,7:43:34 PM,27.6037,54.4083,25,TRUE,ISC      ,mb    ,4.4
2946617,de  ,ISC      ,3/11/2002,8:06:41 PM,25.1705,55.9924,22.7,,ISC      ,mb    ,5.1
3764281,se  ,ISC      ,3/15/2002,10:46:40 PM,27.6985,57.3119,25,TRUE,ISC      ,mb    ,3.9
3765035,se  ,ISC      ,3/21/2002,4:46:11 AM,27.5948,55.3785,19.4,,ISC      ,mb    ,3.7
2947013,se  ,ISC      ,3/21/2002,7:59:21 PM,27.8167,56.3225,27.6,,ISC      ,mb    ,3.7
2947229,ke  ,ISC      ,3/26/2002,8:09:02 PM,28.2526,56.6364,35,TRUE,ISC      ,mb    ,3.6
4734257,ke  ,SNSN     ,3/31/2002,12:38:54 AM,28.4479,54.078,160.1,,SNSN     ,Ml    ,3.4
3021198,ke  ,ISC      ,4/4/2002,3:44:34 PM,27.0212,55.2269,21,,ISC      ,mb    ,4.8
2969460,se  ,ISC      ,4/5/2002,7:15:30 AM,26.8607,55.1688,17,TRUE,ISC      ,mb    ,3.9
2957646,ke  ,ISC      ,4/8/2002,4:34:03 PM,27.0873,55.1969,17,TRUE,ISC      ,mb    ,4.9
3759334,se  ,ISC      ,4/8/2002,4:52:40 PM,27.0899,55.2219,17,TRUE,ISC      ,mb    ,3.6
3021365,ke  ,ISC      ,4/11/2002,6:05:48 AM,27.5113,56.6479,18,TRUE,ISC      ,mb    ,4.8
3021367,se  ,ISC      ,4/11/2002,6:17:51 AM,27.4084,56.6041,18,TRUE,ISC      ,mb    ,4.5
4734559,ke  ,SNSN     ,4/12/2002,2:56:38 AM,25.0526,56.3735,0,,         ,      ,
3021574,ke  ,ISC      ,4/17/2002,8:47:24 AM,27.5424,56.6725,32.8,,ISC      ,mb    ,5.3
3021587,se  ,ISC      ,4/17/2002,12:51:39 PM,27.4473,56.7432,18,TRUE,ISC      ,mb    ,3.8
2991826,ke  ,ISC      ,4/20/2002,9:35:14 AM,27.2674,56.5497,18,TRUE,ISC      ,mb    ,4.7
3021937,ke  ,ISC      ,4/30/2002,5:38:32 PM,27.9178,56.2277,16,TRUE,ISC      ,mb    ,4.3
4737141,ke  ,SNSN     ,5/2/2002,11:38:05 PM,26.4886,55.102,167.7,,SNSN     ,Ml    ,3.7
3179455,se  ,ISC      ,5/22/2002,2:25:34 AM,27.4691,56.6023,18,TRUE,ISC      ,mb    ,3.6
3182430,se  ,ISC      ,5/27/2002,1:16:29 AM,27.7335,56.6557,18,TRUE,ISC      ,mb    ,4.1
3153798,ke  ,ISC      ,5/28/2002,7:05:30 PM,27.6218,56.7339,18,TRUE,ISC      ,mb    ,4.7
4737883,ke  ,SNSN     ,5/30/2002,2:09:53 AM,26.6381,56.6976,178.9,,         ,      ,
3171382,ke  ,ISC      ,6/2/2002,8:08:25 PM,27.7912,57.5638,32.1,,ISC      ,mb    ,4.7
3171955,ke  ,ISC      ,6/2/2002,8:17:28 PM,27.9795,57.6131,39,,ISC      ,mb    ,4.4
4735101,ke  ,SNSN     ,6/2/2002,8:17:56 PM,28.143,54.7445,0,,SNSN     ,Ml    ,4.7
3192116,fe  ,ISC      ,6/18/2002,9:07:03 PM,27.6903,54.1126,23,TRUE,ISC      ,mb    ,4.6
3794445,ke  ,IDC      ,6/18/2002,9:49:06 PM,27.1671,54.32,0,TRUE,IDC      ,mb    ,3.8
3794447,ke  ,ISC      ,6/18/2002,10:17:41 PM,27.4508,54.0302,23,TRUE,ISC      ,mb    ,3.8
3190720,ke  ,ISC      ,6/18/2002,10:52:00 PM,27.6036,53.9869,23,TRUE,ISC      ,mb    ,4.2
3191754,ke  ,ISC      ,6/19/2002,1:00:02 AM,27.7538,54.0035,23,TRUE,ISC      ,mb    ,4.3
3794462,se  ,ISC      ,6/19/2002,1:33:27 AM,27.5119,54.1243,23,TRUE,ISC      ,mb    ,3.9
3467992,se  ,ISC      ,6/19/2002,2:23:20 AM,27.6446,54.3494,25,TRUE,ISC      ,mb    ,4.2
3191554,ke  ,ISC      ,6/19/2002,3:48:26 PM,27.3377,54.0259,23,TRUE,ISC      ,mb    ,4.7
4735658,ke  ,SNSN     ,6/20/2002,12:21:04 AM,28.4307,55.3792,169.8,,         ,      ,
3212122,se  ,ISC      ,6/20/2002,2:49:21 PM,27.969,53.8799,26,TRUE,ISC      ,mb    ,4
3212223,se  ,ISC      ,6/23/2002,6:34:19 AM,27.6646,53.9967,23,TRUE,ISC      ,mb    ,3.8
3795310,se  ,ISC      ,6/28/2002,1:04:31 PM,27.3054,54.0035,23,TRUE,ISC      ,mb    ,3.8
3795316,se  ,ISC      ,6/28/2002,2:52:00 PM,27.4701,54.7463,25,TRUE,ISC      ,mb    ,4
3208895,ke  ,ISC      ,7/1/2002,8:20:53 AM,27.4074,53.9259,23,TRUE,ISC      ,mb    ,4.5
6870444,ke  ,SNSN     ,7/1/2002,11:13:50 PM,27.4618,57.0119,160.4,,         ,      ,
6870452,ke  ,SNSN     ,7/2/2002,8:34:51 AM,27.0884,56.9557,210.4,,         ,      ,
6870473,ke  ,SNSN     ,7/2/2002,7:36:51 PM,27.1538,56.168,185.2,,         ,      ,
5067021,ke  ,THR      ,7/3/2002,12:07:07 AM,28.982,54.793,15,,THR      ,ML    ,3.1
6870773,ke  ,SNSN     ,7/12/2002,11:44:53 PM,27.334,56.2078,0,,         ,      ,
3791947,ke  ,ISC      ,7/17/2002,4:29:39 AM,28.2266,57.3391,35,TRUE,ISC      ,mb    ,3.6
3800925,se  ,ISC      ,8/24/2002,1:39:40 AM,26.569,54.4921,10,TRUE,ISC      ,mb    ,3.8
3801389,se  ,ISC      ,8/29/2002,12:57:04 AM,27.755,54.4943,25,TRUE,ISC      ,mb    ,4
3795709,se  ,ISC      ,9/3/2002,5:38:39 AM,27.3301,55.7437,15,TRUE,ISC      ,mb    ,4
3796797,ke  ,ISC      ,9/12/2002,5:31:55 AM,27.5119,54.961,20,TRUE,ISC      ,mb    ,3.5
3486325,ke  ,ISC      ,10/9/2002,7:36:04 PM,28.1136,56.5353,28,TRUE,ISC      ,mb    ,4.2
3518683,se  ,ISC      ,10/11/2002,1:26:18 PM,27.9012,54.5187,17,TRUE,ISC      ,mb    ,3.8
6257207,ke  ,ISC      ,12/13/2002,12:36:21 AM,28.8567,57.3056,91.7,,ISC      ,mb    ,4
6260767,ke  ,ISC      ,12/19/2002,11:49:03 AM,27.9848,54.3678,17,TRUE,ISC      ,mb    ,3.7
6532272,ke  ,ISC      ,1/7/2003,2:12:31 AM,28.8786,53.0717,16,TRUE,ISC      ,mb    ,3.6
6537622,ke  ,ISC      ,1/16/2003,2:07:42 AM,27.9889,55.3182,22,TRUE,ISC      ,mb    ,4.6
6539792,fe  ,ISC      ,1/19/2003,10:27:12 AM,27.1214,56.0665,14,TRUE,ISC      ,mb    ,3.8
6585457,ke  ,ISC      ,2/11/2003,8:42:02 PM,26.5719,54.6586,10,TRUE,ISC      ,mb    ,3.4
6585547,ke  ,THR      ,2/12/2003,12:29:09 AM,28.136,56.159,15,,THR      ,MD    ,3.9
6587153,fe  ,ISC      ,2/14/2003,10:28:59 AM,27.9652,56.8027,24,TRUE,ISC      ,mb    ,5.3
6591519,ke  ,ISC      ,2/20/2003,8:36:50 AM,28.3024,57.3208,35,TRUE,ISC      ,mb    ,3.6
6596835,ke  ,ISC      ,2/28/2003,12:52:05 PM,27.9744,57.5978,30,TRUE,ISC      ,mb    ,4.4
6606804,ke  ,ISC      ,3/1/2003,1:22:45 PM,26.8254,54.7069,18,TRUE,ISC      ,mb    ,3.8
6606934,ke  ,ISC      ,3/1/2003,6:45:57 PM,28.5623,57.5143,43,TRUE,ISC      ,mb    ,4.5
6610539,ke  ,ISC      ,3/8/2003,9:28:05 AM,28.0867,56.7352,28,TRUE,ISC      ,mb    ,4.7
6624326,ke  ,IDC      ,3/30/2003,10:57:05 AM,27.1455,54.2371,0,TRUE,IDC      ,mb    ,3.7
6702931,se  ,ISC      ,4/30/2003,11:10:59 PM,28.4439,56.88,31,TRUE,ISC      ,mb    ,4.2
6834243,ke  ,ISC      ,5/4/2003,1:17:33 AM,27.0008,53.9819,19,TRUE,ISC      ,mb    ,4.4
6837435,ke  ,ISC      ,5/8/2003,10:23:11 PM,27.4448,54.3439,25,TRUE,ISC      ,mb    ,4.8
6837441,ke  ,IDC      ,5/8/2003,10:32:18 PM,27.6274,54.2368,0,TRUE,IDC      ,mb    ,3.6
6837478,ke  ,ISC      ,5/9/2003,12:03:20 AM,26.3871,54.054,10,TRUE,ISC      ,mb    ,3.8
6837493,se  ,ISC      ,5/9/2003,12:47:01 AM,27.5123,54.324,25,TRUE,ISC      ,mb    ,4.1
6837500,se  ,ISC      ,5/9/2003,1:09:38 AM,27.4407,54.4136,25,TRUE,ISC      ,mb    ,4.2
6837581,ke  ,IDC      ,5/9/2003,5:01:45 AM,27.61,54.3278,0,TRUE,IDC      ,mb    ,3.9
6837583,ke  ,IDC      ,5/9/2003,5:03:38 AM,27.4813,54.3448,0,TRUE,IDC      ,mb    ,4
6837584,ke  ,IDC      ,5/9/2003,5:04:16 AM,27.6081,54.3664,0,TRUE,IDC      ,mb    ,4
9517197,ke  ,OMAN     ,5/9/2003,5:54:43 AM,27.4024,55.9109,20,,         ,      ,
6837695,ke  ,ISC      ,5/9/2003,10:34:04 AM,27.5115,54.2379,25,TRUE,ISC      ,mb    ,3.8
6837731,ke  ,OMAN     ,5/9/2003,12:01:31 PM,27.0192,54.0923,101.1,,IDC      ,mb    ,3.7
6837843,ke  ,ISC      ,5/9/2003,4:42:16 PM,28.3366,57.2433,31,TRUE,ISC      ,mb    ,3.8
9517204,ke  ,OMAN     ,5/9/2003,11:50:09 PM,26.9944,54.1244,118.7,,         ,      ,
6839819,ke  ,ISC      ,5/12/2003,11:16:25 AM,27.6199,54.4464,10,TRUE,ISC      ,mb    ,3.6
6840057,ke  ,ISC      ,5/12/2003,8:13:21 PM,27.4851,54.2817,25,TRUE,ISC      ,mb    ,3.5
6841347,ke  ,ISC      ,5/15/2003,2:03:05 AM,27.4348,53.9198,23,TRUE,ISC      ,mb    ,3.7
6845095,ke  ,IDC      ,5/20/2003,4:42:41 PM,27.3966,54.6157,0,TRUE,IDC      ,mb    ,3.6
6848161,ke  ,ISC      ,5/24/2003,4:09:42 PM,27.4724,54.6187,25,TRUE,ISC      ,mb    ,4.2
6848241,ke  ,ISC      ,5/24/2003,6:38:56 PM,27.6301,54.4918,17,TRUE,ISC      ,mb    ,3.8
6848526,ke  ,ISC      ,5/25/2003,4:47:57 AM,27.5357,54.3112,25,TRUE,ISC      ,mb    ,3.9
6853113,ke  ,ISC      ,5/28/2003,12:04:38 AM,27.938,56.9187,31,TRUE,ISC      ,mb    ,3.6
6854540,ke  ,ISC      ,5/28/2003,10:36:08 PM,27.9571,57.5387,35,TRUE,ISC      ,mb    ,3.4
6924706,ke  ,IDC      ,6/1/2003,9:00:23 AM,26.9086,56.1406,0,TRUE,IDC      ,mb    ,3.7
9517305,ke  ,OMAN     ,6/3/2003,5:42:38 PM,26.3564,55.0227,167.5,,         ,      ,
6929351,ke  ,ISC      ,6/6/2003,10:04:05 AM,26.6295,57.1827,10,TRUE,ISC      ,mb    ,3.8
6935583,se  ,ISC      ,6/13/2003,2:55:45 AM,27.8712,57.5946,30,TRUE,ISC      ,mb    ,3.9
6937450,ke  ,ISC      ,6/14/2003,5:27:05 PM,28.2656,54.8249,10,TRUE,ISC      ,mb    ,3.7
6940803,ke  ,ISC      ,6/18/2003,10:15:19 PM,27.6343,55.0469,20,TRUE,ISC      ,mb    ,3.5
9517384,ke  ,OMAN     ,6/27/2003,5:50:35 AM,26.923,54.5794,100,,         ,      ,
6992967,fe  ,ISC      ,7/6/2003,4:04:20 PM,27.9949,57.7027,20.8,,ISC      ,mb    ,4.9
6995850,de  ,ISC      ,7/10/2003,5:06:41 PM,28.3539,54.1699,19.7,,ISC      ,mb    ,5.9
6995870,ke  ,ISC      ,7/10/2003,5:28:18 PM,28.2948,54.2274,10,TRUE,ISC      ,mb    ,3.8
6995875,ke  ,ISC      ,7/10/2003,5:40:18 PM,28.2673,54.0723,12.3,,ISC      ,mb    ,5.7
6995888,se  ,ISC      ,7/10/2003,6:05:22 PM,28.2757,54.1725,24,TRUE,ISC      ,mb    ,3.6
6995923,ke  ,ISC      ,7/10/2003,7:26:12 PM,28.336,54.0035,24,TRUE,ISC      ,mb    ,4.3
6995929,ke  ,ISC      ,7/10/2003,7:37:10 PM,28.2601,53.9749,24,TRUE,ISC      ,mb    ,4.2
6995952,ke  ,ISC      ,7/10/2003,8:22:38 PM,28.5278,54.2495,24,TRUE,ISC      ,mb    ,3.8
6995960,ke  ,ISC      ,7/10/2003,8:37:05 PM,28.3689,54.2604,24,TRUE,ISC      ,mb    ,4
6995993,ke  ,ISC      ,7/10/2003,10:00:21 PM,28.2688,54.2957,26,TRUE,ISC      ,mb    ,3.9
6996031,ke  ,ISC      ,7/10/2003,11:02:48 PM,28.3105,54.1299,24,TRUE,ISC      ,mb    ,4
6996052,se  ,ISC      ,7/10/2003,11:40:05 PM,28.197,54.2213,26,TRUE,ISC      ,mb    ,3.8
6996057,ke  ,ISC      ,7/10/2003,11:47:25 PM,28.6362,53.8964,24,TRUE,ISC      ,mb    ,3.6
6996095,se  ,ISC      ,7/11/2003,1:17:20 AM,28.1129,54.2005,26,TRUE,ISC      ,mb    ,3.8
6996150,se  ,ISC      ,7/11/2003,3:17:55 AM,28.3636,53.9917,24,TRUE,ISC      ,mb    ,4
6996186,se  ,ISC      ,7/11/2003,5:08:09 AM,28.231,54.0702,24,TRUE,ISC      ,mb    ,4
6996320,ke  ,ISC      ,7/11/2003,10:23:37 AM,28.2414,54.1457,26,TRUE,ISC      ,mb    ,4.5
6996702,ke  ,ISC      ,7/11/2003,11:55:48 PM,28.4184,54.0129,24,TRUE,ISC      ,mb    ,5
6996857,de  ,ISC      ,7/12/2003,5:55:02 AM,28.2423,54.1297,26,TRUE,ISC      ,mb    ,4.1
6997070,ke  ,IDC      ,7/12/2003,12:45:37 PM,27.669,54.0171,0,TRUE,IDC      ,mb    ,3.9
6997235,ke  ,ISC      ,7/12/2003,6:58:39 PM,28.3689,54.0326,24,TRUE,ISC      ,mb    ,3.9
6997436,fe  ,ISC      ,7/13/2003,1:15:55 AM,28.3479,53.9991,24,TRUE,ISC      ,mb    ,4.2
6997496,ke  ,ISC      ,7/13/2003,3:00:20 AM,28.2005,53.9304,26,TRUE,ISC      ,mb    ,4.1
6997708,ke  ,ISC      ,7/13/2003,9:33:31 AM,28.3362,54.0618,24,TRUE,ISC      ,mb    ,4.3
6997955,ke  ,IDC      ,7/13/2003,6:07:48 PM,28.3302,54.1368,0,TRUE,IDC      ,mb    ,3.7
6998151,ke  ,ISC      ,7/14/2003,1:24:55 AM,28.04,54.005,24,TRUE,ISC      ,mb    ,3.6
6998181,fe  ,ISC      ,7/14/2003,2:27:03 AM,28.3096,53.9449,24,TRUE,ISC      ,mb    ,4.4
6998237,ke  ,IDC      ,7/14/2003,4:02:05 AM,27.6649,54.0331,0,TRUE,IDC      ,mb    ,3.8
6998253,fe  ,ISC      ,7/14/2003,4:28:58 AM,28.2864,53.9664,24,TRUE,ISC      ,mb    ,4.2
6998581,se  ,ISC      ,7/14/2003,5:19:51 PM,28.3094,54.0828,24,TRUE,ISC      ,mb    ,4
7000513,ke  ,ISC      ,7/17/2003,3:44:11 PM,28.3333,54.013,24,TRUE,ISC      ,mb    ,3.6
7001756,se  ,ISC      ,7/19/2003,1:30:05 PM,28.3619,54.0555,24,TRUE,ISC      ,mb    ,3.6
7002166,ke  ,ISC      ,7/20/2003,1:40:34 AM,28.1921,53.9712,26,TRUE,ISC      ,mb    ,4.3
7002488,se  ,ISC      ,7/20/2003,1:57:48 PM,28.2973,54.2791,10,TRUE,ISC      ,mb    ,3.8
7052312,ke  ,ISC      ,8/1/2003,11:54:47 AM,28.2847,54.0725,24,TRUE,ISC      ,mb    ,4.3
7055901,ke  ,ISC      ,8/5/2003,8:03:40 PM,28.2862,54.0539,24,TRUE,ISC      ,mb    ,4.2
7055932,ke  ,ISC      ,8/5/2003,8:48:54 PM,28.1963,57.1188,35,TRUE,ISC      ,mb    ,4.1
9517462,ke  ,OMAN     ,8/7/2003,1:44:44 PM,27.8916,57.0483,20,,         ,      ,
7072418,ke  ,ISC      ,8/28/2003,6:31:58 PM,28.4264,54.0016,28.1,,ISC      ,mb    ,4.7
7072428,ke  ,IDC      ,8/28/2003,6:37:10 PM,27.4933,54.0187,0,TRUE,IDC      ,mb    ,3.9
9517580,ke  ,OMAN     ,9/7/2003,9:45:44 PM,27.6303,56.3547,52.7,,         ,      ,
9517586,ke  ,OMAN     ,9/9/2003,2:52:22 AM,26.5262,57.2605,0,,         ,      ,
7124857,fe  ,ISC      ,9/11/2003,7:31:28 PM,28.422,54.1009,24,TRUE,ISC      ,mb    ,4.8
7127269,se  ,ISC      ,9/15/2003,11:01:38 AM,27.9107,54.7139,26,TRUE,ISC      ,mb    ,4
9517656,ke  ,OMAN     ,9/16/2003,9:35:44 PM,26.6284,55.2729,155.2,,         ,      ,
7128819,ke  ,ISC      ,9/17/2003,12:34:29 PM,28.3302,54.1451,24,TRUE,ISC      ,mb    ,3.8
9517725,ke  ,OMAN     ,9/26/2003,8:35:56 AM,28.3575,54.1821,159.2,,         ,      ,
7146858,ke  ,ISC      ,10/1/2003,7:14:03 AM,27.9777,57.0944,24,TRUE,ISC      ,mb    ,4.8
9517770,ke  ,OMAN     ,10/2/2003,2:54:27 AM,25.8885,54.5481,91.3,TRUE,         ,      ,
7152439,se  ,ISC      ,10/7/2003,11:04:33 AM,28.2387,54.3422,17,TRUE,ISC      ,mb    ,4.6
7154806,se  ,ISC      ,10/10/2003,2:53:20 PM,28.0491,53.9554,26,TRUE,ISC      ,mb    ,3.8
7162776,ke  ,ISC      ,10/21/2003,4:13:12 AM,28.9376,55.8656,10,TRUE,ISC      ,mb    ,3.8
7164862,ke  ,ISC      ,10/24/2003,5:58:22 AM,28.3547,54.041,25,,ISC      ,mb    ,5.2
7173131,se  ,ISC      ,11/1/2003,4:53:01 AM,28.0217,54.7943,26,TRUE,ISC      ,mb    ,3.7
7175733,ke  ,ISC      ,11/4/2003,12:50:01 AM,27.3683,56.3761,18,TRUE,ISC      ,mb    ,4.3
7176624,ke  ,ISC      ,11/5/2003,7:58:51 AM,27.4972,56.1093,19.2,,ISC      ,mb    ,5.2
7496731,ke  ,SNSN     ,11/25/2003,10:41:31 PM,26.7605,56.4714,109,,         ,      ,
7192221,ke  ,ISC      ,11/26/2003,5:48:12 AM,28.2067,54.2012,26,TRUE,ISC      ,mb    ,4.4
7192815,se  ,ISC      ,11/27/2003,1:09:44 AM,27.7334,51.7064,35,TRUE,ISC      ,mb    ,4
7194039,fe  ,ISC      ,11/28/2003,11:19:49 PM,28.2983,53.9741,19.3,,ISC      ,mb    ,5.2
7497952,ke  ,SNSN     ,12/3/2003,6:30:13 AM,27.2845,54.7006,184.1,,SNSN     ,Ml    ,3.7
7197419,ke  ,ISC      ,12/3/2003,7:27:04 AM,27.5917,56.7104,18,TRUE,ISC      ,mb    ,4.2
7202475,se  ,ISC      ,12/9/2003,5:08:54 PM,26.6751,55.886,10,TRUE,ISC      ,mb    ,3.7
7206426,ke  ,IDC      ,12/12/2003,12:47:08 PM,28.2993,54.2249,0,TRUE,IDC      ,mb    ,3.7
7209902,fe  ,ISC      ,12/15/2003,10:57:27 PM,28.2968,54.1384,25.4,,ISC      ,mb    ,5
7210390,ke  ,ISC      ,12/16/2003,3:04:54 PM,28.5209,56.6213,44,TRUE,ISC      ,mb    ,3.9
7213393,ke  ,ISC      ,12/20/2003,10:47:37 AM,28.4108,53.8154,10,TRUE,ISC      ,mb    ,3.9
7215434,ke  ,ISC      ,12/23/2003,6:32:38 AM,28.3357,54.0706,24,TRUE,ISC      ,mb    ,5
7215441,ke  ,ISC      ,12/23/2003,6:44:31 AM,28.3875,54.1262,24,TRUE,ISC      ,mb    ,4.1
7215442,ke  ,IDC      ,12/23/2003,6:45:17 AM,28.4553,54.2996,0,TRUE,IDC      ,mb    ,4
7215445,ke  ,IDC      ,12/23/2003,6:48:23 AM,28.1492,54.2754,0,TRUE,IDC      ,mb    ,3.7
7215498,ke  ,ISC      ,12/23/2003,9:20:43 AM,28.3473,54.0659,24,TRUE,ISC      ,mb    ,4.7
7216650,ke  ,ISC      ,12/24/2003,8:54:04 PM,28.6475,53.8722,24,TRUE,ISC      ,mb    ,4
7217733,ke  ,ISC      ,12/26/2003,2:34:19 AM,29.0238,58.2754,15,TRUE,ISC      ,mb    ,4
7217756,ke  ,ISC      ,12/26/2003,3:06:18 AM,28.9145,58.2348,28.7,,ISC      ,mb    ,5.1
7217762,se  ,ISC      ,12/26/2003,3:21:12 AM,29.018,58.3888,15,TRUE,ISC      ,mb    ,4
7217767,se  ,ISC      ,12/26/2003,3:37:41 AM,29.0476,58.3274,15,TRUE,ISC      ,mb    ,3.9
7217780,ke  ,ISC      ,12/26/2003,3:53:30 AM,28.9667,58.3207,25.6,,ISC      ,mb    ,4.5
7217932,se  ,ISC      ,12/26/2003,9:16:38 AM,28.9255,58.2437,19,TRUE,ISC      ,mb    ,4.2
7498529,ke  ,SNSN     ,12/26/2003,10:00:47 AM,26.6348,54.7113,0,,         ,      ,
7219585,ke  ,ISC      ,12/28/2003,6:42:59 AM,28.4309,54.1437,24.9,,ISC      ,mb    ,4.6
7219720,se  ,ISC      ,12/28/2003,11:22:36 AM,28.3737,54.0858,24,TRUE,ISC      ,mb    ,4.1
7225900,ke  ,IDC      ,1/3/2004,8:24:16 PM,28.7165,54.2582,0,TRUE,IDC      ,mb    ,3.8
7226313,se  ,ISC      ,1/4/2004,5:53:58 AM,28.1683,57.6108,30,TRUE,ISC      ,mb    ,3.7
7229596,se  ,ISC      ,1/8/2004,11:35:58 AM,28.3751,53.9845,24,TRUE,ISC      ,mb    ,3.9
7234930,se  ,ISC      ,1/16/2004,12:57:01 AM,28.399,58.5098,10,TRUE,ISC      ,mb    ,3.7
7235021,ke  ,ISC      ,1/16/2004,5:29:39 AM,28.2768,57.0838,31,TRUE,ISC      ,mb    ,3.5
7236411,ke  ,ISC      ,1/18/2004,2:02:14 AM,27.2209,56.0749,15,TRUE,ISC      ,mb    ,4.5
7238047,ke  ,ISC      ,1/20/2004,1:22:53 PM,28.1974,57.5943,30,TRUE,ISC      ,mb    ,4.5
7242266,ke  ,ISC      ,1/26/2004,6:09:17 PM,28.9457,53.3436,10,TRUE,ISC      ,mb    ,4.1
7242465,se  ,ISC      ,1/27/2004,1:08:01 AM,28.6243,53.6404,10,TRUE,ISC      ,mb    ,4
7242801,ke  ,ISC      ,1/27/2004,3:05:29 PM,26.8541,57.3531,10,TRUE,ISC      ,mb    ,4.1
7243073,ke  ,ISC      ,1/28/2004,1:44:20 AM,28.3401,55.8471,10,TRUE,ISC      ,mb    ,3.6
7243255,fe  ,ISC      ,1/28/2004,9:06:48 AM,26.956,57.4808,25,TRUE,ISC      ,mb    ,5.3
7243272,se  ,ISC      ,1/28/2004,9:33:33 AM,26.8641,57.255,25,TRUE,ISC      ,mb    ,4.5
7245838,se  ,ISC      ,1/31/2004,9:59:06 AM,28.5513,57.9276,10,TRUE,ISC      ,mb    ,3.9
7246689,se  ,ISC      ,2/2/2004,2:02:45 AM,27.9895,56.0529,16,TRUE,ISC      ,mb    ,4.1
7249266,ke  ,ISC      ,2/8/2004,10:08:44 PM,28.5756,56.6938,44,TRUE,ISC      ,mb    ,3.4
7250823,ke  ,ISC      ,2/13/2004,8:47:49 AM,28.0598,55.8152,16,TRUE,ISC      ,mb    ,3.6
7251652,ke  ,ISC      ,2/15/2004,7:37:33 PM,27.625,52.1971,10,TRUE,ISC      ,mb    ,4.7
7252592,se  ,ISC      ,2/18/2004,5:36:03 PM,28.2347,55.9365,10,TRUE,ISC      ,mb    ,3.9
7313026,ke  ,ISC      ,3/18/2004,1:21:18 PM,28.2349,56.9171,31,TRUE,ISC      ,mb    ,4.5
7313831,se  ,ISC      ,3/19/2004,4:25:13 PM,28.7676,57.5254,10,TRUE,ISC      ,mb    ,3.6
7313834,ke  ,ISC      ,3/19/2004,4:36:26 PM,28.5164,57.5916,43,TRUE,ISC      ,mb    ,3.6
7314125,se  ,ISC      ,3/20/2004,1:13:42 AM,28.8966,57.472,10,TRUE,ISC      ,mb    ,3.5
7314634,ke  ,ISC      ,3/20/2004,5:33:43 PM,27.4929,55.1055,20,TRUE,ISC      ,mb    ,4.2
7315631,ke  ,ISC      ,3/22/2004,1:38:45 AM,28.51,53.8701,24,TRUE,ISC      ,mb    ,3.7
7316442,ke  ,IDC      ,3/23/2004,8:12:25 AM,28.0607,56.5532,0,TRUE,IDC      ,mb    ,3.7
7317564,ke  ,ISC      ,3/24/2004,6:13:07 PM,27.4641,56.0707,15,TRUE,ISC      ,mb    ,4.5
7328676,se  ,ISC      ,4/11/2004,7:27:30 AM,29.0503,58.0822,19,TRUE,ISC      ,mb    ,3.4
7329325,se  ,ISC      ,4/13/2004,3:47:01 AM,27.2,55.869,15,TRUE,ISC      ,mb    ,4
7330771,se  ,ISC      ,4/16/2004,2:50:03 AM,28.3575,53.9247,24,TRUE,ISC      ,mb    ,3.7
7332843,se  ,ISC      ,4/21/2004,4:11:10 AM,27.8904,57.2371,24,TRUE,ISC      ,mb    ,3.7
7332989,ke  ,ISC      ,4/21/2004,2:45:19 PM,28.36,57.0507,31,TRUE,ISC      ,mb    ,4.4
7333889,ke  ,ISC      ,4/23/2004,7:26:07 PM,28.4825,54.2064,24,TRUE,ISC      ,mb    ,4.6
7336538,ke  ,ISC      ,4/30/2004,1:48:49 PM,27.7421,53.2095,16,TRUE,ISC      ,mb    ,4.5
7355486,ke  ,ISC      ,6/11/2004,11:02:17 AM,27.7458,53.106,20,TRUE,ISC      ,mb    ,4.4
7360120,ke  ,ISC      ,6/24/2004,9:56:01 PM,28.0926,58.1954,10,TRUE,THR      ,ML    ,3.5
7360482,ke  ,THR      ,6/25/2004,7:19:56 PM,26.856,55.896,15,,THR      ,ML    ,3.2
7367575,ke  ,ISC      ,7/3/2004,10:22:13 PM,27.8934,56.5328,28,TRUE,ISC      ,mb    ,3.9
7369445,ke  ,THR      ,7/9/2004,9:42:23 AM,27.347,55.353,14.1,,THR      ,ML    ,3.2
9531056,ke  ,OMAN     ,7/10/2004,3:07:15 AM,27.7161,57.9179,35.3,,         ,      ,
7371072,se  ,ISC      ,7/13/2004,5:50:03 AM,29.2068,56.9965,10,TRUE,ISC      ,mb    ,4.1
9531086,ke  ,OMAN     ,7/21/2004,10:27:56 PM,25.9978,57.6828,41.1,,         ,      ,
7376785,ke  ,IDC      ,7/28/2004,12:40:56 PM,27.5342,56.0459,0,TRUE,IDC      ,mb    ,3.7
7385505,se  ,ISC      ,8/5/2004,4:25:22 PM,28.8965,57.1325,16.6,,ISC      ,mb    ,3.8
7387344,ke  ,ISC      ,8/10/2004,2:31:03 AM,28.3429,56.9715,24.7,,ISC      ,mb    ,4.9
7394357,ke  ,ISC      ,8/29/2004,6:50:28 AM,28.4616,56.5819,44,TRUE,ISC      ,mb    ,3.3
9531167,ke  ,OMAN     ,8/30/2004,8:19:58 AM,26.0658,56.5246,31.8,,         ,      ,
7395009,ke  ,THR      ,8/31/2004,4:11:13 AM,28.625,57.363,24.8,,THR      ,ML    ,3.1
7395023,ke  ,ISC      ,8/31/2004,4:45:15 AM,28.6639,53.5789,10,TRUE,ISC      ,mb    ,4
7395302,ke  ,ISC      ,8/31/2004,7:49:52 PM,27.3517,58.0175,10,TRUE,ISC      ,mb    ,3.6
7395358,ke  ,ISC      ,8/31/2004,10:26:37 PM,28.6247,53.668,10,TRUE,ISC      ,mb    ,4.5
7396934,se  ,ISC      ,9/1/2004,4:31:19 PM,28.2716,54.1646,24,TRUE,ISC      ,mb    ,3.7
7397583,ke  ,ISC      ,9/3/2004,2:08:56 PM,26.9076,54.5853,18,TRUE,ISC      ,mb    ,4.4
7399376,ke  ,THR      ,9/7/2004,4:54:47 PM,26.848,54.566,37.8,,THR      ,ML    ,3.3
9531210,ke  ,OMAN     ,9/15/2004,8:06:46 AM,25.1053,55.9701,50.8,,         ,      ,
9531212,ke  ,OMAN     ,9/15/2004,8:14:17 AM,25.1947,55.8296,2.8,,         ,      ,
9531214,ke  ,OMAN     ,9/15/2004,8:24:27 AM,25.1563,56.4793,41,,         ,      ,
7402637,ke  ,IDC      ,9/18/2004,11:03:58 AM,28.8397,55.6838,0,TRUE,IDC      ,mb    ,3.7
9531221,ke  ,OMAN     ,9/18/2004,9:23:07 PM,27.3372,55.4848,190.4,,         ,      ,
9531229,ke  ,OMAN     ,9/20/2004,7:24:31 AM,25.6494,56.2515,45.9,,         ,      ,
9531231,ke  ,OMAN     ,9/20/2004,7:25:32 AM,25.6264,56.3484,42.1,,         ,      ,
9531233,ke  ,OMAN     ,9/20/2004,7:44:13 AM,25.1805,56.1635,69.3,,         ,      ,
9531235,ke  ,OMAN     ,9/20/2004,7:57:40 AM,25.2668,56.1927,20.1,,         ,      ,
9531237,ke  ,OMAN     ,9/20/2004,5:38:16 PM,25.2988,56.1465,30,TRUE,         ,      ,
9531239,ke  ,OMAN     ,9/21/2004,6:37:02 AM,25.2213,56.453,30,TRUE,         ,      ,
9531241,ke  ,OMAN     ,9/21/2004,7:12:42 AM,25.1177,56.5856,30,TRUE,         ,      ,
9531248,ke  ,OMAN     ,9/22/2004,6:31:59 AM,25.2803,56.2518,65.6,,         ,      ,
9531250,ke  ,OMAN     ,9/22/2004,6:34:58 AM,25.3826,55.8596,62.7,,         ,      ,
9531252,ke  ,OMAN     ,9/22/2004,6:45:47 AM,25.208,56.1704,30,TRUE,         ,      ,
9531254,ke  ,OMAN     ,9/22/2004,9:00:13 AM,25.0554,56.5549,30,TRUE,         ,      ,
9531262,ke  ,OMAN     ,9/24/2004,6:48:49 PM,28.4553,57.4284,30,TRUE,         ,      ,
9531264,ke  ,OMAN     ,9/26/2004,6:42:17 AM,25.257,56.2135,30,TRUE,         ,      ,
9531266,ke  ,OMAN     ,9/26/2004,7:27:00 AM,25.2646,56.1669,10.6,,         ,      ,
9531268,ke  ,OMAN     ,9/26/2004,7:28:33 AM,25.2414,56.1644,39,,         ,      ,
9531270,ke  ,OMAN     ,9/26/2004,8:03:35 AM,25.5882,56.2626,32.3,,         ,      ,
7405667,se  ,ISC      ,9/27/2004,7:07:00 PM,28.0344,54.3274,17,TRUE,ISC      ,mb    ,4
7406039,ke  ,ISC      ,9/28/2004,4:53:18 PM,27.9016,52.0153,26,TRUE,ISC      ,mb    ,4
7406525,ke  ,ISC      ,9/30/2004,2:07:21 AM,27.3559,54.0289,23,TRUE,ISC      ,mb    ,3.6
7406608,ke  ,ISC      ,9/30/2004,8:19:18 AM,27.3372,54.0708,23,TRUE,ISC      ,mb    ,3.8
7415699,fe  ,ISC      ,10/6/2004,11:14:29 AM,28.7489,57.9267,28.3,,ISC      ,mb    ,5
7415870,ke  ,THR      ,10/6/2004,7:22:26 PM,28.835,57.932,14.1,,THR      ,ML    ,2.8
7416065,ke  ,ISC      ,10/7/2004,7:16:52 AM,36.3346,22.6139,56.2,,ISC      ,mb    ,5
7416066,ke  ,ISC      ,10/7/2004,7:17:00 AM,28.7862,57.766,10,TRUE,ISC      ,mb    ,4.5
7416145,ke  ,ISC      ,10/7/2004,12:54:59 PM,28.3156,57.274,43,TRUE,ISC      ,mb    ,5.3
7416999,ke  ,ISC      ,10/9/2004,6:08:22 AM,28.3685,57.1972,31,TRUE,ISC      ,mb    ,4.4
7417353,ke  ,ISC      ,10/10/2004,10:28:06 AM,26.3405,57.624,10,TRUE,ISC      ,mb    ,4.5
7417408,ke  ,ISC      ,10/10/2004,4:27:52 PM,28.3662,57.215,31,TRUE,ISC      ,mb    ,4.3
7417578,ke  ,THR      ,10/11/2004,6:57:02 AM,26.252,57.348,41,,THR      ,ML    ,3.1
7417873,ke  ,KISR     ,10/12/2004,8:41:26 AM,28.121,56.858,5,,KISR     ,ML    ,3.4
7417877,ke  ,ISC      ,10/12/2004,8:47:03 AM,28.305,56.9913,31,TRUE,THR      ,ML    ,3.6
7417878,ke  ,KISR     ,10/12/2004,9:04:42 AM,28.045,56.682,3.8,,KISR     ,ML    ,3.4
7418035,ke  ,THR      ,10/12/2004,11:00:45 PM,27.823,57.616,14.1,,THR      ,ML    ,3.1
7418051,ke  ,THR      ,10/13/2004,12:21:46 AM,27.64,56.557,14,,THR      ,ML    ,2.9
7418382,ke  ,THR      ,10/14/2004,6:52:47 AM,27.459,56.228,16.4,,THR      ,ML    ,3.1
9531383,ke  ,OMAN     ,10/15/2004,8:55:50 AM,28.7091,56.9561,0,TRUE,         ,      ,
9531387,ke  ,OMAN     ,10/15/2004,1:57:43 PM,25.5924,56.6265,15,TRUE,         ,      ,
9531389,ke  ,OMAN     ,10/15/2004,8:43:20 PM,27.1607,56.5629,31.4,,         ,      ,
9531395,ke  ,OMAN     ,10/16/2004,6:28:08 AM,25.3204,56.1183,36.2,,         ,      ,
9531397,ke  ,OMAN     ,10/16/2004,6:31:27 AM,25.2661,56.2972,64,,         ,      ,
9531399,ke  ,OMAN     ,10/16/2004,7:40:01 AM,25.6259,56.2719,46.2,,         ,      ,
9531401,ke  ,OMAN     ,10/16/2004,7:41:07 AM,25.5405,56.6089,31.8,,         ,      ,
9531412,ke  ,OMAN     ,10/17/2004,7:00:38 AM,25.1116,56.547,49,,         ,      ,
7419366,ke  ,THR      ,10/17/2004,4:10:26 PM,27.371,55.917,14.1,,THR      ,ML    ,2.6
9531417,ke  ,OMAN     ,10/18/2004,5:06:22 AM,25.5732,56.2318,1.3,,         ,      ,
7419525,ke  ,THR      ,10/18/2004,6:42:18 AM,28.195,57.636,14.2,,THR      ,ML    ,2.8
7419683,ke  ,THR      ,10/18/2004,9:11:24 PM,27.552,55.569,17.4,,THR      ,ML    ,2.5
9531425,ke  ,OMAN     ,10/19/2004,9:44:54 AM,25.5546,56.3006,20.5,,         ,      ,
9531429,ke  ,OMAN     ,10/20/2004,12:16:50 AM,27.3082,56.1516,166.7,,         ,      ,
9531435,ke  ,OMAN     ,10/20/2004,8:41:38 PM,25.638,56.384,35,,         ,      ,
9531437,ke  ,OMAN     ,10/20/2004,8:45:38 PM,25.5652,56.2289,1.6,,         ,      ,
9531439,ke  ,OMAN     ,10/21/2004,9:26:36 AM,25.5645,56.2333,16.2,,         ,      ,
9531441,ke  ,OMAN     ,10/21/2004,9:27:59 AM,25.5463,56.2099,10,TRUE,         ,      ,
9531447,ke  ,OMAN     ,10/21/2004,11:01:42 PM,27.5814,56.5787,34.9,,         ,      ,
9531449,ke  ,OMAN     ,10/22/2004,2:09:13 AM,25.2686,56.2835,10,TRUE,         ,      ,
9531458,ke  ,OMAN     ,10/23/2004,5:49:16 AM,27.2392,56.4971,95.7,,         ,      ,
9531460,ke  ,OMAN     ,10/23/2004,7:31:18 AM,25.1124,56.3935,64,,         ,      ,
9531462,ke  ,OMAN     ,10/23/2004,7:48:50 AM,26.0302,56.602,23.7,,         ,      ,
9531476,ke  ,OMAN     ,10/23/2004,6:36:24 PM,27.3031,56.0673,70.5,,         ,      ,
7421657,ke  ,THR      ,10/24/2004,6:16:58 PM,27.652,54.046,14.1,,THR      ,ML    ,2.4
7421728,ke  ,CSEM     ,10/24/2004,10:08:47 PM,28.046,55.869,0,,CSEM     ,ML    ,3
7421767,ke  ,THR      ,10/25/2004,12:02:37 AM,27.72,56.021,14.1,,THR      ,ML    ,2.5
9531488,ke  ,OMAN     ,10/25/2004,12:51:13 AM,25.6964,56.5902,10,TRUE,         ,      ,
7421780,ke  ,THR      ,10/25/2004,1:00:12 AM,28.416,57.253,14.1,,THR      ,ML    ,2.8
9531486,ke  ,OMAN     ,10/25/2004,5:25:33 AM,27.0211,56.7106,10,TRUE,         ,      ,
9531491,ke  ,OMAN     ,10/26/2004,4:31:47 AM,28.2454,56.7476,18.9,,         ,      ,
9531493,ke  ,OMAN     ,10/26/2004,4:33:21 AM,28.2961,56.7647,13.3,,         ,      ,
9531495,ke  ,OMAN     ,10/26/2004,4:58:13 AM,27.5912,57.6213,44.3,,         ,      ,
9531497,ke  ,OMAN     ,10/26/2004,7:21:04 AM,25.1629,56.2174,19.1,,         ,      ,
9531501,ke  ,OMAN     ,10/26/2004,12:29:19 PM,27.7573,56.8535,102,,         ,      ,
9531503,ke  ,OMAN     ,10/26/2004,9:03:57 PM,27.7375,57.0303,10,TRUE,         ,      ,
9531507,ke  ,OMAN     ,10/27/2004,6:34:19 AM,25.3794,56.1476,1.6,,         ,      ,
9531509,ke  ,OMAN     ,10/27/2004,6:41:34 AM,25.1765,56.6712,1,TRUE,         ,      ,
9531511,ke  ,OMAN     ,10/27/2004,6:51:22 AM,25.5061,56.8933,1.5,TRUE,         ,      ,
9531513,ke  ,OMAN     ,10/27/2004,6:54:25 AM,25.6979,55.7876,3.6,,         ,      ,
9531515,ke  ,OMAN     ,10/27/2004,7:44:33 AM,25.0835,56.622,1.5,TRUE,         ,      ,
9531519,ke  ,OMAN     ,10/27/2004,7:52:18 AM,25.1485,56.1154,15,TRUE,         ,      ,
9531521,ke  ,OMAN     ,10/27/2004,8:12:28 AM,25.054,56.7981,1.5,TRUE,         ,      ,
9531530,ke  ,OMAN     ,10/28/2004,4:46:19 AM,28.6873,57.0928,30,TRUE,         ,      ,
9531532,ke  ,OMAN     ,10/28/2004,5:16:57 PM,28.5833,57.9384,30,TRUE,         ,      ,
9531537,ke  ,OMAN     ,10/29/2004,2:41:12 PM,28.9797,56.4202,77.9,,         ,      ,
7423383,ke  ,KISR     ,10/29/2004,6:44:24 PM,28.955,55.936,12.7,,KISR     ,ML    ,3.4
9531546,ke  ,OMAN     ,10/30/2004,7:50:38 PM,27.2352,57.5956,30,TRUE,         ,      ,
9531550,ke  ,OMAN     ,10/31/2004,7:59:53 AM,25.8356,56.7266,2,TRUE,         ,      ,
9531554,ke  ,OMAN     ,11/1/2004,5:52:29 AM,25.0124,56.4765,1.5,TRUE,         ,      ,
9531556,ke  ,OMAN     ,11/1/2004,7:38:20 AM,25.001,56.5925,1.5,TRUE,         ,      ,
9531558,ke  ,OMAN     ,11/1/2004,7:52:40 AM,25.2246,56.1094,1.5,TRUE,         ,      ,
9531562,ke  ,OMAN     ,11/1/2004,8:01:47 AM,25.2691,55.7173,1.5,TRUE,         ,      ,
9531564,ke  ,OMAN     ,11/1/2004,8:13:19 AM,25.0934,56.0774,10,TRUE,         ,      ,
9531568,ke  ,OMAN     ,11/1/2004,3:22:27 PM,28.0316,56.8153,30,TRUE,         ,      ,
9531575,ke  ,OMAN     ,11/2/2004,1:49:15 AM,25.7333,56.6634,30,TRUE,         ,      ,
9531577,ke  ,OMAN     ,11/2/2004,3:55:25 AM,27.4763,57.6864,30,TRUE,         ,      ,
9531579,ke  ,OMAN     ,11/2/2004,5:28:08 AM,26.1126,55.9421,1.5,TRUE,         ,      ,
9531581,ke  ,OMAN     ,11/2/2004,6:24:58 AM,25.2402,56.6395,1.5,TRUE,         ,      ,
9531583,ke  ,OMAN     ,11/2/2004,7:08:55 AM,25.2845,55.7064,1.5,TRUE,         ,      ,
9531585,ke  ,OMAN     ,11/2/2004,7:52:03 AM,25.0118,56.5845,1.5,TRUE,         ,      ,
9531587,ke  ,OMAN     ,11/2/2004,8:01:58 AM,25.5585,55.6812,1.5,TRUE,         ,      ,
9531591,ke  ,OMAN     ,11/2/2004,8:55:46 PM,28.2632,56.1486,202.6,,         ,      ,
9531597,ke  ,OMAN     ,11/3/2004,6:20:14 PM,27.7079,57.2063,82,,         ,      ,
7431727,ke  ,ISC      ,11/6/2004,6:08:57 PM,28.3037,53.9201,26,TRUE,ISC      ,mb    ,4.2
7431838,ke  ,THR      ,11/6/2004,11:36:17 PM,27.578,55.819,32.2,,THR      ,ML    ,2.7
7431868,ke  ,THR      ,11/7/2004,1:07:23 AM,27.542,55.566,14.2,,THR      ,ML    ,3.2
7431872,ke  ,THR      ,11/7/2004,1:15:17 AM,27.557,55.562,14.1,,THR      ,ML    ,3.2
7431873,ke  ,THR      ,11/7/2004,1:21:42 AM,27.566,55.567,14.1,,THR      ,ML    ,3.1
7431877,ke  ,THR      ,11/7/2004,1:55:29 AM,27.482,55.486,14.2,,THR      ,ML    ,3.3
7431928,ke  ,OMAN     ,11/7/2004,2:52:56 AM,27.6288,55.2597,19.1,TRUE,THR      ,ML    ,3.8
7431947,ke  ,THR      ,11/7/2004,3:02:11 AM,27.687,55.658,18,,THR      ,ML    ,2.6
7431968,ke  ,THR      ,11/7/2004,4:38:58 AM,27.699,55.621,14.2,,THR      ,ML    ,2.3
9531624,ke  ,OMAN     ,11/7/2004,8:15:49 AM,25.0637,56.131,35.1,,         ,      ,
9531626,ke  ,OMAN     ,11/7/2004,8:26:30 AM,27.8173,55.942,60.6,,         ,      ,
7432208,ke  ,THR      ,11/7/2004,3:04:44 PM,28.472,55.32,17.7,,THR      ,ML    ,2.2
7432209,ke  ,THR      ,11/7/2004,3:08:47 PM,28.437,55.803,15,,THR      ,ML    ,2.2
7432374,ke  ,THR      ,11/7/2004,9:32:14 PM,27.517,55.568,18,,THR      ,ML    ,3.2
7432581,ke  ,THR      ,11/8/2004,6:34:19 AM,28.222,54.13,14.1,,THR      ,ML    ,2.7
9531631,ke  ,OMAN     ,11/8/2004,6:34:22 AM,28.5004,56.8756,227.2,,         ,      ,
9531633,ke  ,OMAN     ,11/8/2004,8:06:48 AM,25.4061,56.6667,37.8,,         ,      ,
9531635,ke  ,OMAN     ,11/8/2004,1:50:37 PM,27.5262,57.5311,82.6,,         ,      ,
7432971,ke  ,THR      ,11/8/2004,8:36:59 PM,27.227,55.377,31.9,,THR      ,ML    ,3.1
9531645,ke  ,OMAN     ,11/9/2004,7:23:38 AM,25.0662,56.3506,65.7,,         ,      ,
9531647,ke  ,OMAN     ,11/9/2004,11:41:13 AM,28.9764,56.5818,68.1,,         ,      ,
9531652,ke  ,OMAN     ,11/10/2004,6:55:55 AM,25.065,56.5035,34.9,,         ,      ,
9531654,ke  ,OMAN     ,11/10/2004,7:09:37 AM,25.7949,56.6207,0,TRUE,         ,      ,
9531658,ke  ,OMAN     ,11/10/2004,9:39:35 PM,27.8887,56.6629,51.3,,         ,      ,
9531664,ke  ,OMAN     ,11/11/2004,8:08:02 AM,25.4957,56.0347,45.5,,         ,      ,
7434619,ke  ,ISC      ,11/11/2004,8:36:41 PM,28.4272,56.8623,31,TRUE,ISC      ,mb    ,4.5
7434784,ke  ,ISC      ,11/12/2004,12:30:27 AM,28.4612,56.7881,31,TRUE,ISC      ,mb    ,4.2
7434808,ke  ,THR      ,11/12/2004,1:06:57 AM,28.447,57.288,37.9,,THR      ,ML    ,3.2
7434851,ke  ,THR      ,11/12/2004,2:12:31 AM,28.549,56.827,37.6,,THR      ,ML    ,2.5
9531681,ke  ,OMAN     ,11/12/2004,12:54:42 PM,28.4343,57.1751,57.2,,         ,      ,
9531683,ke  ,OMAN     ,11/12/2004,1:50:30 PM,27.247,56.3595,221.8,,         ,      ,
7435533,ke  ,ISC      ,11/13/2004,4:35:39 AM,27.684,55.4511,22,TRUE,ISC      ,mb    ,3.9
7435576,ke  ,THR      ,11/13/2004,6:47:06 AM,27.709,55.516,6.1,,THR      ,ML    ,2.9
7435893,ke  ,ISC      ,11/13/2004,9:35:26 PM,28.4914,56.9488,35,TRUE,THR      ,ML    ,3.5
9531694,ke  ,OMAN     ,11/13/2004,10:11:29 PM,28.6316,56.812,37.9,,         ,      ,
7436553,ke  ,THR      ,11/15/2004,7:53:45 AM,28.484,57.083,15,,THR      ,ML    ,2.6
7436950,ke  ,THR      ,11/16/2004,3:25:35 AM,27.817,56.696,34.9,,THR      ,ML    ,3.3
9531714,ke  ,OMAN     ,11/16/2004,2:50:01 PM,27.1707,56.5022,59.3,,         ,      ,
9531719,ke  ,OMAN     ,11/17/2004,12:07:49 PM,26.0335,56.3628,0.1,,         ,      ,
7437775,ke  ,THR      ,11/17/2004,7:29:04 PM,26.342,53.686,18,,THR      ,ML    ,2.9
7438255,ke  ,THR      ,11/18/2004,4:19:00 PM,28.446,57.213,14.1,,THR      ,ML    ,2.8
7438392,ke  ,THR      ,11/18/2004,10:35:34 PM,28.052,56.279,15.7,,THR      ,ML    ,2.8
7438408,ke  ,THR      ,11/18/2004,11:11:33 PM,27.683,55.556,14.1,,THR      ,ML    ,3
9531745,ke  ,OMAN     ,11/19/2004,9:01:09 AM,27.8722,56.5928,30.1,,         ,      ,
9531757,ke  ,OMAN     ,11/20/2004,3:22:28 AM,27.6775,57.1065,103.4,,         ,      ,
9531763,ke  ,OMAN     ,11/20/2004,9:21:35 AM,25.8819,56.6802,10,TRUE,         ,      ,
7439279,ke  ,ISC      ,11/20/2004,4:49:57 PM,28.265,54.1811,24,TRUE,ISC      ,mb    ,4.6
7439929,ke  ,THR      ,11/21/2004,10:25:25 PM,28.909,57.174,36.7,,THR      ,ML    ,3.3
7440012,ke  ,THR      ,11/22/2004,2:32:31 AM,28.898,57.188,16.6,,THR      ,ML    ,3.4
9531783,ke  ,OMAN     ,11/22/2004,6:59:51 AM,26.52,57.9823,50,TRUE,         ,      ,
9531785,ke  ,OMAN     ,11/22/2004,11:22:03 AM,27.8345,56.0943,169,,         ,      ,
7441165,ke  ,ISC      ,11/24/2004,3:49:53 PM,27.9734,57.35,30,TRUE,ISC      ,mb    ,4.3
9531826,ke  ,OMAN     ,11/30/2004,3:02:12 AM,28.5455,57.7834,35.1,,         ,      ,
7444027,ke  ,ISC      ,11/30/2004,10:30:53 PM,27.7471,53.0072,20,TRUE,ISC      ,mb    ,4.1
9531832,ke  ,OMAN     ,12/1/2004,6:48:17 AM,26.0841,55.922,11.2,,         ,      ,
9531834,ke  ,OMAN     ,12/1/2004,8:04:24 AM,25.3653,56.6939,10,TRUE,         ,      ,
9531836,ke  ,OMAN     ,12/1/2004,8:57:09 AM,28.2549,56.7993,10,TRUE,         ,      ,
9531838,ke  ,OMAN     ,12/1/2004,9:23:28 AM,26.2674,56.3726,5,TRUE,         ,      ,
9531846,ke  ,OMAN     ,12/2/2004,1:29:45 AM,28.8213,55.738,10,TRUE,         ,      ,
9531852,ke  ,OMAN     ,12/2/2004,4:40:13 AM,26.6382,57.6351,10,TRUE,         ,      ,
9531854,ke  ,OMAN     ,12/2/2004,9:39:32 AM,27.2668,57.1926,10,TRUE,         ,      ,
9531856,ke  ,OMAN     ,12/3/2004,8:53:11 AM,26.984,57.4625,10,TRUE,         ,      ,
9531868,ke  ,OMAN     ,12/5/2004,11:16:43 PM,26.6079,57.3788,20,TRUE,         ,      ,
9531872,ke  ,OMAN     ,12/6/2004,8:08:46 AM,25.3718,56.5722,10,TRUE,         ,      ,
9531874,ke  ,OMAN     ,12/6/2004,8:12:38 AM,25.2781,56.5128,10,TRUE,         ,      ,
9531876,ke  ,OMAN     ,12/6/2004,12:41:42 PM,28.289,57.0069,30,TRUE,         ,      ,
7446694,ke  ,ISC      ,12/8/2004,10:04:06 AM,27.6229,57.4787,29.2,,ISC      ,mb    ,5
7446699,ke  ,THR      ,12/8/2004,10:15:46 AM,27.759,57.427,14.1,,THR      ,ML    ,3.4
7447075,se  ,ISC      ,12/9/2004,5:44:29 PM,27.7515,54.2149,23,TRUE,ISC      ,mb    ,3.7
7447209,ke  ,ISC      ,12/10/2004,3:30:59 AM,27.876,53.8004,23,TRUE,ISC      ,mb    ,3.9
7447238,ke  ,KISR     ,12/10/2004,5:06:26 AM,28.308,57.671,15.8,,KISR     ,ML    ,4
7447473,ke  ,ISC      ,12/11/2004,3:35:56 AM,27.811,57.4992,30,TRUE,ISC      ,mb    ,4.5
9531920,ke  ,OMAN     ,12/13/2004,8:08:23 PM,27.5016,55.9656,30,TRUE,         ,      ,
7448792,ke  ,IDC      ,12/15/2004,11:01:34 AM,28.1406,54.8786,0,TRUE,IDC      ,mb    ,3.6
7449314,ke  ,THR      ,12/17/2004,6:26:45 AM,28.081,56.097,40.8,,THR      ,ML    ,3.4
7449692,ke  ,THR      ,12/18/2004,3:56:49 PM,28.061,56.194,46,,THR      ,ML    ,2.9
7451082,ke  ,ISC      ,12/23/2004,11:01:11 AM,28.38,57.071,31,TRUE,ISC      ,mb    ,4.4
7451389,ke  ,OMAN     ,12/24/2004,6:07:24 AM,29.0212,55.0997,68.3,,CSEM     ,ML    ,4.6
7456547,ke  ,ISC      ,12/28/2004,8:30:15 PM,28.2625,54.0132,26,TRUE,ISC      ,mb    ,4.1
8549073,ke  ,CSEM     ,1/4/2005,2:38:27 PM,27.89,54.466,37.3,,CSEM     ,ML    ,2.7
8549074,ke  ,CSEM     ,1/4/2005,4:59:11 PM,25.895,56.22,14.2,,CSEM     ,ML    ,3.2
8549133,ke  ,CSEM     ,1/9/2005,8:33:38 PM,28.665,57.783,14.2,,CSEM     ,ML    ,3
8549154,ke  ,CSEM     ,1/10/2005,8:26:06 AM,28.465,55.222,18.1,,CSEM     ,ML    ,2.7
7460532,ke  ,ISC      ,1/10/2005,6:38:31 PM,28.6011,57.8359,10,TRUE,THR      ,ML    ,4
8549233,ke  ,THR      ,1/15/2005,2:42:34 AM,27.894,57.834,18,,THR      ,ML    ,3.5
8549333,ke  ,CSEM     ,1/23/2005,9:37:50 PM,27.74,55.625,14.1,,CSEM     ,ML    ,2.9
8550793,ke  ,THR      ,1/27/2005,8:26:16 AM,28.338,55.305,15,,THR      ,ML    ,2.7
7467234,ke  ,OMAN     ,1/30/2005,8:30:58 AM,28.7801,59.0254,20.7,,THR      ,ML    ,4.3
8550874,ke  ,OMAN     ,1/31/2005,4:24:38 PM,25.5102,57.8368,50,TRUE,THR      ,ML    ,3.2
8550894,ke  ,THR      ,2/1/2005,10:34:12 PM,28.376,55.601,45.1,,THR      ,ML    ,2.5
8550936,ke  ,CSEM     ,2/3/2005,4:05:21 PM,28.389,55.621,14.2,,CSEM     ,ML    ,2.9
8550973,ke  ,CSEM     ,2/7/2005,5:07:21 AM,28.252,57.393,14.1,,CSEM     ,ML    ,2.9
8551034,ke  ,CSEM     ,2/10/2005,8:07:30 AM,28.189,55.536,14.2,,CSEM     ,ML    ,3
7471777,ke  ,ISC      ,2/12/2005,9:26:42 PM,27.7092,54.0664,26,TRUE,ISC      ,mb    ,3.9
8551134,ke  ,CSEM     ,2/16/2005,6:40:46 AM,28.263,55.572,14.1,,CSEM     ,ML    ,3.4
8551173,ke  ,ISC      ,2/19/2005,7:12:59 PM,28.2096,56.0424,35,TRUE,THR      ,ML    ,3.3
8551174,ke  ,ISC      ,2/19/2005,9:44:09 PM,27.2752,56.9167,35,TRUE,THR      ,ML    ,3.5
9424321,ke  ,OMAN     ,2/27/2005,9:18:05 AM,27.1099,57.9666,20,TRUE,         ,      ,
8293253,ke  ,ISC      ,3/1/2005,10:47:47 AM,26.8653,54.6724,18,TRUE,ISC      ,mb    ,4.1
7737231,ke  ,ISC      ,3/3/2005,4:52:57 PM,27.3028,56.031,15,TRUE,ISC      ,mb    ,4.7
8551453,ke  ,THR      ,3/7/2005,7:53:41 AM,28.198,54.214,18,,THR      ,ML    ,2.5
7479050,ke  ,ISC      ,3/8/2005,7:07:56 PM,27.7382,54.4158,25,TRUE,ISC      ,mb    ,4.4
9424538,ke  ,OMAN     ,3/14/2005,5:02:16 AM,25.6599,56.6007,27.4,,         ,      ,
8007580,ke  ,ISC      ,3/15/2005,10:49:02 PM,30.7543,56.8835,10,TRUE,ISC      ,mb    ,3.7
7482431,ke  ,ISC      ,3/18/2005,3:52:09 AM,27.3054,56.1538,15,TRUE,ISC      ,mb    ,4
8295351,ke  ,ISC      ,3/23/2005,12:26:39 AM,28.0862,57.479,30,TRUE,ISC      ,mb    ,3.3
8295600,ke  ,ISC      ,3/26/2005,4:00:08 PM,27.7191,56.8466,35,TRUE,ISC      ,mb    ,3.6
8007796,ke  ,ISC      ,3/28/2005,12:33:45 PM,28.3183,55.6315,22,TRUE,ISC      ,mb    ,3.6
8551876,ke  ,THR      ,3/28/2005,7:32:22 PM,28.404,55.645,18,TRUE,THR      ,ML    ,3.2
7489351,ke  ,ISC      ,4/2/2005,7:09:17 PM,26.9862,53.9291,19,TRUE,ISC      ,mb    ,3.9
8552067,ke  ,THR      ,4/3/2005,11:31:40 PM,26.853,54.07,16.7,,THR      ,ML    ,2.9
8552116,ke  ,THR      ,4/5/2005,2:41:01 AM,28.605,54.751,14.1,TRUE,THR      ,ML    ,2.7
8552120,ke  ,CSEM     ,4/5/2005,6:04:24 AM,28,54.548,14.2,,CSEM     ,ML    ,3.1
8552173,ke  ,CSEM     ,4/8/2005,1:20:56 AM,27.575,55.581,14.2,,CSEM     ,ML    ,3.2
8552175,ke  ,CSEM     ,4/8/2005,7:30:51 AM,27.652,55.557,14.1,,CSEM     ,ML    ,3.3
8538043,ke  ,THR      ,4/13/2005,7:58:56 PM,28.662,54.817,17.9,TRUE,THR      ,ML    ,2.4
8538194,ke  ,THR      ,4/15/2005,4:13:25 PM,28.322,55.301,14.1,TRUE,THR      ,ML    ,2.4
8302671,ke  ,ISC      ,4/16/2005,2:35:56 AM,27.7809,54.4545,17,TRUE,ISC      ,mb    ,3.9
8538285,ke  ,ISC      ,4/19/2005,10:34:43 PM,27.4708,55.4126,15,TRUE,CSEM     ,mb    ,3.5
7494225,ke  ,ISC      ,4/23/2005,8:48:53 AM,27.5481,56.7295,45.7,,ISC      ,mb    ,4.5
8538458,ke  ,THR      ,4/27/2005,8:56:17 AM,28.287,54.09,14.2,TRUE,THR      ,ML    ,3.2
8538499,ke  ,CSEM     ,4/29/2005,8:57:03 PM,28.398,55.866,14.2,,CSEM     ,ML    ,2.6
7378253,ke  ,ISC      ,5/1/2005,2:10:01 AM,28.2062,56.1441,16,TRUE,ISC      ,mb    ,4.1
8538554,ke  ,THR      ,5/3/2005,9:39:09 PM,28.304,54.131,14.2,,THR      ,ML    ,3.2
8538633,ke  ,THR      ,5/8/2005,4:42:25 PM,27.631,54.012,15,,THR      ,ML    ,3.3
9425359,ke  ,OMAN     ,5/8/2005,10:28:21 PM,27.5519,56.6253,47.3,,         ,      ,
8538694,ke  ,CSEM     ,5/11/2005,4:13:42 PM,28.69,57.762,14.3,,CSEM     ,ML    ,3.2
7548351,ke  ,ISC      ,5/13/2005,12:27:49 AM,26.5733,54.8175,10,TRUE,ISC      ,mb    ,3.9
8538714,ke  ,ISC      ,5/13/2005,8:31:29 PM,28.7276,54.0782,24,TRUE,CSEM     ,mb    ,3.2
8008536,ke  ,ISC      ,5/13/2005,9:11:20 PM,28.0083,53.9984,26,TRUE,THR      ,ML    ,3.2
8008615,ke  ,ISC      ,5/19/2005,1:35:03 AM,27.7998,52.7725,14,TRUE,ISC      ,mb    ,4.1
8008617,ke  ,ISC      ,5/19/2005,2:25:00 PM,27.9168,57.3506,30,TRUE,CSEM     ,ML    ,3.4
8538833,ke  ,CSEM     ,5/20/2005,5:25:51 AM,27.852,57.878,14.2,,CSEM     ,ML    ,3.3
8538854,ke  ,THR      ,5/21/2005,12:18:48 PM,28.069,54.992,14.1,,THR      ,ML    ,2.6
8538873,ke  ,CSEM     ,5/22/2005,4:29:36 AM,27.37,55.488,14.1,,CSEM     ,ML    ,2.6
8538917,ke  ,THR      ,5/27/2005,10:02:18 PM,28.45,55.343,14.2,,THR      ,ML    ,3
8538933,ke  ,THR      ,5/28/2005,10:04:08 AM,27.315,55.245,46,,THR      ,ML    ,2.9
8538953,ke  ,CSEM     ,5/31/2005,2:37:26 PM,28.242,54.132,14.2,,CSEM     ,ML    ,2.9
8306983,ke  ,ISC      ,6/1/2005,6:26:38 PM,28.2314,57.4965,35,TRUE,ISC      ,mb    ,3.8
9905299,ke  ,ISC      ,6/1/2005,8:45:21 PM,27.4334,54.4266,25,TRUE,ISC      ,mb    ,3.9
8538973,ke  ,ISC      ,6/1/2005,10:39:36 PM,27.306,55.8128,15,TRUE,CSEM     ,ML    ,3.3
8538993,ke  ,THR      ,6/2/2005,12:33:01 AM,27.093,54.332,44.4,,THR      ,ML    ,2.7
8008875,ke  ,ISC      ,6/3/2005,1:05:59 AM,28.9181,57.3455,10,TRUE,THR      ,ML    ,3.7
8539094,ke  ,THR      ,6/10/2005,10:27:13 AM,28.497,55.738,7.3,TRUE,THR      ,ML    ,2.7
8539095,ke  ,THR      ,6/10/2005,11:52:05 AM,28.436,55.743,14.1,TRUE,THR      ,ML    ,2.7
8539096,ke  ,THR      ,6/10/2005,4:42:17 PM,27.342,56.774,31.3,,THR      ,ML    ,3.1
8539113,ke  ,THR      ,6/11/2005,7:36:38 PM,28.354,56.318,15,,THR      ,ML    ,2.6
8307489,ke  ,ISC      ,6/12/2005,12:18:55 AM,26.6278,55.2196,17,TRUE,ISC      ,mb    ,3.6
8009076,ke  ,TEH      ,6/18/2005,1:22:39 AM,27.607,55.854,10,,TEH      ,Mn    ,3.5
8307933,ke  ,ISC      ,6/20/2005,8:06:00 PM,27.5532,57.8869,10,TRUE,ISC      ,mb    ,3.6
8539233,ke  ,OMAN     ,6/23/2005,12:56:07 AM,26.7963,57.6887,30,TRUE,THR      ,ML    ,2.9
8539234,ke  ,THR      ,6/23/2005,3:25:43 PM,27.868,54.078,15,,THR      ,ML    ,2.7
8308459,ke  ,ISC      ,7/1/2005,9:56:50 PM,28.4113,55.8916,10,TRUE,ISC      ,mb    ,3.5
8552833,ke  ,THR      ,7/2/2005,8:50:34 AM,26.675,54.45,15,,THR      ,ML    ,3.1
8009275,ke  ,ISC      ,7/3/2005,3:35:34 AM,27.0553,56.1468,14,TRUE,ISC      ,mb    ,3.5
8552853,ke  ,THR      ,7/3/2005,9:27:36 AM,28.512,57.084,14.1,,THR      ,ML    ,3
8009276,ke  ,ISC      ,7/3/2005,6:54:38 PM,26.5246,57.9121,10,TRUE,ISC      ,mb    ,3.7
8308599,ke  ,ISC      ,7/4/2005,6:17:00 AM,27.6448,56.6075,18,TRUE,ISC      ,mb    ,3.5
8553875,ke  ,THR      ,7/7/2005,11:41:51 AM,28.104,54.154,14.1,TRUE,THR      ,ML    ,2.5
8009335,ke  ,ISC      ,7/8/2005,10:48:27 AM,27.3125,52.5785,14,TRUE,ISC      ,mb    ,3.8
8553893,ke  ,OMAN     ,7/9/2005,6:13:39 PM,26.8485,57.7876,120,TRUE,THR      ,ML    ,3.2
8553894,ke  ,THR      ,7/9/2005,10:54:29 PM,28.435,57.032,27,,THR      ,ML    ,3.1
8553895,ke  ,CSEM     ,7/9/2005,11:06:02 PM,28.441,57.009,14.2,,CSEM     ,ML    ,2.9
7363523,ke  ,ISC      ,7/10/2005,3:09:27 AM,28.4084,54.1844,24,TRUE,ISC      ,mb    ,3.6
8553914,ke  ,CSEM     ,7/10/2005,1:31:24 PM,28.406,56.903,29.5,,CSEM     ,ML    ,3.2
7363778,ke  ,ISC      ,7/12/2005,8:04:25 AM,27.0776,55.9598,14,TRUE,ISC      ,mb    ,4.5
8553953,ke  ,THR      ,7/12/2005,11:41:39 AM,27.359,56.022,14.2,,THR      ,ML    ,2.6
8009395,ke  ,TEH      ,7/12/2005,3:22:50 PM,27.717,54.037,10,,TEH      ,Mn    ,3.2
8553993,ke  ,THR      ,7/15/2005,2:29:02 PM,28.178,57.734,14.1,TRUE,THR      ,ML    ,2.6
8554013,ke  ,KISR     ,7/16/2005,9:27:54 PM,28.386,54.406,3.5,,KISR     ,ML    ,3.2
8554033,ke  ,THR      ,7/20/2005,11:13:08 PM,28.408,56.953,18,,THR      ,ML    ,3
8554073,ke  ,THR      ,7/23/2005,5:57:07 PM,26.515,54.919,14.1,,THR      ,ML    ,3.4
7669319,ke  ,ISC      ,7/27/2005,8:51:56 PM,26.7426,54.7569,17,TRUE,ISC      ,mb    ,3.8
8554113,ke  ,KISR     ,7/28/2005,3:59:30 PM,27.21,54.895,42.6,,KISR     ,ML    ,3.7
8554134,ke  ,CSEM     ,7/30/2005,5:25:54 PM,28.361,57.39,14.2,,CSEM     ,ML    ,3
8170230,ke  ,ISC      ,7/31/2005,11:14:09 AM,28.3876,57.2456,31,TRUE,ISC      ,mb    ,3.7
8554153,ke  ,ISC      ,7/31/2005,4:07:13 PM,26.6014,54.8225,18,TRUE,THR      ,ML    ,3.6
8554173,ke  ,THR      ,8/2/2005,1:55:29 AM,28.898,57.257,18,,THR      ,ML    ,2.9
8554174,ke  ,THR      ,8/2/2005,2:08:14 AM,28.949,57.37,39.4,,THR      ,ML    ,3.6
8554194,ke  ,ISC      ,8/3/2005,9:28:43 AM,28.235,57.5138,10,TRUE,ISC      ,mb    ,3.6
8554233,ke  ,THR      ,8/8/2005,8:50:10 AM,28.058,56.532,18,,THR      ,ML    ,3.1
7552507,ke  ,ISC      ,8/19/2005,9:02:04 AM,28.322,54.3101,24,TRUE,ISC      ,mb    ,4.6
8554354,ke  ,THR      ,8/19/2005,9:20:33 AM,28.211,54.403,14.1,,THR      ,ML    ,2.6
8554355,ke  ,THR      ,8/19/2005,12:39:48 PM,26.847,54.008,17.3,,THR      ,ML    ,3.5
8554373,ke  ,THR      ,8/20/2005,2:56:31 AM,27.401,57.707,18,,THR      ,ML    ,2.6
8554394,ke  ,THR      ,8/21/2005,11:36:31 PM,27.755,54.977,14.2,,THR      ,ML    ,2.6
8554453,ke  ,CSEM     ,8/24/2005,1:53:48 PM,28.497,54.465,14.4,,CSEM     ,ML    ,2.8
8554473,ke  ,THR      ,8/25/2005,12:26:38 AM,27.754,54.137,14.1,,THR      ,ML    ,2.9
8554474,ke  ,THR      ,8/25/2005,12:34:22 AM,28.613,55.955,46,,THR      ,ML    ,3
8554475,ke  ,CSEM     ,8/25/2005,4:47:23 AM,27.437,54.415,46,,CSEM     ,ML    ,2.7
8554476,ke  ,ISC      ,8/25/2005,10:32:45 AM,27.7621,58.1683,35,TRUE,KISR     ,ML    ,4.3
8554493,ke  ,CSEM     ,8/26/2005,5:24:25 PM,28.016,56.487,29.2,,CSEM     ,ML    ,3.2
8554513,ke  ,CSEM     ,8/28/2005,2:10:54 AM,28.221,54.369,15,,CSEM     ,ML    ,3.1
8554533,ke  ,THR      ,9/4/2005,1:40:45 PM,28.96,54.954,17.1,,THR      ,ML    ,2.5
8554593,ke  ,THR      ,9/7/2005,1:35:41 AM,28.333,57.169,15,TRUE,THR      ,ML    ,2.5
8554633,ke  ,THR      ,9/11/2005,7:17:09 AM,28.036,57.38,18,,THR      ,ML    ,3.2
8554634,ke  ,THR      ,9/11/2005,7:25:45 AM,28.025,57.513,14.1,,THR      ,ML    ,3.1
8554673,ke  ,THR      ,9/13/2005,3:46:10 PM,28.374,55.279,46,,THR      ,ML    ,3.2
8554694,ke  ,CSEM     ,9/16/2005,9:37:00 AM,28.069,54.287,41.4,,CSEM     ,ML    ,2.7
8554713,ke  ,THR      ,9/17/2005,11:13:44 PM,27.04,57.911,14.2,,THR      ,ML    ,2.9
7994177,ke  ,ISC      ,9/19/2005,6:13:22 AM,28.2659,55.1742,15.6,,ISC      ,mb    ,4.1
8554733,ke  ,CSEM     ,9/20/2005,6:58:22 AM,28.309,55.018,15,,CSEM     ,ML    ,3.2
8554734,ke  ,CSEM     ,9/20/2005,2:51:49 PM,28.31,55.2,17.9,,CSEM     ,ML    ,3
8554793,ke  ,CSEM     ,9/23/2005,10:23:44 PM,27.999,57.559,14.1,,CSEM     ,ML    ,2.9
8554813,ke  ,CSEM     ,9/24/2005,2:43:55 PM,27.862,57.232,18,,CSEM     ,ML    ,2.7
9427218,ke  ,OMAN     ,9/25/2005,1:07:37 AM,26.9291,57.9917,30,TRUE,CSEM     ,mb    ,3.3
8554834,ke  ,ISC      ,9/25/2005,2:33:28 AM,27.7485,57.658,25,TRUE,CSEM     ,mb    ,2.7
8554853,ke  ,THR      ,9/26/2005,12:49:29 AM,28.475,55.191,15,TRUE,THR      ,ML    ,2.7
8554874,ke  ,CSEM     ,9/27/2005,3:05:15 PM,28.183,57.807,18,,CSEM     ,ML    ,2.8
8554876,ke  ,CSEM     ,9/27/2005,11:20:28 PM,28.083,55.99,15,,CSEM     ,ML    ,2.7
8554936,ke  ,CSEM     ,9/30/2005,3:38:15 PM,28.567,56.909,14.1,,CSEM     ,ML    ,2.9
8554954,ke  ,CSEM     ,10/2/2005,2:33:32 PM,28.549,56.961,15.5,,CSEM     ,ML    ,2.9
8314254,ke  ,ISC      ,10/3/2005,6:39:20 PM,28.5465,56.8404,31,TRUE,IDC      ,mb    ,3.9
8010535,ke  ,TEH      ,10/3/2005,10:37:47 PM,27.657,57.79,10,,TEH      ,Mn    ,3.4
8314317,ke  ,ISC      ,10/5/2005,1:39:30 PM,27.5653,56.5533,26,,ISC      ,mb    ,4.1
8555013,ke  ,THR      ,10/7/2005,5:13:27 AM,27.929,57.489,14.1,,THR      ,ML    ,3
8010595,ke  ,ISC      ,10/9/2005,8:45:02 PM,27.5845,53.7552,16,TRUE,ISC      ,mb    ,3.8
8010655,ke  ,ISC      ,10/18/2005,3:07:12 AM,28.35,54.3317,10,TRUE,ISC      ,mb    ,3.7
8545042,ke  ,THR      ,10/23/2005,6:44:19 PM,28.891,54.384,14.8,,THR      ,ML    ,3.1
8545164,ke  ,ISC      ,10/27/2005,8:33:55 PM,27.8612,56.4142,28,TRUE,THR      ,ML    ,3.7
8545179,ke  ,KISR     ,10/28/2005,8:55:35 AM,28.066,54.436,33,TRUE,KISR     ,ML    ,3
8545242,ke  ,CSEM     ,10/30/2005,8:39:36 PM,28.18,57.672,14.1,,CSEM     ,ML    ,2.8
8545333,ke  ,ISC      ,11/4/2005,5:34:58 PM,28.5286,57.2157,35,TRUE,CSEM     ,ML    ,3.5
8545353,ke  ,ISC      ,11/8/2005,12:02:34 PM,28.904,57.227,10,TRUE,CSEM     ,mb    ,3.3
8545433,ke  ,CSEM     ,11/14/2005,12:57:29 AM,27.76,54.372,14.1,,CSEM     ,ML    ,2.9
8545453,ke  ,CSEM     ,11/16/2005,3:33:17 AM,28.133,56.6,18,,CSEM     ,ML    ,3.4
8545473,ke  ,THR      ,11/17/2005,3:23:59 PM,28.83,57.935,14.1,,THR      ,ML    ,3.2
8545555,ke  ,CSEM     ,11/22/2005,3:13:26 PM,26.445,54.62,14.1,,CSEM     ,ML    ,3.1
8545556,ke  ,CSEM     ,11/22/2005,4:01:02 PM,26.635,54.709,14.2,,CSEM     ,ML    ,3.1
8545573,ke  ,THR      ,11/23/2005,5:49:09 AM,27.387,56.209,14.1,,THR      ,ML    ,2.6
8461669,de  ,ISC      ,11/27/2005,10:22:20 AM,26.7861,55.8719,15.6,,ISC      ,mb    ,6
8174838,ke  ,ISC      ,11/27/2005,10:48:03 AM,26.7657,55.7254,10,TRUE,ISC      ,mb    ,4
7773388,ke  ,ISC      ,11/27/2005,10:53:13 AM,26.851,55.7474,10,TRUE,ISC      ,mb    ,4.1
8545614,ke  ,CSEM     ,11/27/2005,11:01:10 AM,27.422,55.902,14.1,,CSEM     ,ML    ,2.8
8316436,ke  ,ISC      ,11/27/2005,11:07:28 AM,26.7571,55.7467,12,TRUE,ISC      ,mb    ,3.8
7773389,ke  ,ISC      ,11/27/2005,11:13:10 AM,26.7804,55.7995,12.3,,ISC      ,mb    ,5.2
8545615,ke  ,CSEM     ,11/27/2005,11:23:02 AM,26.799,55.795,14.1,,CSEM     ,ML    ,2.7
8545616,ke  ,THR      ,11/27/2005,11:40:33 AM,26.949,55.837,14.1,,THR      ,ML    ,2.7
8545617,ke  ,THR      ,11/27/2005,11:46:53 AM,26.635,56.06,30.8,,THR      ,ML    ,3.1
7773391,ke  ,ISC      ,11/27/2005,12:05:37 PM,26.8191,55.7286,11.5,,ISC      ,mb    ,4.5
8011163,ke  ,ISC      ,11/27/2005,12:19:41 PM,26.8475,56.0085,14,TRUE,ISC      ,mb    ,3.8
8545618,ke  ,CSEM     ,11/27/2005,12:45:23 PM,26.968,55.94,34.1,,CSEM     ,ML    ,2.7
7773395,ke  ,ISC      ,11/27/2005,1:05:29 PM,26.6828,55.864,10,TRUE,ISC      ,mb    ,4.3
8011166,ke  ,ISC      ,11/27/2005,1:40:48 PM,26.7919,55.7028,12,TRUE,ISC      ,mb    ,3.9
8545619,ke  ,KISR     ,11/27/2005,1:49:20 PM,27.062,55.485,33,TRUE,KISR     ,ML    ,3.2
8545620,ke  ,THR      ,11/27/2005,2:42:39 PM,27.25,55.689,15,TRUE,THR      ,ML    ,2.7
8011167,ke  ,ISC      ,11/27/2005,2:50:44 PM,26.8511,55.6972,12,TRUE,ISC      ,mb    ,4
8545621,ke  ,THR      ,11/27/2005,3:29:06 PM,26.96,55.959,24,,THR      ,ML    ,3.5
8545622,ke  ,CSEM     ,11/27/2005,3:36:24 PM,27.235,55.361,15.9,,CSEM     ,ML    ,2.7
8545623,ke  ,THR      ,11/27/2005,3:49:17 PM,27.375,55.796,15.6,,THR      ,ML    ,3
7759136,ke  ,ISC      ,11/27/2005,4:30:38 PM,26.8447,55.7857,14.2,,ISC      ,mb    ,5.4
8545624,ke  ,THR      ,11/27/2005,4:54:17 PM,27.323,55.683,15,TRUE,THR      ,ML    ,3.1
8545625,ke  ,KISR     ,11/27/2005,6:48:39 PM,26.784,55.584,33,TRUE,KISR     ,ML    ,3.8
8545626,ke  ,THR      ,11/27/2005,6:53:38 PM,26.581,56.136,14.1,,THR      ,ML    ,3.4
8011170,ke  ,ISC      ,11/27/2005,8:29:26 PM,26.7739,55.8187,14,TRUE,ISC      ,mb    ,4
8011172,ke  ,ISC      ,11/27/2005,8:47:17 PM,26.7652,55.6495,12,TRUE,ISC      ,mb    ,3.8
8545627,ke  ,THR      ,11/27/2005,9:30:48 PM,26.595,56.218,14.1,,THR      ,ML    ,3
8545628,ke  ,KISR     ,11/27/2005,10:32:59 PM,26.341,55.223,33,TRUE,KISR     ,ML    ,3.5
8316451,ke  ,ISC      ,11/27/2005,11:26:04 PM,26.7679,55.7354,12,TRUE,ISC      ,mb    ,3.5
8545633,ke  ,CSEM     ,11/28/2005,12:15:30 AM,26.717,56.227,27.7,,CSEM     ,ML    ,3.2
9955411,ke  ,KISR     ,11/28/2005,12:32:07 AM,26.87,55.573,33,TRUE,KISR     ,ML    ,3.1
8011176,ke  ,ISC      ,11/28/2005,2:30:08 AM,26.8225,55.7814,14,TRUE,ISC      ,mb    ,3.8
8545634,ke  ,KISR     ,11/28/2005,2:38:30 AM,26.87,55.565,33,TRUE,KISR     ,ML    ,3.3
8545635,ke  ,THR      ,11/28/2005,4:51:13 AM,26.468,56.55,14.1,,THR      ,ML    ,3.3
8011180,ke  ,ISC      ,11/28/2005,5:40:02 AM,26.7639,55.7149,12,TRUE,ISC      ,mb    ,3.8
8545636,ke  ,THR      ,11/28/2005,7:14:00 AM,26.687,56.382,10.1,,THR      ,ML    ,2.6
7773453,ke  ,ISC      ,11/28/2005,2:06:59 PM,26.842,55.7117,12,TRUE,ISC      ,mb    ,4.5
8011186,ke  ,ISC      ,11/28/2005,2:12:49 PM,26.8038,55.6881,12,TRUE,ISC      ,mb    ,3.9
8174859,ke  ,ISC      ,11/28/2005,5:15:26 PM,26.8088,55.7947,12,TRUE,ISC      ,mb    ,3.7
8011192,ke  ,KISR     ,11/28/2005,6:46:35 PM,26.753,55.588,33,TRUE,KISR     ,ML    ,3.5
8545637,ke  ,CSEM     ,11/28/2005,8:19:30 PM,26.771,56.11,11.5,,CSEM     ,ML    ,3.2
8545638,ke  ,THR      ,11/28/2005,9:02:39 PM,26.624,56.272,18.4,,THR      ,ML    ,3
7781055,ke  ,ISC      ,11/28/2005,9:43:51 PM,26.82,55.7161,14,TRUE,ISC      ,mb    ,4.1
8545639,ke  ,THR      ,11/28/2005,10:10:35 PM,27.329,55.904,18,,THR      ,ML    ,2.5
8545653,ke  ,KISR     ,11/29/2005,12:28:40 AM,26.996,55.64,33,TRUE,KISR     ,ML    ,3.6
8545654,ke  ,CSEM     ,11/29/2005,1:46:44 AM,26.7683,55.9071,2,,CSEM     ,mb    ,2.7
8545655,ke  ,THR      ,11/29/2005,9:04:24 AM,27.356,55.932,14.1,,THR      ,ML    ,2.7
8545656,ke  ,CSEM     ,11/29/2005,2:28:42 PM,26.889,56.073,23.1,,CSEM     ,ML    ,3
8545657,ke  ,THR      ,11/29/2005,3:46:06 PM,26.837,56.372,14.1,,THR      ,ML    ,3
8545658,ke  ,KISR     ,11/29/2005,6:56:56 PM,26.851,55.529,33,TRUE,KISR     ,ML    ,3.1
8545659,ke  ,OMAN     ,11/29/2005,9:16:27 PM,26.6613,56.0133,18.3,,CSEM     ,ML    ,3.1
8545660,ke  ,KISR     ,11/29/2005,10:13:40 PM,27.234,55.352,8.7,,KISR     ,ML    ,2.9
8545673,ke  ,THR      ,11/30/2005,3:05:09 AM,27.696,56.563,38.2,,THR      ,ML    ,2.6
8545674,ke  ,THR      ,11/30/2005,4:34:07 AM,27.309,55.887,14.2,,THR      ,ML    ,2.6
7785574,ke  ,ISC      ,11/30/2005,3:19:57 PM,26.7625,55.8375,15.9,,ISC      ,mb    ,4.9
8545675,ke  ,KISR     ,11/30/2005,9:04:42 PM,27.045,55.206,0.9,,KISR     ,ML    ,3.4
8545676,ke  ,KISR     ,11/30/2005,10:23:53 PM,27.31,55.377,2.2,,KISR     ,ML    ,3.3
7785595,ke  ,ISC      ,12/1/2005,12:34:25 AM,26.8219,55.6301,12,TRUE,ISC      ,mb    ,4.2
7785625,ke  ,ISC      ,12/1/2005,5:29:27 PM,26.7778,55.7889,14,TRUE,ISC      ,mb    ,4.5
8011242,ke  ,ISC      ,12/1/2005,9:58:33 PM,26.8276,55.8222,12,TRUE,ISC      ,mb    ,3.8
8545713,ke  ,KISR     ,12/2/2005,10:31:02 PM,27.127,55.841,33,TRUE,KISR     ,ML    ,3.3
8011275,ke  ,ISC      ,12/3/2005,12:30:53 AM,26.8033,55.7698,12,TRUE,CSEM     ,ML    ,3.3
8545734,ke  ,CSEM     ,12/3/2005,7:29:03 AM,27.856,56.523,14.1,,CSEM     ,ML    ,2.8
8545735,ke  ,THR      ,12/3/2005,4:29:22 PM,28.058,56.861,46,,THR      ,ML    ,2.6
8545753,ke  ,THR      ,12/4/2005,12:23:43 AM,27.406,55.774,14.1,,THR      ,ML    ,3
8545754,ke  ,THR      ,12/4/2005,3:32:15 AM,27.465,56.173,14.4,,THR      ,ML    ,2.5
8545755,ke  ,THR      ,12/4/2005,4:36:34 AM,26.743,56.092,17.4,,THR      ,ML    ,2.5
8316706,ke  ,ISC      ,12/5/2005,2:36:02 PM,26.8576,55.7835,12,TRUE,ISC      ,mb    ,3.8
8316708,ke  ,ISC      ,12/5/2005,3:37:14 PM,26.8536,55.7129,12,TRUE,ISC      ,mb    ,3.8
8316723,ke  ,ISC      ,12/5/2005,10:17:37 PM,26.8491,55.7607,12,TRUE,ISC      ,mb    ,3.8
8011375,ke  ,ISC      ,12/6/2005,12:22:28 AM,26.8025,55.7897,10,TRUE,ISC      ,mb    ,4.2
8316732,ke  ,ISC      ,12/6/2005,4:02:50 AM,26.876,55.7343,12,TRUE,ISC      ,mb    ,3.8
8545773,ke  ,CSEM     ,12/6/2005,9:14:26 AM,26.765,55.818,6.1,,CSEM     ,ML    ,3.1
8316745,ke  ,ISC      ,12/6/2005,12:01:57 PM,26.8217,55.7304,12,TRUE,ISC      ,mb    ,3.9
8545774,ke  ,KISR     ,12/6/2005,8:51:25 PM,26.683,55.432,33,TRUE,KISR     ,ML    ,3.5
9429941,ke  ,OMAN     ,12/7/2005,4:28:40 AM,26.4092,57.7652,30,TRUE,         ,      ,
8545794,ke  ,CSEM     ,12/7/2005,8:22:21 AM,26.927,56.496,10.9,,CSEM     ,ML    ,3.2
8316798,ke  ,ISC      ,12/7/2005,5:05:37 PM,27.3137,55.6955,15,TRUE,ISC      ,mb    ,3.7
8545795,ke  ,KISR     ,12/7/2005,10:54:26 PM,26.986,55.413,4.6,,KISR     ,ML    ,3
8545813,ke  ,THR      ,12/8/2005,12:39:19 PM,26.76,56.171,18.2,,THR      ,ML    ,3.5
8545814,ke  ,KISR     ,12/8/2005,6:56:49 PM,26.894,55.63,33,TRUE,KISR     ,ML    ,3.2
8545854,ke  ,CSEM     ,12/10/2005,9:53:39 AM,26.81,55.859,7.3,,CSEM     ,ML    ,2.8
8316974,ke  ,ISC      ,12/11/2005,2:42:32 AM,26.8627,55.5349,12,TRUE,ISC      ,mb    ,3.4
7952501,ke  ,ISC      ,12/11/2005,2:24:35 PM,28.4205,56.7129,10,TRUE,ISC      ,mb    ,4.8
8545873,ke  ,KISR     ,12/11/2005,4:29:08 PM,26.672,55.586,33,TRUE,KISR     ,ML    ,3.6
8316992,ke  ,IDC      ,12/11/2005,4:31:53 PM,26.9919,55.5966,0,TRUE,IDC      ,mb    ,4
8545893,ke  ,CSEM     ,12/13/2005,10:36:10 PM,28.48,56.874,24.6,,CSEM     ,ML    ,3.2
8545913,ke  ,THR      ,12/14/2005,5:05:02 AM,27.025,55.976,13.7,,THR      ,ML    ,2.9
8545933,ke  ,KISR     ,12/15/2005,3:14:55 AM,27.064,55.748,33,TRUE,KISR     ,ML    ,3.1
8545954,ke  ,CSEM     ,12/16/2005,9:25:11 PM,26.775,56.232,18,,CSEM     ,ML    ,2.9
8545974,ke  ,THR      ,12/17/2005,5:44:29 AM,27.119,56.294,10.9,,THR      ,ML    ,2.8
8011597,ke  ,ISC      ,12/17/2005,7:28:07 AM,26.9317,55.9357,14,TRUE,ISC      ,mb    ,3.7
8545993,ke  ,THR      ,12/18/2005,3:11:51 PM,28.112,57.586,16.9,,THR      ,ML    ,3.2
8546013,ke  ,CSEM     ,12/19/2005,7:14:03 AM,28.07,56.475,15,,CSEM     ,ML    ,3
8546033,ke  ,CSEM     ,12/24/2005,1:59:10 AM,28.134,57.623,15,,CSEM     ,ML    ,3.1
8011839,ke  ,ISC      ,12/27/2005,4:13:50 PM,29.978,57.6857,15,TRUE,ISC      ,mb    ,3.3
8029571,ke  ,ISC      ,12/27/2005,9:53:16 PM,28.1006,56,29.1,,ISC      ,mb    ,4.9
8317785,ke  ,ISC      ,12/29/2005,7:02:36 AM,27.9799,57.6699,30,TRUE,ISC      ,mb    ,3.4
8546093,ke  ,OMAN     ,12/29/2005,4:03:56 PM,28.9787,58.1716,30,TRUE,CSEM     ,ML    ,3.4
8546113,ke  ,THR      ,12/30/2005,12:25:09 AM,28.17,57.555,14.8,,THR      ,ML    ,3
8317851,ke  ,ISC      ,12/30/2005,4:30:46 PM,26.9025,55.8624,14,TRUE,ISC      ,mb    ,3.7
9565931,ke  ,KISR     ,1/1/2006,9:50:40 PM,27.31,55.604,33.5,TRUE,KISR     ,ML    ,3.1
9477164,ke  ,ISC      ,1/3/2006,3:01:12 PM,28.0007,56.6545,24,TRUE,ISC      ,mb    ,3.5
8029856,ke  ,ISC      ,1/6/2006,5:41:47 PM,27.0089,54.4753,18,TRUE,ISC      ,mb    ,4.4
9566119,ke  ,CSEM     ,1/10/2006,3:21:28 PM,26.995,55.6574,10,,CSEM     ,ML    ,3.2
9566120,ke  ,THR      ,1/10/2006,10:12:20 PM,27.835,57.749,18,,THR      ,ML    ,3.5
8035870,ke  ,ISC      ,1/12/2006,9:32:33 PM,26.8756,55.8332,14,TRUE,ISC      ,mb    ,4.3
10318763,ke  ,OMAN     ,1/12/2006,10:17:47 PM,31.8908,58.8876,30,TRUE,THR      ,ML    ,3.1
10318968,ke  ,CSEM     ,1/17/2006,9:20:46 PM,28.136,55.669,17.8,,CSEM     ,ML    ,2.8
10318983,ke  ,CSEM     ,1/18/2006,12:54:09 AM,27.864,54.987,14.2,,CSEM     ,ML    ,2.9
10319013,ke  ,CSEM     ,1/19/2006,11:17:30 PM,28.361,56.078,33.5,,CSEM     ,ML    ,2.6
9569037,ke  ,CSEM     ,1/20/2006,4:34:03 AM,28.8,55.771,15,,CSEM     ,ML    ,3
9569062,ke  ,THR      ,1/21/2006,1:54:30 PM,27.321,55.743,14.1,,THR      ,ML    ,3
9484870,ke  ,ISC      ,1/22/2006,12:58:23 PM,27.283,54.1624,58.9,,ISC      ,mb    ,3.8
9485544,ke  ,ISC      ,1/24/2006,4:07:34 PM,26.8,55.7409,12,TRUE,ISC      ,mb    ,3.8
10319226,ke  ,CSEM     ,1/26/2006,7:17:58 PM,28.428,56.664,46.1,,CSEM     ,ML    ,2.8
9569236,ke  ,THR      ,1/27/2006,3:18:08 AM,26.863,56.004,14.2,,THR      ,ML    ,3
9488668,ke  ,ISC      ,2/1/2006,12:17:54 PM,26.601,55.9384,10,TRUE,ISC      ,mb    ,3.7
8079763,ke  ,ISC      ,2/2/2006,10:47:05 PM,27.4534,54.0771,23,TRUE,ISC      ,mb    ,4.3
9569637,ke  ,ISC      ,2/3/2006,12:24:38 AM,27.5849,54.2846,25,TRUE,ISC      ,mb    ,3.7
10539287,ke  ,CSEM     ,2/5/2006,12:36:16 AM,27.472,56.087,14.1,,CSEM     ,ML    ,2.8
10539289,ke  ,CSEM     ,2/5/2006,9:02:41 AM,27.659,55.213,15.7,,CSEM     ,ML    ,2.9
9570049,ke  ,ISC      ,2/6/2006,9:14:06 PM,26.8492,55.7927,14,TRUE,ISC      ,mb    ,3.7
9570155,ke  ,CSEM     ,2/7/2006,6:05:03 PM,27.281,57.805,18,,CSEM     ,ML    ,3.1
10539345,ke  ,CSEM     ,2/9/2006,10:21:36 PM,27.532,56.559,14.6,,CSEM     ,ML    ,2.8
9570790,ke  ,THR      ,2/14/2006,4:09:17 AM,28.996,54.675,14.1,,THR      ,ML    ,3.1
9570810,ke  ,THR      ,2/14/2006,8:46:10 AM,27.784,57.33,18,,THR      ,ML    ,3.1
9570821,ke  ,THR      ,2/14/2006,12:08:58 PM,26.579,55.883,33.1,,THR      ,ML    ,3.1
9570921,ke  ,CSEM     ,2/15/2006,8:29:56 AM,26.679,56.499,18.2,,CSEM     ,ML    ,3.2
9570955,ke  ,CSEM     ,2/15/2006,5:13:45 PM,28.304,55.885,41.9,,CSEM     ,ML    ,3
10539405,ke  ,CSEM     ,2/16/2006,10:37:27 PM,27.614,56.083,14.1,,CSEM     ,ML    ,2.9
9493800,ke  ,ISC      ,2/16/2006,10:52:53 PM,27.6539,56.0022,15,TRUE,ISC      ,mb    ,4
9493804,ke  ,ISC      ,2/16/2006,11:00:38 PM,27.6711,55.9948,15,TRUE,ISC      ,mb    ,3.5
9571092,ke  ,CSEM     ,2/16/2006,11:35:14 PM,27.632,56.072,14.1,,CSEM     ,ML    ,3.1
9494162,ke  ,ISC      ,2/18/2006,1:14:03 AM,27.3375,54.8711,6.6,,ISC      ,mb    ,3.9
9571288,ke  ,OMAN     ,2/18/2006,4:06:15 PM,29.2609,54.0676,20,TRUE,KISR     ,ML    ,3.2
13093562,ke  ,TEH      ,2/18/2006,6:00:35 PM,28.226,56.675,19.9,,TEH      ,ML    ,3.7
9494605,ke  ,ISC      ,2/19/2006,6:20:49 AM,28.2754,53.8943,24,TRUE,ISC      ,mb    ,3.9
9571400,ke  ,CSEM     ,2/19/2006,7:32:58 AM,27.491,54.959,14.2,,CSEM     ,ML    ,3.2
10539425,ke  ,CSEM     ,2/19/2006,12:27:35 PM,28.885,57.462,14.1,,CSEM     ,ML    ,2.9
9571560,ke  ,KISR     ,2/20/2006,1:16:44 AM,26.886,55.285,6.6,,KISR     ,ML    ,3.5
8096144,ke  ,ISC      ,2/20/2006,7:30:45 PM,28.1657,54.7518,45.2,,ISC      ,mb    ,4.7
9571720,ke  ,ISC      ,2/20/2006,9:23:04 PM,27.6826,55.387,15,TRUE,ISC      ,mb    ,3.7
8335668,ke  ,ISC      ,2/21/2006,5:37:30 AM,27.5364,55.7378,15,TRUE,ISC      ,mb    ,4.4
8106470,ke  ,ISC      ,2/21/2006,8:09:24 AM,27.4989,55.7677,14.2,,ISC      ,mb    ,4
9579143,ke  ,ISC      ,2/21/2006,8:25:18 AM,27.3315,55.7844,5.1,,ISC      ,mb    ,3.4
9579210,ke  ,THR      ,2/21/2006,9:50:52 PM,28.33,57.145,16.6,,THR      ,ML    ,3.6
10539462,ke  ,CSEM     ,2/22/2006,12:49:09 PM,27.591,56.128,14.1,,CSEM     ,ML    ,2.8
10539463,ke  ,CSEM     ,2/22/2006,2:04:01 PM,27.6,55.914,15.5,,CSEM     ,ML    ,2.7
9958492,ke  ,KISR     ,2/22/2006,7:43:45 PM,27.206,55.687,33.5,TRUE,KISR     ,ML    ,3.5
9579391,ke  ,THR      ,2/23/2006,3:24:45 AM,27.547,56.472,14.6,,THR      ,ML    ,3.1
9579446,ke  ,CSEM     ,2/23/2006,1:38:16 PM,27.591,56.196,17.9,,CSEM     ,ML    ,3.2
9579456,ke  ,THR      ,2/23/2006,3:25:08 PM,27.62,56.084,14.1,,THR      ,ML    ,3
9579476,ke  ,ISC      ,2/23/2006,8:36:05 PM,27.499,56.9178,35,TRUE,ISC      ,mb    ,3.7
8106674,ke  ,ISC      ,2/26/2006,12:24:28 PM,28.0866,55.2712,48.2,,ISC      ,mb    ,4.6
9579955,ke  ,THR      ,2/27/2006,4:57:42 AM,28.134,54.035,15,TRUE,THR      ,ML    ,3.4
10539523,ke  ,CSEM     ,2/27/2006,5:34:36 AM,28.228,55.306,14.1,,CSEM     ,ML    ,2.8
9497551,ke  ,ISC      ,2/27/2006,8:02:13 AM,26.8768,55.679,12,TRUE,ISC      ,mb    ,4
8106713,ke  ,ISC      ,2/27/2006,8:56:25 AM,28.2178,53.9708,24,TRUE,ISC      ,mb    ,4.4
10539526,ke  ,CSEM     ,2/27/2006,1:26:42 PM,28.163,54.009,14.1,,CSEM     ,ML    ,2.8
8193301,de  ,ISC      ,2/28/2006,7:31:04 AM,28.0775,56.9111,30.1,,ISC      ,mb    ,5.8
9497837,ke  ,ISC      ,2/28/2006,8:02:10 AM,28.0119,56.855,24,TRUE,ISC      ,mb    ,4.1
9580062,ke  ,IDC      ,2/28/2006,8:07:45 AM,27.8407,56.9776,0,TRUE,IDC      ,mb    ,3.5
9580063,ke  ,ISC      ,2/28/2006,8:26:39 AM,28.0485,57.0935,24,TRUE,ISC      ,mb    ,3.8
9580064,ke  ,IDC      ,2/28/2006,8:28:23 AM,28.0785,56.8923,18.7,,IDC      ,mb    ,3.7
8106735,ke  ,ISC      ,2/28/2006,8:40:22 AM,28.0279,56.8832,22,,ISC      ,mb    ,4.8
9580068,ke  ,IDC      ,2/28/2006,9:12:31 AM,27.9061,57.0032,0,TRUE,IDC      ,mb    ,3.5
9580070,ke  ,IDC      ,2/28/2006,9:14:10 AM,27.8849,56.9162,0,TRUE,IDC      ,mb    ,3.5
9580071,ke  ,IDC      ,2/28/2006,9:43:10 AM,27.9386,57.0563,0,TRUE,IDC      ,mb    ,3.6
9580075,ke  ,CSEM     ,2/28/2006,10:06:40 AM,28.188,56.876,15,,CSEM     ,ML    ,3.3
9580077,ke  ,IDC      ,2/28/2006,10:13:54 AM,27.7357,57.5068,0,TRUE,IDC      ,mb    ,3.4
9580080,ke  ,ISC      ,2/28/2006,10:40:15 AM,28.1849,57.0181,24,TRUE,ISC      ,mb    ,3.6
9580092,ke  ,ISC      ,2/28/2006,1:27:24 PM,28.14,56.9488,24,TRUE,ISC      ,mb    ,3.6
9580093,ke  ,THR      ,2/28/2006,2:05:24 PM,28.39,56.6,16.3,,THR      ,ML    ,3.2
9580094,ke  ,OMAN     ,2/28/2006,2:26:32 PM,26.6685,57.1389,0,,THR      ,ML    ,3
9580113,ke  ,ISC      ,2/28/2006,5:30:37 PM,28.1617,57.0964,8.9,,ISC      ,mb    ,3.6
9580114,ke  ,CSEM     ,2/28/2006,6:02:56 PM,27.988,57.454,14.1,,CSEM     ,ML    ,3.3
9497961,ke  ,ISC      ,2/28/2006,7:29:17 PM,28.0859,56.8509,24,TRUE,ISC      ,mb    ,3.7
9580120,ke  ,THR      ,2/28/2006,7:33:13 PM,28.091,57.14,17.5,TRUE,THR      ,ML    ,3.4
8106744,ke  ,ISC      ,2/28/2006,8:01:36 PM,28.1431,56.8342,28,TRUE,ISC      ,mb    ,4.5
8193336,ke  ,ISC      ,2/28/2006,9:39:57 PM,28.1459,56.8388,24,TRUE,ISC      ,mb    ,4
8106746,ke  ,ISC      ,2/28/2006,10:58:22 PM,28.316,53.9379,24,TRUE,ISC      ,mb    ,4.5
10594864,ke  ,ISC      ,3/1/2006,12:57:06 AM,26.9035,56.0549,14,TRUE,ISC      ,mb    ,3.7
10594903,ke  ,ISC      ,3/1/2006,2:32:36 AM,28.082,56.9693,24,TRUE,ISC      ,mb    ,4
10594907,ke  ,CSEM     ,3/1/2006,2:51:36 AM,28.217,56.999,14.1,,CSEM     ,ML    ,2.9
10595000,ke  ,CSEM     ,3/1/2006,7:23:35 AM,28.271,56.648,17.5,,CSEM     ,ML    ,3.3
10595190,ke  ,ISC      ,3/1/2006,2:24:10 PM,28.129,56.7733,61.3,,ISC      ,mb    ,3.7
10595282,ke  ,ISC      ,3/1/2006,5:15:46 PM,28.1016,56.8848,24,TRUE,ISC      ,mb    ,4
10595405,ke  ,THR      ,3/1/2006,9:59:57 PM,28.011,57.639,44.6,,THR      ,ML    ,3.1
10595424,ke  ,ISC      ,3/1/2006,10:37:09 PM,28.0025,57.0012,24,TRUE,ISC      ,mb    ,3.4
10595595,ke  ,IDC      ,3/2/2006,6:13:56 AM,27.8394,56.8903,0,TRUE,IDC      ,mb    ,3.5
10595618,ke  ,IDC      ,3/2/2006,6:57:18 AM,27.7837,57.3005,0,TRUE,IDC      ,mb    ,3.6
10595762,ke  ,ISC      ,3/2/2006,12:16:43 PM,28.0993,57.006,24,TRUE,ISC      ,mb    ,4.3
10595807,ke  ,ISC      ,3/2/2006,1:37:08 PM,28.1666,56.7866,24,TRUE,ISC      ,mb    ,3.7
10595891,ke  ,ISC      ,3/2/2006,3:38:25 PM,28.1033,56.864,24,TRUE,THR      ,ML    ,3.3
10596074,ke  ,ISC      ,3/2/2006,8:42:56 PM,28.1271,56.9071,24,TRUE,ISC      ,mb    ,3.2
10596395,ke  ,CSEM     ,3/3/2006,7:36:50 AM,27.454,56.306,15.3,,CSEM     ,ML    ,3.1
10596404,ke  ,CSEM     ,3/3/2006,7:59:23 AM,28.113,57.106,18,,CSEM     ,ML    ,2.9
10597666,ke  ,THR      ,3/5/2006,5:32:48 AM,27.737,56.805,15.6,,THR      ,ML    ,3
10597700,ke  ,THR      ,3/5/2006,7:20:18 AM,27.954,57.295,18,,THR      ,ML    ,3.2
10598029,ke  ,ISC      ,3/5/2006,7:22:43 PM,28.1162,57.013,49.7,,ISC      ,mb    ,3.3
10598187,ke  ,ISC      ,3/6/2006,3:09:45 AM,28.1829,56.729,28,TRUE,ISC      ,mb    ,4
10598795,ke  ,ISC      ,3/7/2006,4:36:56 AM,28.0423,57.0445,24,TRUE,ISC      ,mb    ,3.5
10599671,ke  ,ISC      ,3/8/2006,12:30:59 PM,28.136,56.7882,25.2,,ISC      ,mb    ,4.6
10600025,ke  ,THR      ,3/9/2006,3:30:23 AM,28.465,56.814,37.6,,THR      ,ML    ,3.4
10601005,ke  ,ISC      ,3/10/2006,9:41:47 AM,28.0296,56.8714,24,TRUE,ISC      ,mb    ,4.4
10601670,ke  ,THR      ,3/11/2006,6:52:05 AM,28.287,56.94,15.1,,THR      ,ML    ,3.3
10601801,ke  ,ISC      ,3/11/2006,11:40:31 AM,28.3196,57.383,43,TRUE,ISC      ,mb    ,3.8
10601968,ke  ,OMAN     ,3/11/2006,4:53:47 PM,26.2619,57.0546,3.6,,THR      ,ML    ,3.4
10602101,ke  ,ISC      ,3/11/2006,9:10:14 PM,27.4048,57.0736,35,TRUE,ISC      ,mb    ,3.9
10602113,ke  ,ISC      ,3/11/2006,9:33:39 PM,28.0893,56.8843,24.4,,ISC      ,mb    ,4.8
10602161,ke  ,THR      ,3/11/2006,11:05:51 PM,28.153,56.71,15.3,,THR      ,ML    ,3.1
10602261,ke  ,ISC      ,3/12/2006,2:14:25 AM,28.1136,56.8815,35,TRUE,ISC      ,mb    ,3.2
10602422,ke  ,THR      ,3/12/2006,10:37:26 AM,27.917,56.588,14.1,,THR      ,ML    ,3.1
10602494,ke  ,THR      ,3/12/2006,1:25:44 PM,27.868,56.484,26.8,,THR      ,ML    ,3.1
10603962,ke  ,CSEM     ,3/15/2006,2:54:30 AM,28.132,54.052,14.2,,CSEM     ,ML    ,3.3
10606022,ke  ,CSEM     ,3/18/2006,2:47:24 PM,27.058,56.071,39.8,,CSEM     ,ML    ,3.1
10607866,ke  ,KISR     ,3/21/2006,2:07:48 PM,28.18,56.182,18,TRUE,KISR     ,ML    ,3.6
10607951,ke  ,CSEM     ,3/21/2006,5:12:11 PM,27.591,56.626,14.1,,CSEM     ,ML    ,3
10608757,ke  ,ISC      ,3/22/2006,11:03:28 PM,27.9714,56.877,24,TRUE,ISC      ,mb    ,3.5
10608761,ke  ,CSEM     ,3/22/2006,11:11:35 PM,27.968,56.957,27.3,,CSEM     ,ML    ,3.1
10609188,ke  ,CSEM     ,3/23/2006,4:51:11 PM,27.948,56.801,35.5,,CSEM     ,ML    ,3.1
10609382,ke  ,ISC      ,3/24/2006,1:42:47 AM,28.0493,57.157,24,TRUE,ISC      ,mb    ,3.6
10609716,ke  ,ISC      ,3/24/2006,4:14:09 PM,28.2226,56.7884,24,TRUE,ISC      ,mb    ,3.4
10609903,ke  ,THR      ,3/24/2006,10:33:52 PM,27.766,55.696,14.1,,THR      ,ML    ,3.1
10609949,ke  ,ISC      ,3/24/2006,11:46:56 PM,28.0371,55.1962,26,TRUE,ISC      ,mb    ,3.5
10610141,de  ,ISC      ,3/25/2006,7:28:59 AM,27.5438,55.6992,22.5,,ISC      ,mb    ,5.7
10610149,ke  ,ISC      ,3/25/2006,7:42:44 AM,27.6843,55.7745,15,TRUE,ISC      ,mb    ,4
10610151,ke  ,THR      ,3/25/2006,7:50:20 AM,27.657,55.827,14.4,,THR      ,ML    ,3
10610152,ke  ,CSEM     ,3/25/2006,7:56:16 AM,27.613,55.864,14.1,,CSEM     ,ML    ,2.9
10610155,ke  ,ISC      ,3/25/2006,8:03:01 AM,27.6282,55.8638,17.4,,ISC      ,mb    ,3.5
10610159,ke  ,CSEM     ,3/25/2006,8:10:19 AM,27.65,55.953,14.1,,CSEM     ,ML    ,2.7
10610163,ke  ,ISC      ,3/25/2006,8:20:20 AM,27.4967,55.7038,15.1,,ISC      ,mb    ,3.7
10610182,ke  ,ISC      ,3/25/2006,8:56:23 AM,27.4745,55.5439,17.3,,ISC      ,mb    ,4.8
10610220,ke  ,ISC      ,3/25/2006,9:53:02 AM,27.5283,55.7473,15,TRUE,ISC      ,mb    ,4.4
10610223,ke  ,ISC      ,3/25/2006,9:55:13 AM,27.5532,55.7689,16,,ISC      ,mb    ,5.3
10610226,ke  ,ISC      ,3/25/2006,10:00:36 AM,27.5779,55.7141,17.1,,ISC      ,mb    ,5.4
10610231,ke  ,ISC      ,3/25/2006,10:09:41 AM,27.5871,55.6553,15,TRUE,ISC      ,mb    ,4
10610238,ke  ,IDC      ,3/25/2006,10:13:02 AM,27.1485,55.8392,0,TRUE,IDC      ,mb    ,3.9
10610246,ke  ,ISC      ,3/25/2006,10:22:53 AM,27.4931,55.5861,18.8,,ISC      ,mb    ,4.8
10610253,ke  ,CSEM     ,3/25/2006,10:27:39 AM,27.611,55.978,14.1,,CSEM     ,ML    ,3
10610254,ke  ,IDC      ,3/25/2006,10:32:46 AM,27.2444,55.8767,0,TRUE,IDC      ,mb    ,3.6
10610255,ke  ,ISC      ,3/25/2006,10:33:39 AM,27.0866,55.6777,12,TRUE,ISC      ,mb    ,3.6
10610258,ke  ,ISC      ,3/25/2006,10:36:58 AM,27.5965,55.6551,15,TRUE,ISC      ,mb    ,4.5
10610265,ke  ,ISC      ,3/25/2006,10:48:04 AM,27.2994,55.8212,15,TRUE,ISC      ,mb    ,3.8
10610266,ke  ,CSEM     ,3/25/2006,10:52:15 AM,27.653,56.043,14.1,,CSEM     ,ML    ,3.3
10610274,ke  ,ISC      ,3/25/2006,11:02:56 AM,27.5338,55.7203,16.1,,ISC      ,mb    ,5
10610283,ke  ,ISC      ,3/25/2006,11:16:19 AM,27.5154,55.5428,15,TRUE,ISC      ,mb    ,4.4
10610299,ke  ,CSEM     ,3/25/2006,11:39:56 AM,27.588,56.298,14.1,,CSEM     ,ML    ,2.9
10610303,ke  ,ISC      ,3/25/2006,11:50:05 AM,27.5146,55.7134,15,TRUE,ISC      ,mb    ,3.5
10610309,ke  ,CSEM     ,3/25/2006,11:55:26 AM,27.594,55.995,14.1,,CSEM     ,ML    ,2.9
10610310,ke  ,ISC      ,3/25/2006,11:57:32 AM,27.3841,55.7643,15,TRUE,ISC      ,mb    ,3.8
10610315,se  ,ISC      ,3/25/2006,12:12:45 PM,27.2149,55.8894,14,TRUE,ISC      ,mb    ,3.7
10610319,ke  ,ISC      ,3/25/2006,12:13:45 PM,27.6632,55.6091,16.6,,ISC      ,mb    ,4.8
10610334,ke  ,THR      ,3/25/2006,12:41:30 PM,27.55,56.105,17.3,,THR      ,ML    ,3.1
10610348,ke  ,ISC      ,3/25/2006,12:55:38 PM,27.5073,55.7488,15,TRUE,ISC      ,mb    ,4.3
10610357,ke  ,ISC      ,3/25/2006,1:14:29 PM,27.516,55.7296,15,TRUE,ISC      ,mb    ,4.3
10610370,ke  ,ISC      ,3/25/2006,1:33:29 PM,27.6018,56.1494,18,TRUE,THR      ,ML    ,3.1
10610375,ke  ,CSEM     ,3/25/2006,1:39:28 PM,27.536,56.469,14.2,,CSEM     ,ML    ,3.1
10610383,ke  ,OMAN     ,3/25/2006,1:53:08 PM,26.2727,56.8988,20,,THR      ,ML    ,3.1
10610430,ke  ,ISC      ,3/25/2006,2:58:31 PM,27.5489,55.7517,12.7,,ISC      ,mb    ,4.6
10610445,ke  ,ISC      ,3/25/2006,3:27:23 PM,27.7054,55.7447,15,TRUE,ISC      ,mb    ,3.6
10610447,ke  ,ISC      ,3/25/2006,3:29:35 PM,27.4599,55.7707,15,TRUE,ISC      ,mb    ,4.2
10610450,ke  ,ISC      ,3/25/2006,3:37:59 PM,27.6195,55.7422,15,TRUE,ISC      ,mb    ,3.6
10610457,ke  ,ISC      ,3/25/2006,3:47:17 PM,27.4896,55.7233,15,TRUE,ISC      ,mb    ,3.7
10610462,ke  ,ISC      ,3/25/2006,4:08:28 PM,27.5384,55.7487,15,TRUE,ISC      ,mb    ,4.1
10610517,ke  ,ISC      ,3/25/2006,5:48:25 PM,27.5243,55.4965,15,TRUE,ISC      ,mb    ,4.4
10610532,ke  ,CSEM     ,3/25/2006,6:31:39 PM,27.635,55.879,14.1,,CSEM     ,ML    ,2.9
10610547,ke  ,THR      ,3/25/2006,6:55:53 PM,27.697,55.903,14.1,,THR      ,ML    ,3.4
10610554,ke  ,THR      ,3/25/2006,7:14:31 PM,27.964,57.437,14.1,,THR      ,ML    ,3.6
10610576,ke  ,CSEM     ,3/25/2006,8:09:05 PM,27.677,55.964,14.1,,CSEM     ,ML    ,3.1
10610587,ke  ,ISC      ,3/25/2006,8:21:30 PM,27.5428,55.6063,15,TRUE,ISC      ,mb    ,3.9
10610603,ke  ,ISC      ,3/25/2006,9:23:24 PM,27.5588,55.5185,15,TRUE,ISC      ,mb    ,3.8
10610604,se  ,NEIC     ,3/25/2006,9:24:58 PM,26.557,56.193,10,TRUE,NEIC     ,mb    ,3.7
10610623,ke  ,ISC      ,3/25/2006,9:54:15 PM,28.0765,57.0964,13.1,,ISC      ,mb    ,3.6
10610746,ke  ,CSEM     ,3/26/2006,2:32:15 AM,27.448,55.776,14.2,,CSEM     ,ML    ,2.9
10610792,ke  ,CSEM     ,3/26/2006,4:22:15 AM,27.623,55.697,14.1,,CSEM     ,ML    ,3.2
10610823,ke  ,CSEM     ,3/26/2006,5:29:19 AM,27.564,55.88,15,,CSEM     ,ML    ,3.1
10610840,ke  ,THR      ,3/26/2006,6:26:54 AM,28.372,54.642,14.1,,THR      ,ML    ,3.1
10610845,ke  ,CSEM     ,3/26/2006,6:43:18 AM,27.532,55.927,14.1,,CSEM     ,ML    ,2.9
10610851,ke  ,THR      ,3/26/2006,7:13:16 AM,27.539,55.878,14.2,,THR      ,ML    ,3.1
10610854,ke  ,ISC      ,3/26/2006,7:21:31 AM,27.4815,55.7097,15,,ISC      ,mb    ,4.3
10610873,ke  ,ISC      ,3/26/2006,7:54:46 AM,27.4642,55.7347,15,TRUE,THR      ,ML    ,3
10610885,ke  ,CSEM     ,3/26/2006,8:15:18 AM,27.607,55.979,14.1,,CSEM     ,ML    ,3.1
10610934,ke  ,ISC      ,3/26/2006,9:37:57 AM,27.4992,55.8065,15,TRUE,ISC      ,mb    ,4.6
10610942,ke  ,THR      ,3/26/2006,9:44:32 AM,27.655,55.872,14.2,,THR      ,ML    ,3.1
10610972,ke  ,THR      ,3/26/2006,10:35:09 AM,27.511,56.096,14.2,,THR      ,ML    ,3.1
10610986,ke  ,CSEM     ,3/26/2006,11:09:09 AM,27.481,55.996,14.1,,CSEM     ,ML    ,3
10611016,ke  ,CSEM     ,3/26/2006,12:27:10 PM,27.362,56.374,14.1,,CSEM     ,ML    ,2.6
10611104,ke  ,CSEM     ,3/26/2006,3:38:47 PM,27.579,56.002,14.2,,CSEM     ,ML    ,2.7
10611144,ke  ,ISC      ,3/26/2006,5:34:17 PM,27.5748,55.606,18.8,,ISC      ,mb    ,3.6
10611165,ke  ,CSEM     ,3/26/2006,6:24:15 PM,27.646,55.833,14.1,,CSEM     ,ML    ,2.7
10611213,ke  ,CSEM     ,3/26/2006,7:43:00 PM,27.998,54.382,36.7,,CSEM     ,ML    ,2.8
10611398,ke  ,ISC      ,3/27/2006,2:39:52 AM,27.5196,55.7549,13.2,,ISC      ,mb    ,3.7
10611399,ke  ,CSEM     ,3/27/2006,2:43:34 AM,27.574,56.041,14.1,,CSEM     ,ML    ,2.9
10611401,ke  ,CSEM     ,3/27/2006,2:48:34 AM,27.575,56.039,14.1,,CSEM     ,ML    ,2.9
10611466,ke  ,CSEM     ,3/27/2006,4:36:37 AM,27.649,55.907,16.5,,CSEM     ,ML    ,2.9
10611490,ke  ,CSEM     ,3/27/2006,5:24:23 AM,27.64,55.946,14.1,,CSEM     ,ML    ,2.8
10611497,ke  ,CSEM     ,3/27/2006,5:34:06 AM,27.575,55.936,14.1,,CSEM     ,ML    ,2.7
10611516,ke  ,KISR     ,3/27/2006,6:29:38 AM,27.588,55.598,3,,KISR     ,ML    ,2.9
10611540,ke  ,TEH      ,3/27/2006,7:20:02 AM,27.614,55.689,9.2,,TEH      ,Mn    ,3.6
10612008,ke  ,THR      ,3/27/2006,11:02:29 PM,28.163,56.871,15.7,,THR      ,ML    ,3
10612081,ke  ,CSEM     ,3/28/2006,2:22:44 AM,27.637,55.735,14.1,,CSEM     ,ML    ,2.6
10612390,ke  ,ISC      ,3/28/2006,3:32:09 PM,27.5419,55.7459,15,TRUE,ISC      ,mb    ,4.1
10612436,ke  ,ISC      ,3/28/2006,5:38:50 PM,27.9708,56.7451,28,TRUE,ISC      ,mb    ,3.7
10612641,ke  ,CSEM     ,3/29/2006,2:08:05 AM,27.592,55.935,14.1,,CSEM     ,ML    ,2.9
10612644,ke  ,CSEM     ,3/29/2006,2:10:23 AM,27.603,55.946,14.1,,CSEM     ,ML    ,2.9
10612659,ke  ,TEH      ,3/29/2006,3:07:47 AM,27.701,55.791,18,,TEH      ,Mn    ,3.5
10612710,ke  ,CSEM     ,3/29/2006,5:11:13 AM,27.567,55.72,14.1,,CSEM     ,ML    ,2.9
10612938,ke  ,THR      ,3/29/2006,2:59:25 PM,28.137,57.074,14.7,,THR      ,ML    ,3.2
10613009,ke  ,THR      ,3/29/2006,5:41:24 PM,28.167,56.059,15,,THR      ,ML    ,3
10613335,ke  ,ISC      ,3/30/2006,7:28:48 AM,27.4357,55.4275,15,TRUE,ISC      ,mb    ,4.3
10613465,ke  ,THR      ,3/30/2006,10:12:20 AM,27.549,55.603,14.1,,THR      ,ML    ,3
10613862,ke  ,CSEM     ,3/30/2006,7:26:46 PM,27.5243,55.8691,20,,CSEM     ,ML    ,2.7
10613923,ke  ,ISC      ,3/30/2006,9:06:29 PM,27.935,57.1056,24,TRUE,ISC      ,mb    ,3.4
10614198,ke  ,THR      ,3/31/2006,5:52:06 AM,27.607,56.014,14.1,,THR      ,ML    ,3.2
10614527,ke  ,TEH      ,3/31/2006,3:08:27 PM,27.505,56.655,18,,TEH      ,Mn    ,3.6
10614695,ke  ,THR      ,3/31/2006,9:22:23 PM,27.656,55.685,14.1,,THR      ,ML    ,3
10614708,ke  ,IDC      ,3/31/2006,9:57:34 PM,27.6031,57.189,0,TRUE,IDC      ,mb    ,3.5
9593982,ke  ,ISC      ,4/1/2006,8:08:15 AM,27.5365,57.1743,10,TRUE,ISC      ,mb    ,3.5
9594032,ke  ,THR      ,4/1/2006,5:38:25 PM,27.52,55.86,25.7,,THR      ,ML    ,3.1
10687514,ke  ,CSEM     ,4/1/2006,10:45:39 PM,27.609,56.211,14.1,,CSEM     ,ML    ,2.6
10687517,ke  ,CSEM     ,4/2/2006,8:42:00 AM,27.607,55.806,14.1,,CSEM     ,ML    ,2.7
9594106,ke  ,THR      ,4/2/2006,10:42:18 AM,27.61,56.119,14.1,,THR      ,ML    ,3
10687519,ke  ,CSEM     ,4/2/2006,1:46:37 PM,27.569,56.303,14.1,,CSEM     ,ML    ,2.7
8503954,ke  ,ISC      ,4/4/2006,10:27:09 AM,27.4948,55.9376,30,,ISC      ,mb    ,3.9
10697554,ke  ,ISC      ,4/5/2006,12:23:30 PM,27.4753,55.4294,15,TRUE,ISC      ,mb    ,4.3
10687536,ke  ,CSEM     ,4/5/2006,2:58:56 PM,27.598,55.791,14.1,,CSEM     ,ML    ,2.8
8320095,ke  ,ISC      ,4/5/2006,10:05:52 PM,27.5038,55.518,15,TRUE,ISC      ,mb    ,3.9
9594370,ke  ,CSEM     ,4/6/2006,1:20:24 PM,27.64,55.668,14.1,,CSEM     ,ML    ,3
10687544,ke  ,CSEM     ,4/7/2006,10:49:12 AM,27.618,55.689,15.3,,CSEM     ,ML    ,2.8
8505998,ke  ,ISC      ,4/7/2006,12:37:22 PM,28.2911,57.4282,43,TRUE,ISC      ,mb    ,3.9
10687545,ke  ,CSEM     ,4/7/2006,12:48:05 PM,27.623,55.96,14.1,,CSEM     ,ML    ,2.7
8506010,ke  ,ISC      ,4/7/2006,10:02:46 PM,28.8967,54.6572,10,TRUE,ISC      ,mb    ,3.8
9594566,ke  ,ISC      ,4/10/2006,5:15:26 AM,28.1617,56.7401,24,TRUE,ISC      ,mb    ,4
8645921,ke  ,ISC      ,4/11/2006,5:15:17 AM,27.5158,55.761,15,TRUE,ISC      ,mb    ,3.7
9594661,ke  ,CSEM     ,4/11/2006,4:39:59 PM,27.624,55.8,14.1,,CSEM     ,ML    ,3.1
9435171,ke  ,ISC      ,4/12/2006,9:01:48 PM,27.5825,55.849,15,TRUE,CSEM     ,ML    ,3.4
8645977,ke  ,ISC      ,4/13/2006,1:28:11 AM,27.5889,55.8152,15,TRUE,ISC      ,mb    ,3.7
9594779,se  ,ISC      ,4/13/2006,1:29:32 AM,28.1997,55.3703,22,TRUE,ISC      ,mb    ,3.7
9594783,ke  ,CSEM     ,4/13/2006,2:17:17 AM,27.559,56.236,16.7,,CSEM     ,ML    ,3
9594786,ke  ,CSEM     ,4/13/2006,2:56:45 AM,27.583,56.105,14.1,,CSEM     ,ML    ,3.4
9594886,ke  ,THR      ,4/14/2006,5:55:49 AM,27.612,55.735,14.1,,THR      ,ML    ,3
9594927,ke  ,THR      ,4/14/2006,9:32:41 PM,27.611,55.629,14.1,,THR      ,ML    ,3.1
9594948,ke  ,CSEM     ,4/15/2006,6:45:12 AM,27.591,55.792,14.1,,CSEM     ,ML    ,3.2
8320644,ke  ,ISC      ,4/16/2006,3:48:38 PM,26.7791,55.7836,24.8,,ISC      ,mb    ,4.7
9595087,ke  ,THR      ,4/17/2006,4:03:10 PM,28.001,57.183,17.9,,THR      ,ML    ,3.2
10697864,ke  ,ISC      ,4/19/2006,4:41:43 PM,26.8439,55.7944,14,TRUE,ISC      ,mb    ,4.3
8320795,ke  ,ISC      ,4/19/2006,5:01:45 PM,28.1721,56.8358,24,TRUE,ISC      ,mb    ,4.3
9597531,ke  ,CSEM     ,4/20/2006,6:26:31 AM,27.604,56.059,14.1,,CSEM     ,ML    ,3.3
9597542,ke  ,ISC      ,4/20/2006,11:14:21 AM,27.8157,54.2728,17,TRUE,ISC      ,mb    ,3.6
9597660,ke  ,THR      ,4/21/2006,5:57:58 PM,28.103,56.936,43.4,,THR      ,ML    ,3
10687579,ke  ,CSEM     ,4/22/2006,3:22:59 AM,27.601,55.73,14.1,,CSEM     ,ML    ,2.6
8646457,ke  ,ISC      ,4/23/2006,1:05:52 AM,27.6293,55.3247,15,TRUE,ISC      ,mb    ,3.9
10687581,ke  ,CSEM     ,4/23/2006,2:54:53 PM,27.644,56.426,18,,CSEM     ,ML    ,2.8
10698081,ke  ,ISC      ,4/24/2006,5:23:12 PM,27.7521,55.471,27.2,,ISC      ,mb    ,3.9
10687584,ke  ,CSEM     ,4/25/2006,8:24:34 AM,26.843,56.036,14.1,,CSEM     ,ML    ,2.9
9598003,ke  ,CSEM     ,4/26/2006,2:39:28 AM,28.313,56.169,27.7,,CSEM     ,ML    ,3
8321270,ke  ,ISC      ,4/28/2006,12:52:48 AM,27.4504,55.7123,15,TRUE,ISC      ,mb    ,4
9598344,ke  ,CSEM     ,5/1/2006,7:07:05 PM,28.089,54.999,14.2,,CSEM     ,ML    ,3.1
9598473,ke  ,THR      ,5/4/2006,6:09:54 PM,28.102,57.505,14.1,,THR      ,ML    ,3.2
10883833,ke  ,CSEM     ,5/6/2006,4:16:54 AM,27.556,55.683,15.7,,CSEM     ,ML    ,2.7
9130908,ke  ,ISC      ,5/6/2006,9:27:47 PM,27.7608,54.0018,23,TRUE,ISC      ,mb    ,3.5
10883835,ke  ,CSEM     ,5/7/2006,3:56:43 AM,26.851,54.033,14.2,,CSEM     ,ML    ,2.7
9131150,ke  ,ISC      ,5/10/2006,5:36:28 AM,27.0445,53.7865,19,TRUE,ISC      ,mb    ,3.7
10698410,ke  ,ISC      ,5/12/2006,4:05:30 PM,27.5518,55.6543,19.2,,ISC      ,mb    ,4.8
8338899,ke  ,ISC      ,5/12/2006,11:18:56 PM,31.7099,50.2072,11.9,,ISC      ,mb    ,4.6
10883854,ke  ,CSEM     ,5/17/2006,9:59:06 PM,27.725,55.476,14.1,,CSEM     ,ML    ,2.9
10883856,ke  ,CSEM     ,5/18/2006,12:47:45 PM,27.637,55.904,14.1,,CSEM     ,ML    ,2.7
8713741,ke  ,ISC      ,5/19/2006,9:57:26 PM,27.3845,54.9287,20,TRUE,ISC      ,mb    ,3.7
9599189,ke  ,THR      ,5/19/2006,10:10:31 PM,26.85,54.841,45.9,,THR      ,ML    ,3.3
9599206,ke  ,CSEM     ,5/20/2006,8:54:23 AM,26.826,54.814,18,,CSEM     ,ML    ,3.1
9599217,ke  ,CSEM     ,5/21/2006,12:18:32 AM,28.203,56.672,40.5,,CSEM     ,ML    ,3.1
9599248,ke  ,THR      ,5/21/2006,10:23:05 PM,27.745,55.062,17.6,,THR      ,ML    ,3.1
8358391,ke  ,ISC      ,5/21/2006,10:50:54 PM,27.3533,54.9123,20,TRUE,ISC      ,mb    ,3.9
9599318,ke  ,CSEM     ,5/23/2006,5:33:51 PM,28.233,57.074,15,,CSEM     ,ML    ,3.1
9599319,ke  ,THR      ,5/23/2006,6:50:13 PM,27.79,57.232,16.8,,THR      ,ML    ,3.2
8854830,ke  ,ISC      ,5/24/2006,5:54:48 PM,26.713,54.1633,24,TRUE,ISC      ,mb    ,4
9599351,ke  ,IDC      ,5/24/2006,6:53:40 PM,26.6202,54.3932,0,TRUE,IDC      ,mb    ,3.5
9599376,ke  ,THR      ,5/25/2006,12:45:13 AM,26.728,54.196,39,,THR      ,ML    ,3.1
10883896,ke  ,CSEM     ,5/25/2006,4:55:45 AM,28.318,54.146,14.1,,CSEM     ,ML    ,2.7
9599420,ke  ,ISC      ,5/26/2006,7:11:24 AM,26.8312,55.6592,12,TRUE,ISC      ,mb    ,3.8
9599428,ke  ,THR      ,5/26/2006,12:18:53 PM,28.209,56.879,14.1,,THR      ,ML    ,3.1
10883900,ke  ,CSEM     ,5/27/2006,12:11:21 PM,27.459,55.784,17.9,,CSEM     ,ML    ,2.9
9599536,ke  ,THR      ,5/29/2006,3:28:13 AM,27.565,56.061,14.1,,THR      ,ML    ,3.1
9132346,ke  ,ISC      ,5/30/2006,3:06:39 PM,28.1382,57.012,24,TRUE,ISC      ,mb    ,3.7
10883907,ke  ,CSEM     ,5/31/2006,2:43:18 AM,27.578,54.953,16.9,,CSEM     ,ML    ,2.9
9599621,ke  ,CSEM     ,5/31/2006,7:21:52 AM,28.591,56.675,14.1,,CSEM     ,ML    ,3.3
9436193,ke  ,TEH      ,5/31/2006,1:12:38 PM,28.168,54.099,17.7,,TEH      ,Mn    ,3.6
8855025,ke  ,ISC      ,6/1/2006,2:16:57 AM,27.4951,55.6855,19.2,,ISC      ,mb    ,3.7
9221281,ke  ,ISC      ,6/1/2006,6:03:46 PM,26.7841,55.7262,12,TRUE,ISC      ,mb    ,3.6
9436209,ke  ,OMAN     ,6/1/2006,8:26:22 PM,28.3928,58.0952,25.9,,CSEM     ,ML    ,3.7
10698752,de  ,ISC      ,6/3/2006,7:15:36 AM,26.7912,55.8877,14.5,,ISC      ,mb    ,5.3
9599744,ke  ,THR      ,6/3/2006,7:30:10 AM,25.804,55.86,14.1,,THR      ,ML    ,3.5
10698753,ke  ,ISC      ,6/3/2006,7:37:29 AM,26.8202,55.8809,14,TRUE,ISC      ,mb    ,4.5
9599745,ke  ,THR      ,6/3/2006,7:43:19 AM,26.595,56.026,8.3,,THR      ,ML    ,3.3
9599746,ke  ,KISR     ,6/3/2006,8:22:20 AM,26.733,55.312,7.6,,KISR     ,ML    ,3.7
9599752,ke  ,CSEM     ,6/3/2006,10:20:09 AM,26.749,56.005,7.8,,CSEM     ,ML    ,3.2
9599753,ke  ,THR      ,6/3/2006,10:35:12 AM,26.765,56.001,14.1,,THR      ,ML    ,3
9599754,ke  ,THR      ,6/3/2006,12:41:56 PM,27.785,56.042,14.2,,THR      ,ML    ,3
8855085,ke  ,ISC      ,6/3/2006,1:14:19 PM,26.8038,55.7888,14,TRUE,ISC      ,mb    ,4.1
9599763,ke  ,THR      ,6/3/2006,5:50:32 PM,28.432,57.135,32.8,,THR      ,ML    ,3.4
8443213,ke  ,ISC      ,6/3/2006,11:00:55 PM,26.8473,55.8303,14,TRUE,ISC      ,mb    ,4.2
9599769,ke  ,KISR     ,6/3/2006,11:23:05 PM,27.14,55.665,33,TRUE,KISR     ,ML    ,3.4
10936631,ke  ,CSEM     ,6/4/2006,7:39:04 AM,28.453,57.058,14.1,,CSEM     ,ML    ,2.8
9599786,ke  ,KISR     ,6/4/2006,12:16:11 PM,26.663,57.624,33,TRUE,KISR     ,ML    ,4.1
9599843,ke  ,THR      ,6/6/2006,10:05:07 AM,27.596,57.904,34.2,,THR      ,ML    ,3.2
9599856,ke  ,THR      ,6/6/2006,10:59:14 PM,28.477,56.988,38.3,,THR      ,ML    ,3
9600097,ke  ,CSEM     ,6/16/2006,10:41:08 PM,28.469,57,28.1,,CSEM     ,ML    ,3.2
10936658,ke  ,CSEM     ,6/19/2006,8:51:04 AM,28.354,56.033,18,,CSEM     ,ML    ,2.9
9222275,ke  ,ISC      ,6/19/2006,2:03:55 PM,28.0741,57.3306,30,TRUE,ISC      ,mb    ,3.8
10699059,ke  ,ISC      ,6/23/2006,6:21:08 AM,27.9205,54.3073,17.5,,ISC      ,mb    ,5
9600345,ke  ,THR      ,6/23/2006,9:08:53 AM,28.196,54.503,15,TRUE,THR      ,ML    ,3
10699064,ke  ,ISC      ,6/23/2006,4:00:42 PM,27.9313,54.1936,39.2,,ISC      ,mb    ,4.7
10699066,ke  ,ISC      ,6/23/2006,4:14:36 PM,27.9615,54.2027,22.5,,ISC      ,mb    ,4.5
10936675,ke  ,CSEM     ,6/23/2006,6:32:59 PM,28.046,54.473,17.9,,CSEM     ,ML    ,2.8
9600392,ke  ,THR      ,6/24/2006,7:39:43 PM,27.339,56.256,14.1,,THR      ,ML    ,3.2
9600467,ke  ,CSEM     ,6/26/2006,12:15:55 PM,27.875,54.447,14.1,,CSEM     ,ML    ,3.4
8496055,de  ,ISC      ,6/28/2006,9:02:11 PM,26.8384,55.8685,17.7,,ISC      ,mb    ,5.8
10699140,se  ,ISC      ,6/28/2006,9:16:12 PM,26.9168,55.7489,12,TRUE,ISC      ,mb    ,3.9
9222809,ke  ,ISC      ,6/28/2006,9:19:29 PM,26.9005,55.8172,14,TRUE,ISC      ,mb    ,3.8
10699142,ke  ,ISC      ,6/28/2006,9:26:03 PM,26.8739,55.8504,20.5,,ISC      ,mb    ,4.4
8505566,ke  ,ISC      ,6/28/2006,9:36:41 PM,26.884,55.8477,14,TRUE,ISC      ,mb    ,4.5
10699145,ke  ,ISC      ,6/28/2006,9:55:11 PM,26.896,55.7776,14,TRUE,ISC      ,mb    ,4
9222810,ke  ,ISC      ,6/28/2006,10:23:16 PM,26.9571,55.896,14,TRUE,ISC      ,mb    ,3.6
9222811,ke  ,ISC      ,6/28/2006,10:25:57 PM,26.838,55.7224,12,TRUE,ISC      ,mb    ,4.4
9971857,ke  ,KISR     ,6/28/2006,10:30:40 PM,26.859,55.568,33.5,TRUE,KISR     ,ML    ,3.1
9600549,ke  ,THR      ,6/28/2006,10:33:26 PM,26.853,56.127,14.1,,THR      ,ML    ,3
9600550,ke  ,KISR     ,6/28/2006,10:45:25 PM,26.976,55.359,3.7,,KISR     ,ML    ,3.3
8505573,ke  ,ISC      ,6/28/2006,11:40:46 PM,26.8097,55.8363,14,TRUE,ISC      ,mb    ,4.1
9600557,ke  ,KISR     ,6/29/2006,1:17:47 AM,27.122,55.607,33.5,TRUE,KISR     ,ML    ,3.6
9971866,ke  ,KISR     ,6/29/2006,1:52:28 AM,26.366,55.306,33.5,TRUE,KISR     ,ML    ,3.4
10936685,ke  ,CSEM     ,6/29/2006,6:21:37 AM,26.794,56.186,20.2,,CSEM     ,ML    ,2.9
9600569,ke  ,ISC      ,6/29/2006,2:30:10 PM,26.9312,55.9807,14,TRUE,ISC      ,mb    ,3.8
10699152,ke  ,ISC      ,6/29/2006,4:41:50 PM,26.8444,55.8354,14,TRUE,ISC      ,mb    ,4.6
9437130,ke  ,ISC      ,6/29/2006,5:17:42 PM,26.905,55.9423,14,TRUE,ISC      ,mb    ,3.8
9222847,ke  ,ISC      ,6/29/2006,7:20:01 PM,26.9337,55.8864,14,TRUE,ISC      ,mb    ,3.4
9222853,ke  ,ISC      ,6/29/2006,11:44:24 PM,26.9653,55.7717,14,TRUE,ISC      ,mb    ,3.8
10936688,ke  ,CSEM     ,6/30/2006,12:29:04 AM,27.197,56.054,18,,CSEM     ,ML    ,2.6
8505646,ke  ,ISC      ,6/30/2006,5:38:55 AM,26.9169,55.8149,14,TRUE,ISC      ,mb    ,4.6
10699168,ke  ,ISC      ,6/30/2006,3:06:12 PM,26.9729,55.877,14,TRUE,ISC      ,mb    ,4.3
9305438,ke  ,ISC      ,7/1/2006,1:19:30 PM,26.8688,55.8064,14,TRUE,ISC      ,mb    ,3.8
9600671,ke  ,CSEM     ,7/2/2006,9:33:26 PM,27.172,55.93,15,,CSEM     ,ML    ,3.1
10936691,ke  ,CSEM     ,7/4/2006,10:25:32 AM,26.995,56.267,9,,CSEM     ,ML    ,2.9
8856928,ke  ,ISC      ,7/5/2006,7:33:33 AM,26.894,55.8641,14,TRUE,ISC      ,mb    ,4.1
9600748,ke  ,CSEM     ,7/6/2006,7:02:54 PM,26.947,56.262,14.1,,CSEM     ,ML    ,3.1
10461467,ke  ,OMAN     ,7/7/2006,3:25:59 AM,26.3635,57.2026,0,,         ,      ,
8856966,ke  ,ISC      ,7/7/2006,3:28:55 AM,26.9046,55.8419,14,TRUE,ISC      ,mb    ,4
8518361,ke  ,ISC      ,7/7/2006,8:01:37 PM,26.8144,55.8134,14,TRUE,ISC      ,mb    ,4.2
9305943,ke  ,ISC      ,7/7/2006,8:10:55 PM,26.8567,55.7551,14,TRUE,ISC      ,mb    ,3.8
10936696,ke  ,CSEM     ,7/7/2006,9:39:10 PM,27.024,55.983,29.3,,CSEM     ,ML    ,2.8
9600780,ke  ,KISR     ,7/8/2006,10:16:46 AM,27.635,55.714,33,TRUE,KISR     ,ML    ,3.6
9600782,ke  ,CSEM     ,7/8/2006,12:22:06 PM,27.262,55.777,14.5,,CSEM     ,ML    ,3
9600820,ke  ,THR      ,7/10/2006,4:03:28 AM,28.165,56.628,14.1,,THR      ,ML    ,3
9306254,ke  ,ISC      ,7/11/2006,11:38:02 PM,30.2979,51.9808,8,TRUE,ISC      ,mb    ,3.9
9987486,ke  ,KISR     ,7/12/2006,12:42:34 PM,26.909,55.537,33,TRUE,KISR     ,ML    ,3.3
9600998,ke  ,THR      ,7/15/2006,1:48:49 AM,27.465,56.332,14.1,,THR      ,ML    ,3
9601058,ke  ,THR      ,7/16/2006,7:38:03 PM,28.008,56.71,14.2,,THR      ,ML    ,3.4
8531204,ke  ,ISC      ,7/17/2006,10:01:03 PM,26.8838,55.7952,14,TRUE,ISC      ,mb    ,4.3
9601449,ke  ,CSEM     ,7/19/2006,9:33:35 AM,26.99,56.274,7.7,TRUE,CSEM     ,ML    ,3.2
9601506,ke  ,THR      ,7/20/2006,11:45:51 AM,28.26,56.869,28.2,,THR      ,ML    ,3.2
9601519,ke  ,CSEM     ,7/20/2006,10:11:51 PM,27.89,57.326,18,,CSEM     ,ML    ,3.3
10699518,ke  ,ISC      ,7/20/2006,11:46:51 PM,29.0848,55.1617,26.8,,ISC      ,mb    ,4.8
9601537,ke  ,THR      ,7/21/2006,12:47:26 AM,29.111,55.242,14.1,,THR      ,ML    ,3.4
9601541,ke  ,CSEM     ,7/21/2006,1:33:14 AM,29.118,55.229,15.7,,CSEM     ,ML    ,3.3
9601565,ke  ,THR      ,7/21/2006,6:26:57 PM,28.137,57.074,14.1,,THR      ,ML    ,3.2
9601596,ke  ,CSEM     ,7/22/2006,5:56:41 AM,26.876,55.956,8.1,,CSEM     ,ML    ,3
9158062,ke  ,ISC      ,7/25/2006,3:24:13 PM,27.6287,55.5867,15,TRUE,ISC      ,mb    ,4
9158064,ke  ,ISC      ,7/25/2006,9:51:41 PM,27.6429,56.6694,18,TRUE,ISC      ,mb    ,3.9
9601835,ke  ,THR      ,7/29/2006,6:55:49 PM,27.969,55.087,15,,THR      ,ML    ,3.1
10937104,ke  ,CSEM     ,7/30/2006,4:38:00 AM,28.32,56.929,14.1,,CSEM     ,ML    ,2.8
9601875,ke  ,THR      ,7/30/2006,10:05:15 PM,28.066,57.225,39.7,,THR      ,ML    ,3.3
9601985,ke  ,THR      ,8/1/2006,12:48:42 AM,28.523,55.99,15,,THR      ,ML    ,3.2
10461633,ke  ,CSEM     ,8/22/2006,7:47:39 PM,28.13,56.911,14.1,,CSEM     ,ML    ,2.8
10700028,ke  ,ISC      ,8/23/2006,8:36:11 AM,27.4658,55.7304,15,TRUE,ISC      ,mb    ,4.4
10700029,ke  ,KISR     ,8/23/2006,9:06:57 AM,28.24,55.535,18,,KISR     ,ML    ,3.9
9602365,ke  ,THR      ,8/23/2006,10:53:18 AM,27.529,55.895,14.2,,THR      ,ML    ,3.1
9602366,ke  ,THR      ,8/23/2006,5:18:05 PM,27.555,55.941,14.1,,THR      ,ML    ,3.3
10461639,ke  ,OMAN     ,8/26/2006,8:17:30 AM,25.6359,56.5971,20,,         ,      ,
11117121,ke  ,CSEM     ,8/28/2006,11:16:35 AM,27.922,55.076,14.1,,CSEM     ,ML    ,2.7
9602505,ke  ,CSEM     ,8/31/2006,4:43:23 PM,28.384,55.941,14.1,,CSEM     ,ML    ,3.3
9602685,ke  ,CSEM     ,9/9/2006,10:46:30 AM,25.97,55.549,18,,CSEM     ,ML    ,3.4
8663871,ke  ,ISC      ,9/10/2006,8:57:47 AM,27.7694,54.2229,26.3,,ISC      ,mb    ,4.7
8663878,ke  ,ISC      ,9/10/2006,1:05:32 PM,27.738,54.2438,23,TRUE,ISC      ,mb    ,4.2
9602706,ke  ,ISC      ,9/10/2006,3:22:45 PM,27.5626,54.3249,25,TRUE,ISC      ,mb    ,3.6
11121498,ke  ,CSEM     ,9/10/2006,3:46:29 PM,27.648,54.356,15,,CSEM     ,ML    ,2.9
9602707,ke  ,ISC      ,9/10/2006,3:55:50 PM,27.8629,54.4622,9.1,,ISC      ,mb    ,3.8
9602708,ke  ,THR      ,9/10/2006,11:03:19 PM,27.748,54.283,16.5,,THR      ,ML    ,3.3
9602726,ke  ,CSEM     ,9/12/2006,1:27:26 PM,27.419,56.478,14.2,,CSEM     ,ML    ,3.3
9602727,ke  ,THR      ,9/12/2006,4:26:01 PM,27.916,57.373,31.8,,THR      ,ML    ,3.5
9602728,ke  ,THR      ,9/12/2006,4:29:33 PM,27.929,57.314,46,,THR      ,ML    ,3.5
9442088,ke  ,ISC      ,9/14/2006,3:18:22 AM,27.5372,55.1853,20,TRUE,ISC      ,mb    ,3.8
9602785,ke  ,ISC      ,9/18/2006,10:59:28 PM,28.4277,57.0677,35,TRUE,ISC      ,mb    ,3.5
9602847,ke  ,CSEM     ,9/21/2006,2:21:48 PM,28.7807,57.413,30,TRUE,CSEM     ,ML    ,3.1
9602867,ke  ,THR      ,9/22/2006,5:45:03 PM,29.269,56.415,14.5,,THR      ,ML    ,3.5
9442250,ke  ,ISC      ,9/24/2006,9:35:04 AM,27.4659,56.2818,6.3,,ISC      ,mb    ,3.4
9602925,ke  ,THR      ,9/25/2006,4:32:46 AM,28.218,55.935,15.2,,THR      ,ML    ,3.2
11121742,ke  ,CSEM     ,9/27/2006,9:18:50 PM,27.591,55.943,14.1,,CSEM     ,ML    ,2.6
9135358,ke  ,ISC      ,9/30/2006,4:16:17 PM,27.6106,55.8303,15,TRUE,ISC      ,mb    ,4.1
10002274,ke  ,KISR     ,10/8/2006,7:28:42 PM,26.619,55.434,33.5,TRUE,KISR     ,ML    ,3.4
11227384,ke  ,CSEM     ,10/10/2006,10:42:35 PM,27.594,55.97,14.1,,CSEM     ,ML    ,2.9
8822989,ke  ,ISC      ,10/13/2006,10:19:55 AM,27.819,54.3193,17,TRUE,ISC      ,mb    ,4.6
9603267,ke  ,KISR     ,10/13/2006,9:27:18 PM,28.83,55.564,33.5,TRUE,KISR     ,ML    ,3.2
11227393,ke  ,CSEM     ,10/14/2006,6:08:13 AM,27.888,54.442,14.1,,CSEM     ,ML    ,2.7
10462156,ke  ,OMAN     ,10/15/2006,7:05:33 AM,25.6356,56.4964,16,,         ,      ,
9679633,ke  ,ISC      ,10/15/2006,11:37:19 AM,27.905,54.5116,17,TRUE,ISC      ,mb    ,3.7
9603306,ke  ,THR      ,10/16/2006,3:49:35 AM,27.847,54.518,14.2,,THR      ,ML    ,3.2
9603328,ke  ,CSEM     ,10/17/2006,8:16:45 AM,27.857,56.351,14.1,,CSEM     ,ML    ,3.3
11122209,ke  ,ISC      ,10/22/2006,4:54:57 AM,25.2346,56.0135,10,TRUE,ISC      ,mb    ,3.9
8859802,ke  ,ISC      ,10/25/2006,10:04:03 AM,28.5318,57.0349,31,TRUE,ISC      ,mb    ,4.2
9603428,ke  ,CSEM     ,10/25/2006,3:30:04 PM,28.331,55.793,18,,CSEM     ,ML    ,3
9308415,ke  ,ISC      ,10/26/2006,3:33:14 AM,26.8597,57.4741,25,TRUE,ISC      ,mb    ,4.4
9617489,ke  ,THR      ,10/26/2006,3:42:22 AM,26.967,57.518,14.1,,THR      ,ML    ,3.2
9680524,ke  ,IDC      ,10/27/2006,9:50:11 AM,26.4586,54.0305,52.6,,IDC      ,mb    ,3.7
9617536,ke  ,ISC      ,10/27/2006,10:27:06 PM,28.1738,57.0511,24,TRUE,ISC      ,mb    ,3.7
9617550,ke  ,THR      ,10/28/2006,12:33:52 PM,28.139,56.636,15,,THR      ,ML    ,3.1
9617587,ke  ,THR      ,10/30/2006,2:23:55 AM,27.525,56.317,25.6,,THR      ,ML    ,3.2
9617651,ke  ,CSEM     ,11/2/2006,9:19:00 AM,28.459,57.544,27.2,,CSEM     ,ML    ,3.4
9442970,ke  ,ISC      ,11/3/2006,7:54:08 AM,28.0351,51.2237,10,TRUE,ISC      ,mb    ,3.9
9617682,ke  ,THR      ,11/3/2006,11:11:53 PM,27.407,55.138,15,,THR      ,ML    ,3
9681410,se  ,ISC      ,11/10/2006,5:27:23 AM,26.5811,53.9513,24,TRUE,ISC      ,mb    ,3.7
11122437,ke  ,ISC      ,11/13/2006,10:59:57 AM,27.7386,55.1079,20,TRUE,ISC      ,mb    ,4.5
9443176,ke  ,ISC      ,11/13/2006,6:31:53 PM,27.3906,56.4951,18,TRUE,ISC      ,mb    ,4.1
8956668,ke  ,NEIC     ,11/16/2006,11:22:47 AM,26.407,57.929,22.2,TRUE,NEIC     ,mb    ,4.3
9443238,ke  ,CSEM     ,11/16/2006,6:01:14 PM,26.5277,57.336,2,,CSEM     ,ML    ,3.4
9443255,ke  ,ISC      ,11/17/2006,3:47:58 PM,28.3255,53.9804,24,TRUE,THR      ,ML    ,3.6
9443268,ke  ,ISC      ,11/18/2006,1:05:08 AM,26.912,55.5816,12,TRUE,ISC      ,mb    ,4.2
9443271,ke  ,ISC      ,11/18/2006,3:43:04 AM,27.0647,55.6882,12,TRUE,ISC      ,mb    ,3.6
8956737,ke  ,ISC      ,11/18/2006,6:15:15 PM,27.1257,56.6299,10,TRUE,ISC      ,mb    ,4.2
10463774,ke  ,CSEM     ,11/24/2006,8:34:45 PM,27.78,56.548,18,,CSEM     ,ML    ,2.7
9443452,ke  ,KISR     ,11/27/2006,6:02:03 PM,26.871,55.162,18.7,,KISR     ,ML    ,3.7
9618415,ke  ,ISC      ,12/5/2006,3:29:26 PM,27.4171,56.2298,9,,ISC      ,mb    ,3.5
9443691,ke  ,ISC      ,12/9/2006,8:09:12 AM,28.5825,57.9655,24.5,,ISC      ,mb    ,3.6
9443710,ke  ,ISC      ,12/10/2006,2:47:25 AM,28.3037,53.9724,24,TRUE,ISC      ,mb    ,3.5
9618525,ke  ,THR      ,12/11/2006,12:05:05 AM,28.623,57.422,14.1,,THR      ,ML    ,3.3
9137864,ke  ,ISC      ,12/13/2006,1:32:05 PM,30.533,57.5802,4.6,,ISC      ,mb    ,4.5
11359262,ke  ,CSEM     ,12/15/2006,3:00:49 PM,28.146,57.197,18,,CSEM     ,ML    ,2.8
9618613,ke  ,ISC      ,12/15/2006,3:15:45 PM,28.1717,57.0595,24,TRUE,ISC      ,mb    ,3.7
9618618,ke  ,THR      ,12/15/2006,10:48:05 PM,27.095,54.707,39.6,,THR      ,ML    ,3.2
11123467,ke  ,ISC      ,12/18/2006,7:43:36 PM,26.9335,55.8057,12,TRUE,ISC      ,mb    ,4.4
9618732,ke  ,ISC      ,12/21/2006,3:06:06 PM,28.0667,56.5816,28,TRUE,ISC      ,mb    ,3.7
9443994,ke  ,ISC      ,12/24/2006,11:35:51 AM,28.9907,56.8645,10,TRUE,ISC      ,mb    ,3.8
9444048,ke  ,ISC      ,12/28/2006,3:32:46 AM,28.871,57.299,18.4,,ISC      ,mb    ,3.8
9140326,ke  ,ISC      ,12/28/2006,7:48:44 PM,28.1481,57.6052,30,TRUE,ISC      ,mb    ,4.4
10471895,ke  ,CSEM     ,12/28/2006,8:15:49 PM,26.514,54.686,14.1,,CSEM     ,ML    ,2.9
9618951,ke  ,KISR     ,12/31/2006,11:26:49 PM,28.496,57.355,9.8,,KISR     ,ML    ,3.8
11662178,ke  ,THR      ,1/1/2007,8:03:24 PM,28.199,54.3,17,,THR      ,ML    ,2.5
10380058,ke  ,KISR     ,1/5/2007,3:16:08 AM,27.384,54.553,33,TRUE,KISR     ,ML    ,3.4
10381313,ke  ,ISC      ,1/7/2007,3:57:36 PM,28.1307,52.6326,15,TRUE,ISC      ,mb    ,3.9
10383344,ke  ,CSEM     ,1/10/2007,10:27:37 PM,26.3903,55.1456,40,,CSEM     ,ML    ,3.1
10384785,ke  ,CSEM     ,1/12/2007,1:05:44 PM,26.4605,55.2779,84.2,,CSEM     ,ML    ,3.3
10387829,ke  ,CSEM     ,1/16/2007,4:41:14 PM,27.9581,56.669,21.9,,CSEM     ,ML    ,3
10398145,ke  ,CSEM     ,1/29/2007,12:00:29 AM,28.443,55.924,17.9,,CSEM     ,ML    ,2.7
10398146,ke  ,CSEM     ,1/29/2007,3:45:09 AM,28.224,54.453,14.1,,CSEM     ,ML    ,2.7
10399488,ke  ,THR      ,1/31/2007,2:13:03 PM,26.96,55.968,15.2,,THR      ,ML    ,3.3
10399591,ke  ,CSEM     ,1/31/2007,2:51:33 PM,27.214,56.087,14.1,,CSEM     ,ML    ,2.6
11494399,ke  ,KISR     ,2/1/2007,6:29:10 AM,28.617,57.01,20.4,,KISR     ,ML    ,3.8
11497625,ke  ,KISR     ,2/7/2007,2:59:09 AM,27.132,54.374,33.5,TRUE,KISR     ,ML    ,3.1
11501293,ke  ,ISC      ,2/12/2007,2:23:10 PM,27.3069,53.6145,16,TRUE,ISC      ,mb    ,3.8
11503498,ke  ,KISR     ,2/16/2007,2:45:17 AM,29.169,51.067,33.5,TRUE,KISR     ,ML    ,3.3
11506274,ke  ,ISC      ,2/20/2007,9:23:19 AM,27.5891,56.5579,31,,ISC      ,mb    ,5
11506281,ke  ,IDC      ,2/20/2007,9:26:14 AM,27.4365,56.5885,0,TRUE,IDC      ,mb    ,4.1
11510004,ke  ,CSEM     ,2/25/2007,8:48:28 PM,26.6943,56.011,2,,CSEM     ,ML    ,3.4
11510087,ke  ,CSEM     ,2/25/2007,11:38:49 PM,26.9825,54.2761,40,,CSEM     ,ML    ,2.8
11510271,ke  ,OMAN     ,2/26/2007,8:33:25 AM,26.9075,56.2876,16,,KISR     ,ML    ,4.1
11511362,ke  ,ISC      ,2/27/2007,10:28:13 PM,28.152,55.0123,26,,ISC      ,mb    ,4.5
11511377,ke  ,ISC      ,2/27/2007,10:49:24 PM,28.1546,55.1169,26,TRUE,ISC      ,mb    ,3.9
11511438,ke  ,ISC      ,2/28/2007,1:15:37 AM,28.78,54.677,10,TRUE,ISC      ,mb    ,3.9
11511443,ke  ,KISR     ,2/28/2007,1:30:08 AM,28.918,54.649,7.9,,KISR     ,ML    ,2.8
11689117,ke  ,IDC      ,3/2/2007,2:47:49 PM,27.7083,55.4506,0,TRUE,IDC      ,mb    ,3.6
11690187,ke  ,ISC      ,3/4/2007,4:42:26 AM,28.2469,57.1757,31,TRUE,ISC      ,mb    ,3.8
11691828,de  ,ISC      ,3/6/2007,10:32:06 PM,33.4207,48.8976,14.4,,ISC      ,mb    ,4.6
11694385,fe  ,ISC      ,3/10/2007,6:15:14 PM,25.2973,56.0559,8,TRUE,ISC      ,mb    ,4.3
11694392,ke  ,CSEM     ,3/10/2007,6:38:23 PM,25.3079,56.2143,10,,CSEM     ,ML    ,2.6
11694398,ke  ,CSEM     ,3/10/2007,6:53:14 PM,25.2838,56.2897,33,,CSEM     ,ML    ,2.5
11697882,ke  ,IDC      ,3/16/2007,9:43:48 AM,28.1113,57.2873,0,TRUE,IDC      ,mb    ,3.9
11698612,ke  ,ISC      ,3/17/2007,2:20:25 PM,26.7496,58.1202,47.6,,ISC      ,mb    ,4.8
11699348,ke  ,ISC      ,3/18/2007,8:41:02 PM,28.1489,55.0686,26,TRUE,ISC      ,mb    ,3.5
11699802,ke  ,ISC      ,3/19/2007,5:27:37 PM,26.8298,55.6779,12,TRUE,KISR     ,ML    ,3.5
11699858,ke  ,CSEM     ,3/19/2007,7:26:45 PM,28.4732,55.5406,10,TRUE,CSEM     ,ML    ,3.9
11702003,ke  ,CSEM     ,3/23/2007,12:14:28 AM,25.2681,56.3121,32.1,,CSEM     ,ML    ,2.6
11702581,ke  ,ISC      ,3/23/2007,9:38:07 PM,27.5419,55.2041,36,,ISC      ,mb    ,4.8
11702607,ke  ,ISC      ,3/23/2007,10:28:39 PM,27.5272,55.2119,20,TRUE,ISC      ,mb    ,3.8
11702692,ke  ,KISR     ,3/24/2007,1:06:18 AM,27.681,54.894,33.5,TRUE,KISR     ,ML    ,3.2
11702982,ke  ,KISR     ,3/24/2007,1:06:19 PM,28.002,54.935,9,,KISR     ,ML    ,3.2
11703228,ke  ,KISR     ,3/24/2007,11:05:29 PM,26.718,54.444,1,,KISR     ,ML    ,2.9
11703242,ke  ,ISC      ,3/24/2007,11:39:46 PM,27.6266,54.3908,25,TRUE,ISC      ,mb    ,3.6
11703252,ke  ,ISC      ,3/24/2007,11:56:03 PM,27.6041,54.3949,25,TRUE,ISC      ,mb    ,3.8
11703752,ke  ,KISR     ,3/25/2007,4:57:10 AM,26.723,54.38,33.5,TRUE,KISR     ,ML    ,3
11704194,ke  ,ISC      ,3/25/2007,10:38:02 AM,27.0495,53.9856,19,TRUE,ISC      ,mb    ,3.7
11704830,ke  ,ISC      ,3/25/2007,8:52:38 PM,28.1546,55.7588,16,TRUE,ISC      ,mb    ,3.5
11705598,ke  ,ISC      ,3/26/2007,11:00:46 AM,28.4371,57.2524,43,TRUE,ISC      ,mb    ,4.5
11707839,ke  ,ISC      ,3/28/2007,8:04:47 PM,27.5357,56.6742,18,TRUE,ISC      ,mb    ,3.8
11708049,ke  ,ISC      ,3/29/2007,2:38:42 AM,27.6473,55.2097,20,TRUE,ISC      ,mb    ,4
11709026,ke  ,KISR     ,3/30/2007,5:35:30 AM,28.091,55.073,33.5,TRUE,KISR     ,ML    ,3.2
11710192,ke  ,ISC      ,3/31/2007,12:18:13 PM,27.339,57.0554,35,TRUE,KISR     ,ML    ,3.8
11912009,ke  ,ISC      ,4/1/2007,7:34:46 AM,26.8937,55.8238,14,TRUE,ISC      ,mb    ,3.7
11914074,ke  ,OMAN     ,4/3/2007,3:15:49 AM,26.1204,55.9755,16,,         ,      ,
11915102,ke  ,KISR     ,4/4/2007,2:28:19 AM,26.911,55.518,33,TRUE,KISR     ,ML    ,3.3
11919065,ke  ,ISC      ,4/8/2007,1:19:20 AM,28.108,57.2733,30,TRUE,CSEM     ,ML    ,3.8
11919071,ke  ,CSEM     ,4/8/2007,1:31:01 AM,27.937,57.4843,20,TRUE,CSEM     ,ML    ,3.4
11928536,ke  ,THR      ,4/18/2007,3:45:28 PM,27.602,56.12,14.5,,THR      ,ML    ,2.7
11928816,ke  ,THR      ,4/19/2007,1:36:27 AM,28.854,56.188,18,TRUE,THR      ,ML    ,3.2
11931102,ke  ,ISC      ,4/21/2007,3:32:12 PM,27.8193,57.679,10,TRUE,TEH      ,ML    ,3.6
11931105,ke  ,THR      ,4/21/2007,3:34:33 PM,27.951,57.533,15,,THR      ,ML    ,3
11931697,ke  ,THR      ,4/22/2007,10:15:13 AM,28.025,57.373,14.2,,THR      ,ML    ,3.3
11933824,ke  ,ISC      ,4/25/2007,4:19:00 AM,28.1135,56.2931,22.4,,ISC      ,mb    ,5
11934016,ke  ,THR      ,4/25/2007,9:48:39 AM,28.105,56.226,14.1,,THR      ,ML    ,3.3
11934398,ke  ,ISC      ,4/25/2007,8:02:17 PM,28.103,56.3231,28,TRUE,ISC      ,mb    ,4.8
11934588,ke  ,ISC      ,4/26/2007,2:32:00 AM,28.1646,56.298,10,TRUE,ISC      ,mb    ,3.6
11934634,ke  ,ISC      ,4/26/2007,4:03:33 AM,28.1653,56.2564,37.5,,ISC      ,mb    ,4.5
11934662,ke  ,ISC      ,4/26/2007,4:59:34 AM,28.2203,56.3038,19.2,,ISC      ,mb    ,4.6
11934964,ke  ,ISC      ,4/26/2007,2:11:17 PM,28.0809,56.3204,41.3,,ISC      ,mb    ,4.4
11936228,ke  ,ISC      ,4/28/2007,8:59:44 AM,28.0696,56.3227,28,TRUE,ISC      ,mb    ,3.8
11936617,ke  ,THR      ,4/28/2007,8:46:19 PM,28.218,56.142,14.1,,THR      ,ML    ,3.3
11936625,ke  ,ISC      ,4/28/2007,9:09:03 PM,28.1355,56.247,35,TRUE,ISC      ,mb    ,3.8
11936630,ke  ,ISC      ,4/28/2007,9:23:00 PM,28.1621,56.2075,53.8,,ISC      ,mb    ,4.4
11936818,ke  ,THR      ,4/29/2007,4:17:16 AM,28.186,56.25,17.5,,THR      ,ML    ,2.5
11937425,ke  ,ISC      ,4/30/2007,1:38:22 AM,28.3235,55.2915,51.9,,ISC      ,mb    ,4.1
12645269,ke  ,ISC      ,5/1/2007,7:51:27 AM,26.8794,55.8932,12.2,,ISC      ,mb    ,4
12645323,ke  ,TEH      ,5/1/2007,10:18:13 AM,27.522,56.544,11.8,,TEH      ,ML    ,3.7
12645695,ke  ,ISC      ,5/1/2007,11:38:00 PM,28.1361,56.319,28,TRUE,ISC      ,mb    ,3.7
12645779,ke  ,ISC      ,5/2/2007,2:03:02 AM,28.116,56.3128,28,TRUE,ISC      ,mb    ,3.8
12648908,ke  ,KISR     ,5/6/2007,12:24:36 AM,28.255,57.167,9,,KISR     ,ML    ,3.3
12650518,ke  ,THR      ,5/8/2007,5:44:07 AM,27.825,55.565,14.1,,THR      ,ML    ,3.1
12651157,ke  ,THR      ,5/8/2007,11:45:32 PM,27.079,54.634,45.5,,THR      ,ML    ,2.9
12651399,ke  ,TEH      ,5/9/2007,9:07:22 AM,27.477,57.811,10,,TEH      ,ML    ,3.7
12652826,ke  ,OMAN     ,5/11/2007,11:14:32 AM,26.1882,55.1807,8,,         ,      ,
12653487,ke  ,THR      ,5/12/2007,8:17:27 AM,27.078,54.634,46,,THR      ,ML    ,3.5
12654480,ke  ,CSEM     ,5/13/2007,1:59:07 PM,25.3278,56.3192,30,,CSEM     ,ML    ,2.5
12656209,ke  ,CSEM     ,5/15/2007,8:25:58 PM,27.2695,56.2403,10,TRUE,CSEM     ,ML    ,3
12656322,ke  ,ISC      ,5/16/2007,12:19:08 AM,27.9812,56.0898,14.9,,ISC      ,mb    ,4.4
12656333,ke  ,ISC      ,5/16/2007,12:27:31 AM,27.9214,56.066,16,TRUE,ISC      ,mb    ,4.3
12656354,ke  ,ISC      ,5/16/2007,1:52:11 AM,27.9101,55.9802,16,TRUE,ISC      ,mb    ,3.7
12658860,ke  ,THR      ,5/19/2007,11:20:55 PM,28.119,55.874,15,,THR      ,ML    ,2.7
12659286,ke  ,THR      ,5/20/2007,3:14:52 PM,28.171,57.564,41.1,,THR      ,ML    ,3.2
12659560,ke  ,KISR     ,5/20/2007,11:43:27 PM,27.983,54.564,33,TRUE,KISR     ,ML    ,2.5
12661022,ke  ,ISC      ,5/22/2007,10:33:03 PM,27.5334,56.577,20.4,,ISC      ,mb    ,4.1
12661856,ke  ,OMAN     ,5/23/2007,11:39:06 PM,26.0884,55.903,6,,CSEM     ,ML    ,3.3
12661888,ke  ,OMAN     ,5/24/2007,12:50:52 AM,26.9053,55.8806,4,,THR      ,ML    ,2.8
12662920,ke  ,KISR     ,5/25/2007,1:10:08 PM,27.389,55.14,33,TRUE,KISR     ,ML    ,2.9
12664252,ke  ,THR      ,5/27/2007,8:08:23 AM,27.08,54.648,46,,THR      ,ML    ,2.9
12665116,ke  ,OMAN     ,5/28/2007,5:11:24 PM,26.2203,55.3977,2,,THR      ,ML    ,3.3
12665305,ke  ,CSEM     ,5/29/2007,1:49:00 AM,27.2165,54.9894,40,,CSEM     ,ML    ,2.7
12667337,ke  ,OMAN     ,5/31/2007,9:56:31 PM,25.6358,55.4319,12,,         ,      ,
12671178,ke  ,ISC      ,6/3/2007,3:02:51 PM,26.3802,54.1883,24,TRUE,ISC      ,mb    ,3.8
12671960,ke  ,OMAN     ,6/4/2007,6:34:23 PM,26.5445,55.5438,8,,THR      ,ML    ,3.3
12674802,ke  ,ISC      ,6/7/2007,9:04:59 PM,28.7997,57.2642,113.8,,ISC      ,mb    ,4.2
12674923,ke  ,ISC      ,6/8/2007,12:20:19 AM,27.7969,55.0272,20,TRUE,ISC      ,mb    ,3.6
12677309,ke  ,ISC      ,6/10/2007,6:19:18 PM,26.4325,54.2041,64.9,,ISC      ,mb    ,3.6
12677541,ke  ,ISC      ,6/11/2007,2:18:07 AM,26.4364,54.1986,10,TRUE,ISC      ,mb    ,3.5
12679495,ke  ,ISC      ,6/13/2007,9:00:32 PM,27.8293,57.8536,30,TRUE,KISR     ,ML    ,4
12682043,ke  ,KISR     ,6/17/2007,1:50:34 PM,26.82,55.16,4,,KISR     ,ML    ,3.4
12682154,ke  ,THR      ,6/17/2007,5:49:49 PM,27.914,54.448,14.2,,THR      ,ML    ,3
12683702,ke  ,ISC      ,6/19/2007,8:38:05 PM,27.2801,54.4279,45.8,,ISC      ,mb    ,3.5
12685640,ke  ,ISC      ,6/22/2007,10:54:02 AM,28.4714,57.2272,35,TRUE,ISC      ,mb    ,3.8
12685965,ke  ,THR      ,6/22/2007,10:07:33 PM,27.802,57.015,14.1,,THR      ,ML    ,3
12686348,ke  ,ISC      ,6/23/2007,11:52:07 AM,28.2456,56.6186,28,TRUE,ISC      ,mb    ,3.7
12686368,ke  ,ISC      ,6/23/2007,12:27:49 PM,27.6713,55.3482,15,TRUE,ISC      ,mb    ,3.8
12687968,ke  ,ISC      ,6/25/2007,2:55:22 PM,28.2111,57.3294,30,TRUE,ISC      ,mb    ,3.7
12688839,ke  ,ISC      ,6/26/2007,8:49:06 PM,28.3313,56.7936,31,TRUE,THR      ,ML    ,3.4
12689751,ke  ,ISC      ,6/27/2007,7:08:17 PM,26.8968,55.846,14,TRUE,ISC      ,mb    ,4
12690279,ke  ,THR      ,6/28/2007,10:43:56 AM,28.648,57.268,35.8,,THR      ,ML    ,2.7
12691063,ke  ,THR      ,6/29/2007,12:52:01 PM,27.636,56.033,14.2,,THR      ,ML    ,3.3
12759989,ke  ,ISC      ,7/1/2007,3:29:26 PM,27.5852,56.0183,10,TRUE,KISR     ,ML    ,2.9
12759997,ke  ,KISR     ,7/1/2007,3:37:26 PM,30.05,56.03,44,,KISR     ,ML    ,3.2
12760869,ke  ,THR      ,7/2/2007,9:44:29 PM,28.674,57.675,18,,THR      ,ML    ,3
12765423,ke  ,ISC      ,7/9/2007,1:11:14 AM,27.8678,56.4259,28,TRUE,THR      ,ML    ,3.6
12766005,ke  ,KISR     ,7/9/2007,10:03:17 PM,27.34,54.5,33,,KISR     ,ML    ,2.7
12766281,ke  ,THR      ,7/10/2007,9:02:33 AM,27.265,57.557,25.7,,THR      ,ML    ,3.2
12767393,ke  ,THR      ,7/12/2007,12:23:31 AM,27.974,54.82,14.1,,THR      ,ML    ,2.5
12768915,ke  ,KISR     ,7/14/2007,3:11:05 PM,28.26,54.2,15,,KISR     ,ML    ,2.5
12769117,ke  ,THR      ,7/15/2007,3:35:12 AM,27.51,54.336,15.1,TRUE,THR      ,ML    ,3.3
12770848,ke  ,ISC      ,7/16/2007,5:25:54 PM,28.1024,57.1167,58.9,,ISC      ,mb    ,3.5
12775027,ke  ,THR      ,7/21/2007,5:20:16 AM,27.71,55.153,37,,THR      ,ML    ,2.8
12775068,ke  ,THR      ,7/21/2007,6:48:41 AM,27.646,55.141,17.3,,THR      ,ML    ,3.4
13199190,ke  ,ISC      ,7/23/2007,5:54:07 PM,27.5554,55.6347,13.9,,ISC      ,mb    ,4.7
12777259,ke  ,THR      ,7/23/2007,7:13:29 PM,27.64,56.074,18,,THR      ,ML    ,3
12777261,ke  ,THR      ,7/23/2007,7:19:01 PM,27.617,55.995,14.2,,THR      ,ML    ,2.9
13199228,ke  ,ISC      ,7/24/2007,10:08:05 AM,27.504,55.819,18.9,,ISC      ,mb    ,4.6
12779005,ke  ,THR      ,7/25/2007,7:46:00 PM,28.349,57.381,14.1,,THR      ,ML    ,3.1
12779541,ke  ,THR      ,7/26/2007,11:40:11 AM,28.093,57.762,14.1,,THR      ,ML    ,3.4
12783419,ke  ,KISR     ,7/31/2007,11:04:21 AM,28.47,56.95,1,,KISR     ,ML    ,3.5
12794398,ke  ,THR      ,8/1/2007,8:00:36 AM,27.182,57.747,14.1,,THR      ,ML    ,3.1
12803490,ke  ,CSEM     ,8/13/2007,2:17:16 PM,26.8218,57.9141,30,,CSEM     ,ML    ,3.5
12803426,ke  ,THR      ,8/13/2007,4:11:13 PM,27.851,56.661,14.4,,THR      ,ML    ,3.1
12804368,ke  ,THR      ,8/14/2007,10:31:07 AM,27.616,56.206,14.2,,THR      ,ML    ,3
12804350,ke  ,THR      ,8/14/2007,11:09:38 AM,28.174,57.533,17.9,,THR      ,ML    ,3
12804323,ke  ,THR      ,8/14/2007,12:04:11 PM,28.144,57.716,14.1,,THR      ,ML    ,3.2
12805526,ke  ,ISC      ,8/15/2007,2:53:59 AM,28.3465,56.5763,44,TRUE,THR      ,ML    ,3.3
12805074,ke  ,THR      ,8/15/2007,6:42:57 PM,26.676,55.331,36,,THR      ,ML    ,2.7
12805759,ke  ,KISR     ,8/16/2007,3:58:48 PM,27.6,54.16,6,,KISR     ,ML    ,2.9
12805974,ke  ,KISR     ,8/16/2007,5:43:29 PM,28.21,54.24,14,,KISR     ,ML    ,2.7
12805686,ke  ,THR      ,8/16/2007,8:26:59 PM,27.383,55.848,14.1,,THR      ,ML    ,2.7
13201726,de  ,ISC      ,8/25/2007,4:24:25 AM,28.1841,56.7655,31.8,,ISC      ,mb    ,5
12812978,ke  ,ISC      ,8/25/2007,4:31:44 AM,28.1926,56.6686,28,TRUE,ISC      ,mb    ,3.5
12813079,ke  ,CSEM     ,8/25/2007,12:19:50 PM,27.5353,57.3774,10,,CSEM     ,mb    ,2.5
12815228,ke  ,ISC      ,8/28/2007,8:30:08 AM,28.2184,56.6681,10,TRUE,ISC      ,mb    ,4.2
12815211,ke  ,ISC      ,8/28/2007,8:44:02 AM,27.7938,57.7541,30,TRUE,ISC      ,mb    ,3.7
12815191,ke  ,ISC      ,8/28/2007,9:06:54 AM,27.8153,56.9614,35,TRUE,KISR     ,ML    ,3.9
12815459,ke  ,ISC      ,8/28/2007,9:30:31 AM,28.3267,56.651,10,TRUE,ISC      ,mb    ,4.8
12815434,ke  ,CSEM     ,8/28/2007,10:21:57 AM,28.1417,58.1114,69.6,,CSEM     ,ML    ,3.9
12814889,ke  ,CSEM     ,8/28/2007,9:36:47 PM,27.5605,56.1358,30,,CSEM     ,ML    ,2.9
12816231,ke  ,CSEM     ,8/29/2007,4:03:07 AM,28.243,56.893,13.7,,CSEM     ,ML    ,3.5
12816222,ke  ,ISC      ,8/29/2007,4:20:11 AM,28.2807,56.6473,44,TRUE,TEH      ,ML    ,3.7
12815658,ke  ,ISC      ,8/29/2007,7:34:03 PM,28.2607,56.6478,44,TRUE,ISC      ,mb    ,4.1
13202596,ke  ,ISC      ,8/31/2007,5:23:57 AM,26.7671,55.7315,12,TRUE,ISC      ,mb    ,4.4
12957888,ke  ,ISC      ,9/5/2007,2:05:32 AM,27.9156,52.8384,14,TRUE,ISC      ,mb    ,3.9
13202953,ke  ,ISC      ,9/5/2007,12:27:04 PM,28.3517,56.5526,44,TRUE,ISC      ,mb    ,4.7
12957590,ke  ,THR      ,9/5/2007,12:46:10 PM,28.458,56.486,14.2,,THR      ,ML    ,3.1
12957414,ke  ,THR      ,9/5/2007,2:39:02 PM,28.427,56.648,14.1,,THR      ,ML    ,3.1
12957377,ke  ,ISC      ,9/5/2007,3:59:01 PM,28.3153,56.7978,15.7,,ISC      ,mb    ,4.2
12957557,ke  ,ISC      ,9/5/2007,8:10:50 PM,28.3912,56.57,10,TRUE,ISC      ,mb    ,3.7
12958494,ke  ,THR      ,9/6/2007,1:36:31 AM,28.137,54.103,14.1,,THR      ,ML    ,3
12958227,ke  ,THR      ,9/6/2007,9:40:52 AM,28.383,56.666,17.3,,THR      ,ML    ,3
12958420,ke  ,THR      ,9/6/2007,1:11:17 PM,28.402,56.65,14.1,,THR      ,ML    ,3.1
12960298,ke  ,ISC      ,9/9/2007,5:03:06 AM,28.1593,56.6152,28,TRUE,ISC      ,mb    ,3.7
12960640,ke  ,THR      ,9/10/2007,10:36:03 AM,28.39,56.819,15,,THR      ,ML    ,3
12961602,ke  ,THR      ,9/11/2007,12:08:13 PM,28.593,55.772,15,TRUE,THR      ,ML    ,2.6
12962122,ke  ,THR      ,9/12/2007,1:39:56 PM,28.445,55.743,46,,THR      ,ML    ,2.8
12963061,fe  ,ISC      ,9/13/2007,3:47:08 PM,25.4791,56.0953,8,TRUE,ISC      ,mb    ,4.7
12962831,ke  ,ISC      ,9/13/2007,6:06:04 PM,28.3731,56.721,10,TRUE,ISC      ,mb    ,3.9
12962930,ke  ,THR      ,9/13/2007,9:35:21 PM,28.422,56.546,15,,THR      ,ML    ,2.9
12964177,ke  ,KISR     ,9/14/2007,3:10:38 AM,27.05,56.79,33,TRUE,KISR     ,ML    ,3.7
12963797,ke  ,THR      ,9/14/2007,2:35:39 PM,27.685,56.503,14.1,,THR      ,ML    ,3.2
12964409,ke  ,THR      ,9/15/2007,11:55:56 PM,28.096,57.443,14.1,,THR      ,ML    ,3.1
12966907,ke  ,THR      ,9/18/2007,4:38:54 AM,26.888,54.359,34.8,,THR      ,ML    ,2.9
12969847,ke  ,THR      ,9/23/2007,9:06:08 PM,27.239,56.104,41.4,,THR      ,ML    ,3.2
12972234,ke  ,THR      ,9/26/2007,4:19:03 PM,27.463,55.643,14.1,,THR      ,ML    ,2.8
13234121,ke  ,THR      ,10/3/2007,5:06:15 AM,27.367,56.154,14.1,,THR      ,ML    ,2.7
13238987,ke  ,THR      ,10/10/2007,3:53:34 AM,27.223,56.137,7.6,,THR      ,ML    ,3.4
13240987,ke  ,THR      ,10/13/2007,12:19:18 AM,28.044,55.788,14.1,,THR      ,ML    ,2.7
13240993,ke  ,ISC      ,10/13/2007,12:27:58 AM,28.3666,57.4325,10,TRUE,ISC      ,mb    ,3.8
13242389,ke  ,THR      ,10/15/2007,12:19:01 AM,28.277,57.367,36,,THR      ,ML    ,2.9
13244000,ke  ,THR      ,10/17/2007,11:59:02 AM,27.835,54.749,18,,THR      ,ML    ,2.9
13244041,ke  ,TEH      ,10/17/2007,1:25:58 PM,27.727,56.57,1.8,,TEH      ,ML    ,3.5
13244439,ke  ,THR      ,10/18/2007,3:35:31 AM,28.449,54.393,15.3,,THR      ,ML    ,2.6
13244935,ke  ,ISC      ,10/18/2007,8:44:23 PM,28.1844,56.6141,28,TRUE,ISC      ,mb    ,3.6
13245042,ke  ,KISR     ,10/18/2007,11:40:49 PM,26.8,56.54,33,TRUE,KISR     ,ML    ,3.5
13253914,ke  ,ISC      ,10/31/2007,10:15:26 PM,27.4867,57.49,25,TRUE,KISR     ,ML    ,3.8
13264353,ke  ,ISC      ,11/11/2007,11:23:47 PM,27.8374,53.8171,26,TRUE,ISC      ,mb    ,4.5
13264917,ke  ,ISC      ,11/12/2007,9:14:10 PM,27.7577,53.994,26,TRUE,ISC      ,mb    ,3.6
13267949,ke  ,ISC      ,11/17/2007,2:59:14 AM,27.5785,55.2152,20,TRUE,ISC      ,mb    ,3.7
13268353,ke  ,ISC      ,11/17/2007,3:26:45 PM,27.8061,57.4415,30,TRUE,ISC      ,mb    ,3.9
13268902,ke  ,THR      ,11/18/2007,7:33:33 AM,28.23,53.963,46,,THR      ,ML    ,3.3
13269127,ke  ,ISC      ,11/18/2007,2:35:04 PM,27.8262,57.4526,23.8,,ISC      ,mb    ,4.7
13269183,ke  ,THR      ,11/18/2007,4:36:42 PM,27.855,57.356,35.6,,THR      ,ML    ,3
13269221,ke  ,THR      ,11/18/2007,6:22:44 PM,28.099,55.877,46,,THR      ,ML    ,3
13269228,ke  ,THR      ,11/18/2007,6:37:50 PM,27.826,57.287,44,,THR      ,ML    ,3.1
13270335,ke  ,THR      ,11/20/2007,9:15:35 AM,27.643,54.719,15,,THR      ,ML    ,2.5
13270338,ke  ,THR      ,11/20/2007,9:18:19 AM,27.675,54.733,14.1,,THR      ,ML    ,2.8
13270806,ke  ,THR      ,11/20/2007,11:18:02 PM,27.929,56.966,15,,THR      ,ML    ,2.9
13271467,ke  ,CSEM     ,11/21/2007,10:14:01 PM,27.7915,57.8305,25,,CSEM     ,ML    ,3
13271586,ke  ,ISC      ,11/22/2007,3:44:52 AM,26.8561,54.7067,22.8,,ISC      ,mb    ,5.3
13271619,ke  ,THR      ,11/22/2007,5:08:39 AM,26.936,54.8,16.3,,THR      ,ML    ,2.9
13271626,ke  ,THR      ,11/22/2007,5:45:47 AM,26.821,54.882,18,,THR      ,ML    ,2.7
13271932,ke  ,ISC      ,11/22/2007,4:20:49 PM,26.915,54.7281,19.7,,ISC      ,mb    ,4.7
13271939,ke  ,TEH      ,11/22/2007,4:25:03 PM,26.818,54.747,21.1,,TEH      ,ML    ,3.6
13273220,ke  ,THR      ,11/24/2007,11:37:37 AM,26.667,54.744,18,,THR      ,ML    ,2.8
13273506,ke  ,KISR     ,11/24/2007,9:50:49 PM,27.08,55.64,33,TRUE,KISR     ,ML    ,3.9
13273740,ke  ,THR      ,11/25/2007,6:12:20 AM,27.87,54.771,15,,THR      ,ML    ,2.8
13276292,ke  ,THR      ,11/28/2007,9:57:32 PM,28.638,54.089,14.1,,THR      ,ML    ,3
13277503,ke  ,ISC      ,11/30/2007,1:32:58 PM,26.8725,54.7345,18,TRUE,ISC      ,mb    ,3.9
13282148,ke  ,THR      ,12/3/2007,9:05:21 PM,28.177,55.828,18,,THR      ,ML    ,2.9
13286192,ke  ,THR      ,12/9/2007,11:43:11 PM,28.566,57.094,16.6,,THR      ,ML    ,2.9
13288469,ke  ,THR      ,12/13/2007,1:34:27 AM,27.592,55.825,14.1,,THR      ,ML    ,2.8
13291464,ke  ,THR      ,12/17/2007,4:23:55 PM,27.565,55.558,14.7,,THR      ,ML    ,2.9
13291744,ke  ,THR      ,12/18/2007,3:48:41 AM,27.582,55.56,18,,THR      ,ML    ,2.8
13291934,ke  ,KISR     ,12/18/2007,11:35:07 AM,27.41,55.94,2,,KISR     ,ML    ,3.7
13292818,ke  ,CSEM     ,12/19/2007,3:04:31 PM,25.5952,55.9911,10,TRUE,CSEM     ,ML    ,3
13293768,ke  ,ISC      ,12/20/2007,6:16:26 PM,27.4838,55.4723,29,,ISC      ,mb    ,3.8
13295084,ke  ,ISC      ,12/22/2007,10:04:41 AM,28.8328,58.1466,19,TRUE,ISC      ,mb    ,3.6
13296436,ke  ,ISC      ,12/24/2007,5:47:00 AM,27.2957,56.5954,18,TRUE,ISC      ,mb    ,3.2
13297390,ke  ,ISC      ,12/25/2007,1:15:51 PM,26.7981,54.706,10,TRUE,ISC      ,mb    ,4.4
13298478,ke  ,ISC      ,12/27/2007,12:05:22 AM,28.3866,56.8896,31,TRUE,ISC      ,mb    ,3.3
13300004,ke  ,ISC      ,12/28/2007,5:11:42 PM,27.5409,56.6662,13.9,,ISC      ,mb    ,3.9
13300033,ke  ,CSEM     ,12/28/2007,6:13:34 PM,28.347,56.201,26.7,TRUE,CSEM     ,ML    ,2.9
13326581,ke  ,ISC      ,1/3/2008,6:48:10 AM,27.7805,56.5108,28,TRUE,ISC      ,mb    ,3.5
13327729,ke  ,ISC      ,1/4/2008,8:51:10 PM,28.0354,57.23,24,TRUE,CSEM     ,ML    ,3.6
13327824,ke  ,ISC      ,1/5/2008,12:37:39 AM,26.9412,54.836,17,TRUE,ISC      ,mb    ,4.5
13328083,ke  ,ISC      ,1/5/2008,8:07:54 AM,31.571,49.449,17.7,,ISC      ,mb    ,4.5
13329319,ke  ,ISC      ,1/7/2008,12:23:24 AM,27.6544,57.4717,25,TRUE,ISC      ,mb    ,3.5
13996466,ke  ,TEH      ,1/9/2008,1:30:51 PM,27.857,54.807,33.2,,         ,      ,
14182413,ke  ,CSEM     ,1/18/2008,12:35:29 AM,27.93,57.7,32,TRUE,CSEM     ,ML    ,3
13336925,ke  ,ISC      ,1/18/2008,11:17:52 AM,27.1446,54.7764,17,TRUE,ISC      ,mb    ,4.5
13338080,ke  ,ISC      ,1/20/2008,6:21:11 AM,28.3229,56.8919,31,TRUE,ISC      ,mb    ,4
14005600,ke  ,TEH      ,1/22/2008,6:31:03 PM,27.976,55.713,16.9,,         ,      ,
13340567,ke  ,ISC      ,1/23/2008,10:09:19 PM,26.3988,56.5232,10,TRUE,ISC      ,mb    ,3.8
13341616,ke  ,ISC      ,1/25/2008,12:21:20 PM,26.3759,56.4914,10,TRUE,ISC      ,mb    ,3.6
13995634,ke  ,TEH      ,1/29/2008,7:20:55 PM,28.482,57.376,16.6,,         ,      ,
13995636,ke  ,TEH      ,1/30/2008,3:56:28 AM,28.061,55.967,4.2,,         ,      ,
13995635,ke  ,TEH      ,1/30/2008,9:34:31 AM,28.182,54.045,30.2,,         ,      ,
13345720,ke  ,ISC      ,1/31/2008,2:11:34 PM,28.377,56.8869,31,TRUE,ISC      ,mb    ,3.8
12849123,ke  ,CSEM     ,2/2/2008,1:44:12 AM,25.503,56.4181,2,,CSEM     ,ML    ,2.9
11323060,se  ,ISC      ,2/2/2008,9:25:16 PM,25.2929,56.1067,8,TRUE,ISC      ,mb    ,4.2
13213392,ke  ,CSEM     ,2/2/2008,11:34:25 PM,25.2846,56.2411,15,,CSEM     ,ML    ,2.8
12849130,ke  ,CSEM     ,2/3/2008,4:30:04 AM,25.2839,56.274,2,,CSEM     ,ML    ,3
12849129,ke  ,CSEM     ,2/3/2008,6:20:28 AM,25.2643,56.2901,20,,CSEM     ,ML    ,3.2
13213408,ke  ,CSEM     ,2/3/2008,7:28:33 AM,25.2949,56.2314,2,,CSEM     ,ML    ,2.7
12849133,ke  ,TEH      ,2/4/2008,5:25:30 AM,28.415,56.971,13,,CSEM     ,ML    ,3.4
11323196,se  ,ISC      ,2/4/2008,6:12:43 PM,27.8721,53.7572,23,TRUE,ISC      ,mb    ,3.7
13213581,ke  ,CSEM     ,2/5/2008,3:51:21 PM,25.2569,56.4453,2,,CSEM     ,ML    ,2.5
13213718,ke  ,ISC      ,2/7/2008,8:15:27 PM,27.8267,53.6998,28.9,,ISC      ,mb    ,4.5
12610813,ke  ,KISR     ,2/7/2008,8:48:39 PM,27.912,52.754,33.5,TRUE,KISR     ,ML    ,2.6
11323461,se  ,ISC      ,2/8/2008,3:49:09 PM,27.9599,53.6646,23,TRUE,ISC      ,mb    ,4
11340470,ke  ,ISC      ,2/9/2008,6:12:08 AM,28.3004,53.9366,24,TRUE,IDC      ,mb    ,3.2
12784639,ke  ,CSEM     ,2/10/2008,2:12:18 AM,26.4595,54.858,2,,CSEM     ,ML    ,2.8
13213898,ke  ,ISC      ,2/11/2008,6:27:05 AM,27.563,55.343,15,TRUE,ISC      ,mb    ,4.2
11340516,ke  ,ISC      ,2/11/2008,10:35:14 AM,27.4667,55.4178,15,TRUE,ISC      ,mb    ,3.6
11006189,se  ,ISC      ,2/11/2008,2:03:44 PM,27.5591,55.4305,15,TRUE,ISC      ,mb    ,4.4
11323765,fe  ,ISC      ,2/12/2008,12:02:09 PM,25.3484,56.0425,8,TRUE,ISC      ,mb    ,4
12694318,ke  ,ISC      ,2/15/2008,8:45:45 PM,28.0032,57.5555,30,TRUE,ISC      ,mb    ,3.4
14234470,ke  ,CSEM     ,2/16/2008,10:27:41 PM,27.27,54.48,15,TRUE,CSEM     ,ML    ,2.9
13214360,ke  ,CSEM     ,2/18/2008,9:39:49 PM,25.2786,56.2167,15,,CSEM     ,ML    ,2.4
11341014,ke  ,ISC      ,2/28/2008,8:47:00 AM,28.3642,55.3291,22,TRUE,ISC      ,mb    ,3.6
13215065,ke  ,ISC      ,2/28/2008,10:42:10 AM,28.2289,55.143,26,TRUE,ISC      ,mb    ,3.8
14005995,ke  ,CSEM     ,2/29/2008,12:08:20 AM,28.24,55.31,41,TRUE,CSEM     ,ML    ,3.2
13478476,ke  ,ISC      ,3/1/2008,4:38:55 PM,26.8496,56.2209,10,TRUE,ISC      ,mb    ,4.1
13478799,ke  ,CSEM     ,3/2/2008,1:40:26 AM,25.3063,56.2417,2,,CSEM     ,ML    ,2.5
13480288,ke  ,ISC      ,3/3/2008,9:46:07 PM,27.5212,56.4574,18,TRUE,ISC      ,mb    ,3.6
13480325,ke  ,OMAN     ,3/3/2008,10:41:13 PM,26.3189,55.0192,4,TRUE,CSEM     ,ML    ,3.3
13485396,ke  ,ISC      ,3/10/2008,1:41:35 AM,27.9494,52.9577,14,TRUE,ISC      ,mb    ,3.5
13486106,ke  ,CSEM     ,3/11/2008,2:05:58 AM,27.8373,57.0738,2,,CSEM     ,ML    ,3.1
13486432,ke  ,ISC      ,3/11/2008,2:03:54 PM,27.9031,56.5273,28,TRUE,THR      ,ML    ,3.5
13493919,ke  ,ISC      ,3/22/2008,12:01:01 AM,28.3361,57.0894,31,TRUE,ISC      ,mb    ,4.4
13494821,ke  ,ISC      ,3/23/2008,6:51:52 AM,28.0426,56.7345,28,TRUE,ISC      ,mb    ,3.5
13495533,ke  ,CSEM     ,3/24/2008,7:08:56 AM,25.6647,56.227,8,TRUE,         ,      ,
13496941,ke  ,TEH      ,3/26/2008,7:09:41 AM,27.78,55.683,28.1,,CSEM     ,ML    ,3.5
13498761,ke  ,ISC      ,3/28/2008,6:04:55 PM,28.9037,56.7247,10,TRUE,ISC      ,mb    ,4.2
13500694,ke  ,OMAN     ,3/31/2008,11:07:37 AM,27.3225,54.2273,12,TRUE,CSEM     ,ML    ,3.7
13500745,fe  ,ISC      ,3/31/2008,12:35:11 PM,27.7496,57.4147,66.4,,ISC      ,mb    ,4.8
13224040,ke  ,CSEM     ,4/2/2008,5:56:02 PM,25.285,56.2144,15,,CSEM     ,ML    ,2.6
13823881,ke  ,TEH      ,4/4/2008,12:35:39 AM,26.871,53.756,23.9,,THR      ,ML    ,3.7
13224225,ke  ,OMAN     ,4/5/2008,3:33:45 AM,25.3067,56.2273,10,TRUE,CSEM     ,ML    ,2.4
13224342,ke  ,OMAN     ,4/6/2008,6:43:20 PM,25.9627,56.3926,30,TRUE,         ,      ,
12850086,ke  ,TEH      ,4/9/2008,4:18:07 AM,26.842,54.761,14,,CSEM     ,ML    ,3.5
13224607,ke  ,CSEM     ,4/9/2008,6:23:59 PM,28.0687,56.6268,15,,CSEM     ,ML    ,3.1
13224648,ke  ,CSEM     ,4/10/2008,5:44:03 AM,27.5575,56.7581,2,,CSEM     ,ML    ,3
13224698,ke  ,OMAN     ,4/10/2008,7:18:19 PM,25.1779,56.8713,2,TRUE,         ,      ,
12601321,ke  ,ISC      ,4/11/2008,5:43:12 AM,29.346,56.8282,10,TRUE,CSEM     ,ML    ,2.8
12850140,ke  ,ISC      ,4/11/2008,7:37:44 PM,28.339,56.8285,31,TRUE,CSEM     ,ML    ,3
11729448,ke  ,TIF      ,4/13/2008,12:39:10 PM,42.5155,43.977,10,,CSEM     ,ML    ,3.1
12850183,ke  ,ISC      ,4/13/2008,12:40:09 PM,27.9404,57.5638,30,TRUE,THR      ,ML    ,3.7
13225093,ke  ,CSEM     ,4/14/2008,8:54:26 PM,25.2751,56.246,8,,CSEM     ,ML    ,2.6
12601331,ke  ,OMAN     ,4/15/2008,8:15:42 PM,26.4952,54.9327,15,TRUE,CSEM     ,ML    ,3.5
11476425,se  ,ISC      ,4/16/2008,11:46:25 AM,28.3456,56.8178,17,,ISC      ,mb    ,3.9
11476435,se  ,ISC      ,4/16/2008,3:53:49 PM,27.8707,56.9425,25.5,,ISC      ,mb    ,3.9
14006062,ke  ,TEH      ,4/17/2008,1:41:03 AM,27.952,57.62,22.2,,         ,      ,
12850289,ke  ,ISC      ,4/17/2008,11:36:25 AM,27.8934,56.5185,28,TRUE,CSEM     ,ML    ,3.6
14006066,ke  ,TEH      ,4/19/2008,10:07:49 PM,28.175,54.026,23.6,,         ,      ,
12853110,ke  ,TEH      ,4/19/2008,10:12:26 PM,28.173,54.109,21.6,,CSEM     ,ML    ,3.1
13761269,ke  ,CSEM     ,4/20/2008,1:55:34 AM,28.3568,57.3053,25.7,,CSEM     ,ML    ,3
11476734,se  ,ISC      ,4/20/2008,4:55:12 AM,26.7583,54.576,14.1,,ISC      ,mb    ,3.7
13225598,ke  ,OMAN     ,4/21/2008,6:52:17 AM,25.0489,57.2427,20,TRUE,         ,      ,
13225608,ke  ,CSEM     ,4/21/2008,12:52:53 PM,29.0017,56.7247,2,,CSEM     ,ML    ,3
11477018,se  ,ISC      ,4/23/2008,9:28:10 PM,28.2803,57.1366,11.2,,ISC      ,mb    ,4.2
11477405,se  ,ISC      ,4/29/2008,1:35:22 AM,28.3385,53.9842,24,TRUE,ISC      ,mb    ,3.5
13226725,ke  ,ISC      ,4/29/2008,5:55:12 AM,28.249,54.0374,29.4,,ISC      ,mb    ,4.5
11888751,ke  ,ISC      ,4/29/2008,6:10:41 AM,28.0831,54.2259,26,TRUE,ISC      ,mb    ,3.5
13761315,ke  ,CSEM     ,4/29/2008,11:17:02 AM,28.2943,53.9142,29.2,,CSEM     ,ML    ,2.5
11532643,se  ,ISC      ,5/1/2008,8:42:11 PM,28.0925,56.4432,28,TRUE,ISC      ,mb    ,3.5
13227039,ke  ,OMAN     ,5/2/2008,1:00:12 AM,26.7804,57.1688,12,TRUE,         ,      ,
13227468,ke  ,ISC      ,5/5/2008,9:57:55 PM,28.2902,54.1213,39.8,,ISC      ,mb    ,5.4
13227475,ke  ,ISC      ,5/5/2008,10:48:59 PM,28.2904,54.047,24,TRUE,ISC      ,mb    ,4
12853567,ke  ,TEH      ,5/6/2008,6:23:53 AM,28.184,54.161,10.9,,CSEM     ,ML    ,3.2
11532872,se  ,ISC      ,5/7/2008,5:19:02 AM,28.1131,54.0615,26,TRUE,ISC      ,mb    ,3.8
11532884,se  ,ISC      ,5/7/2008,12:07:32 PM,27.0124,53.9979,31.3,,ISC      ,mb    ,3.6
13227663,ke  ,ISC      ,5/7/2008,7:50:49 PM,28.1045,57.6854,45.5,,ISC      ,mb    ,4.8
14006080,ke  ,TEH      ,5/8/2008,2:24:36 PM,28.329,57.34,26.4,,         ,      ,
11533081,se  ,ISC      ,5/11/2008,2:48:29 AM,26.9276,54.1086,19,TRUE,ISC      ,mb    ,3.6
11533280,se  ,ISC      ,5/13/2008,8:55:12 PM,28.3187,54.0887,24,TRUE,ISC      ,mb    ,3.8
13228516,ke  ,ISC      ,5/14/2008,1:04:16 PM,28.2913,54.0543,13.7,,ISC      ,mb    ,4.2
13761415,ke  ,CSEM     ,5/18/2008,11:09:14 PM,27.4709,57.3737,20,TRUE,CSEM     ,ML    ,3.1
11533525,se  ,ISC      ,5/19/2008,4:52:45 PM,32.189,50.2195,26.3,,ISC      ,mb    ,4
12696685,ke  ,OMAN     ,5/23/2008,9:10:02 AM,25.8579,56.0742,7,TRUE,CSEM     ,ML    ,3
13229567,ke  ,ISC      ,5/23/2008,9:09:46 PM,28.1447,56.839,24,TRUE,ISC      ,mb    ,4.2
13229602,ke  ,OMAN     ,5/24/2008,3:53:00 AM,25.1025,55.5032,24,TRUE,         ,      ,
12787460,ke  ,CSEM     ,5/26/2008,9:20:33 PM,27.4209,56.158,10,,CSEM     ,ML    ,3.3
13230496,ke  ,ISC      ,5/31/2008,1:24:07 AM,26.7779,55.2758,19.3,,ISC      ,mb    ,4.5
12601434,ke  ,ISC      ,6/1/2008,11:40:01 PM,27.1389,54.4359,10,TRUE,CSEM     ,ML    ,3.3
14006131,ke  ,TEH      ,6/6/2008,8:07:19 PM,27.299,54.182,25.5,,         ,      ,
14006132,ke  ,TEH      ,6/6/2008,10:44:35 PM,26.858,56.304,11.8,,CSEM     ,mb    ,2.7
11686333,se  ,ISC      ,6/15/2008,12:43:34 PM,27.0935,54.0304,19,TRUE,ISC      ,mb    ,3.6
14592441,ke  ,CSEM     ,6/15/2008,8:15:47 PM,28.3,57.35,18,TRUE,CSEM     ,ML    ,3.1
11686413,se  ,ISC      ,6/16/2008,3:53:22 PM,28.0785,55.8014,16,TRUE,ISC      ,mb    ,3.7
11686421,se  ,ISC      ,6/16/2008,8:09:54 PM,27.0947,53.962,56.6,,ISC      ,mb    ,3.6
11686478,se  ,ISC      ,6/17/2008,4:53:36 PM,27.3869,56.8238,10,TRUE,ISC      ,mb    ,3.6
11686698,se  ,ISC      ,6/20/2008,12:55:02 PM,26.876,56.16,10,TRUE,ISC      ,mb    ,3.8
13378194,ke  ,OMAN     ,6/21/2008,7:53:13 AM,26.2385,55.8097,13.3,,         ,      ,
12607834,ke  ,OMAN     ,6/23/2008,1:21:55 AM,26.8516,58.5096,35.5,,KISR     ,ML    ,4
13378378,ke  ,ISC      ,6/23/2008,7:14:52 AM,29.1578,58.3006,15,TRUE,ISC      ,mb    ,4.1
12607837,ke  ,TEH      ,6/23/2008,10:16:16 PM,27.463,56.478,12.9,,CSEM     ,ML    ,3.7
11687017,se  ,ISC      ,6/25/2008,9:56:22 AM,33.688,48.6277,10,TRUE,ISC      ,mb    ,4.2
14594115,ke  ,CSEM     ,6/27/2008,2:56:53 PM,28.7,57.97,15,TRUE,CSEM     ,ML    ,3.2
13378700,ke  ,ISC      ,6/27/2008,4:51:34 PM,28.2283,57.1815,18.5,,ISC      ,mb    ,4.4
12607849,ke  ,OMAN     ,6/27/2008,6:54:00 PM,26.1815,55.5884,13.6,,CSEM     ,ML    ,3.2
14006159,ke  ,TEH      ,6/28/2008,1:43:35 AM,27.336,55.452,7.2,,         ,      ,
12787833,ke  ,KISR     ,6/28/2008,10:25:20 AM,26.822,56.944,3.5,,KISR     ,ML    ,3.9
14006160,ke  ,TEH      ,6/28/2008,11:29:04 AM,26.859,55.22,10,,         ,      ,
11008856,ke  ,ISC      ,6/29/2008,6:00:43 PM,27.9822,56.5894,28,TRUE,ISC      ,mb    ,4.1
13378915,ke  ,CSEM     ,6/29/2008,9:24:02 PM,25.2222,56.545,2,,CSEM     ,mb    ,1.9
13378923,ke  ,OMAN     ,6/29/2008,11:40:40 PM,25.8983,56.0528,17.1,,CSEM     ,ML    ,3.2
14006165,ke  ,TEH      ,6/30/2008,3:41:01 AM,26.749,55.044,14.8,,         ,      ,
13378983,ke  ,CSEM     ,6/30/2008,10:11:09 PM,28.1633,56.7319,10,TRUE,CSEM     ,mb    ,2.9
14594136,ke  ,CSEM     ,6/30/2008,10:20:28 PM,26.7393,56.1484,5,,CSEM     ,mb    ,2.5
13379004,ke  ,OMAN     ,7/1/2008,2:44:57 AM,25.7019,57.6814,10,TRUE,         ,      ,
11799143,se  ,ISC      ,7/1/2008,6:43:07 AM,28.0354,57.0315,24,TRUE,ISC      ,mb    ,3.9
12608100,ke  ,KISR     ,7/5/2008,1:15:27 PM,29.109,54.98,33.5,TRUE,KISR     ,ML    ,2.5
14686341,ke  ,CSEM     ,7/7/2008,1:26:02 AM,28.09,56.36,14,TRUE,CSEM     ,ML    ,3
14735213,ke  ,OMAN     ,7/9/2008,9:00:23 AM,26.0333,55.9136,10,TRUE,         ,      ,
12853929,ke  ,ISC      ,7/12/2008,4:27:12 AM,27.4254,56.2377,33.3,,CSEM     ,ML    ,3
11811513,se  ,ISC      ,7/13/2008,11:30:00 PM,27.4685,54.3071,25,TRUE,ISC      ,mb    ,3.4
14680880,ke  ,CSEM     ,7/18/2008,7:21:30 AM,26.74,54.7827,2,,CSEM     ,ML    ,3.4
12608536,ke  ,ISC      ,7/22/2008,6:21:49 AM,26.9209,55.8388,14,TRUE,KISR     ,ML    ,3.3
14735285,ke  ,OMAN     ,7/25/2008,4:10:59 PM,25.9804,55.9057,6,TRUE,         ,      ,
13390156,ke  ,ISC      ,7/26/2008,3:24:40 PM,27.1962,53.4438,8.6,,ISC      ,mb    ,4.3
14680966,ke  ,CSEM     ,7/28/2008,6:29:02 AM,28.08,56.24,17,TRUE,CSEM     ,ML    ,3
14006237,ke  ,TEH      ,7/29/2008,4:33:25 AM,28.094,54.762,6.9,,         ,      ,
13827012,ke  ,TEH      ,8/3/2008,12:44:41 AM,27.713,57.265,12,,THR      ,ML    ,3.5
14877742,ke  ,OMAN     ,8/3/2008,8:01:14 AM,25.4316,55.7051,18.6,,         ,      ,
11907764,se  ,ISC      ,8/4/2008,9:08:47 AM,26.6599,54.8375,17,TRUE,ISC      ,mb    ,4
11908095,se  ,ISC      ,8/11/2008,8:09:02 PM,27.7206,56.7465,24,TRUE,ISC      ,mb    ,4
11908237,se  ,ISC      ,8/15/2008,7:37:04 AM,27.7483,55.7308,22,TRUE,ISC      ,mb    ,4
13391839,ke  ,ISC      ,8/16/2008,2:03:14 AM,32.2511,50.1534,18,,ISC      ,mb    ,4.3
14010974,ke  ,TEH      ,8/16/2008,9:51:38 AM,27.742,56.993,16.2,,         ,      ,
12853971,ke  ,TEH      ,8/16/2008,2:08:18 PM,27.531,52.752,20.4,,CSEM     ,ML    ,4.2
12608588,ke  ,KISR     ,8/18/2008,7:21:33 AM,26.999,54.385,19.8,,KISR     ,ML    ,3.4
11908495,se  ,ISC      ,8/20/2008,3:20:33 PM,27.9558,57.8445,10,TRUE,ISC      ,mb    ,3.7
13392441,ke  ,ISC      ,8/24/2008,12:37:21 AM,27.2586,55.9955,15,TRUE,ISC      ,mb    ,4
13392444,ke  ,ISC      ,8/24/2008,1:46:25 AM,27.271,55.919,14,TRUE,ISC      ,mb    ,3.8
14010986,ke  ,TEH      ,8/24/2008,1:55:58 AM,26.989,56.038,16.9,,         ,      ,
12853987,ke  ,TEH      ,8/24/2008,9:01:11 AM,27.136,56.182,30.5,,         ,      ,
13392566,ke  ,ISC      ,8/25/2008,12:16:41 PM,27.6369,54.9699,20,TRUE,ISC      ,mb    ,3.9
14010992,ke  ,TEH      ,8/26/2008,4:23:24 AM,27.723,57.241,5.1,,         ,      ,
12581425,ke  ,ISC      ,8/26/2008,6:00:00 AM,28.2061,55.8481,16,TRUE,ISC      ,mb    ,3.6
11908946,se  ,ISC      ,8/27/2008,8:20:21 PM,27.3454,55.9485,15,TRUE,ISC      ,mb    ,3.7
13393059,ke  ,ISC      ,8/31/2008,11:37:58 AM,27.7443,55.1464,26,TRUE,ISC      ,mb    ,3.7
12608651,ke  ,TEH      ,9/1/2008,7:49:50 AM,27.968,55.276,8,,KISR     ,ML    ,3.2
11302679,ke  ,ISC      ,9/5/2008,3:11:47 AM,29.9603,51.8149,8,TRUE,ISC      ,mb    ,4.4
12854019,ke  ,OMAN     ,9/6/2008,12:00:37 AM,25.7986,55.1441,0,,CSEM     ,ML    ,3.7
14880604,ke  ,OMAN     ,9/8/2008,5:40:08 PM,26.4752,56.3045,30,,         ,      ,
14011017,ke  ,TEH      ,9/9/2008,9:27:54 AM,28.149,57.496,24.4,,         ,      ,
13393964,de  ,ISC      ,9/10/2008,11:00:35 AM,26.8363,55.8621,17.5,,ISC      ,mb    ,6
11909948,ke  ,ISC      ,9/10/2008,11:08:42 AM,26.7951,55.8409,10,TRUE,ISC      ,mb    ,4.6
11909949,ke  ,ISC      ,9/10/2008,11:13:24 AM,26.8746,55.8012,14,TRUE,ISC      ,mb    ,4
11909950,ke  ,ISC      ,9/10/2008,11:23:12 AM,26.3737,55.5026,10,TRUE,ISC      ,mb    ,3.6
11909952,ke  ,ISC      ,9/10/2008,11:26:42 AM,26.9905,55.8056,14,TRUE,ISC      ,mb    ,4
13393967,ke  ,ISC      ,9/10/2008,11:33:12 AM,26.8154,55.824,14,TRUE,ISC      ,mb    ,4.7
12608731,ke  ,KISR     ,9/10/2008,11:47:54 AM,27.231,55.314,33.5,TRUE,KISR     ,ML    ,4
12854031,ke  ,TEH      ,9/10/2008,12:00:27 PM,27.134,56.186,18,,CSEM     ,ML    ,3.2
12608733,ke  ,ISC      ,9/10/2008,12:04:39 PM,27.1206,55.7664,12,TRUE,KISR     ,ML    ,3.9
14011021,ke  ,TEH      ,9/10/2008,12:11:48 PM,27.008,55.78,14.5,,         ,      ,
12789254,ke  ,KISR     ,9/10/2008,12:41:12 PM,26.772,55.172,33.5,TRUE,KISR     ,ML    ,3.3
14769049,ke  ,CSEM     ,9/10/2008,12:53:02 PM,27.17,56.06,21,TRUE,CSEM     ,ML    ,2.9
12608735,ke  ,ISC      ,9/10/2008,1:10:09 PM,27.002,55.8627,14,TRUE,CSEM     ,ML    ,3.8
11909955,ke  ,ISC      ,9/10/2008,1:29:16 PM,26.897,55.8744,14,TRUE,ISC      ,mb    ,3.8
12608737,ke  ,KISR     ,9/10/2008,1:33:34 PM,26.575,55.07,2.6,,KISR     ,ML    ,3.5
12789256,ke  ,CSEM     ,9/10/2008,1:37:58 PM,27.0673,55.6614,2,,CSEM     ,ML    ,3
12608738,ke  ,KISR     ,9/10/2008,1:42:19 PM,26.604,55.188,3.9,,KISR     ,ML    ,3.8
11909960,ke  ,ISC      ,9/10/2008,2:32:46 PM,26.8626,55.7627,14,TRUE,ISC      ,mb    ,3.8
14882266,ke  ,OMAN     ,9/10/2008,3:06:10 PM,26.9188,56.1486,8,TRUE,         ,      ,
12789257,ke  ,OMAN     ,9/10/2008,3:48:40 PM,26.9783,56.2115,8,TRUE,KISR     ,ML    ,3.2
14769051,ke  ,CSEM     ,9/10/2008,3:57:59 PM,26.81,55.82,15,TRUE,CSEM     ,ML    ,3.4
14882267,ke  ,ISC      ,9/10/2008,5:07:00 PM,26.9158,55.871,14,TRUE,ISC      ,mb    ,3.6
14882269,ke  ,OMAN     ,9/10/2008,5:35:13 PM,26.973,56.207,10,TRUE,         ,      ,
13394003,ke  ,ISC      ,9/10/2008,6:20:32 PM,26.865,55.7947,14,TRUE,ISC      ,mb    ,4
11909977,ke  ,ISC      ,9/10/2008,6:26:35 PM,26.9017,55.8363,14,TRUE,ISC      ,mb    ,3.9
11909984,ke  ,ISC      ,9/10/2008,7:03:16 PM,26.9105,55.8736,14,TRUE,ISC      ,mb    ,3.6
14882270,ke  ,OMAN     ,9/10/2008,7:30:46 PM,26.5892,56.0656,10,TRUE,         ,      ,
14882271,ke  ,OMAN     ,9/10/2008,8:09:02 PM,26.6396,56.016,12,,         ,      ,
14882272,ke  ,OMAN     ,9/10/2008,9:52:21 PM,26.8093,56.0733,10,TRUE,         ,      ,
13394025,ke  ,ISC      ,9/10/2008,10:46:55 PM,26.8681,55.8331,14,TRUE,ISC      ,mb    ,4
13394036,ke  ,ISC      ,9/11/2008,1:11:41 AM,26.8246,55.8055,14,TRUE,ISC      ,mb    ,4.8
13394041,ke  ,ISC      ,9/11/2008,2:16:10 AM,26.815,55.7991,14.2,,ISC      ,mb    ,5.2
14011023,ke  ,TEH      ,9/11/2008,4:57:24 AM,28.891,55.663,13,,         ,      ,
12608748,ke  ,CSEM     ,9/11/2008,2:29:30 PM,27.4194,55.6977,2,,CSEM     ,ML    ,2.9
14882275,ke  ,OMAN     ,9/12/2008,12:02:29 AM,26.7232,56.0312,10,TRUE,         ,      ,
12608752,ke  ,ISC      ,9/12/2008,2:20:35 AM,26.8655,55.7229,12,TRUE,CSEM     ,ML    ,2.9
14011024,ke  ,TEH      ,9/12/2008,4:22:05 AM,26.861,55.992,1.9,,         ,      ,
14011025,ke  ,TEH      ,9/12/2008,5:04:57 AM,26.876,55.897,18,,         ,      ,
14011027,ke  ,TEH      ,9/12/2008,10:06:50 AM,26.964,56.061,11.8,,         ,      ,
12608760,ke  ,ISC      ,9/12/2008,11:04:15 AM,26.8838,55.8285,14,TRUE,CSEM     ,ML    ,3.2
12789301,ke  ,KISR     ,9/12/2008,1:53:01 PM,27.388,55.229,33.5,TRUE,KISR     ,ML    ,3.4
14882276,ke  ,OMAN     ,9/12/2008,4:20:48 PM,26.8029,56.02,10,TRUE,         ,      ,
14882277,ke  ,OMAN     ,9/12/2008,4:53:44 PM,26.9883,56.3897,10,TRUE,         ,      ,
14882278,ke  ,OMAN     ,9/12/2008,6:40:46 PM,26.6559,55.9793,10,TRUE,         ,      ,
12608765,ke  ,TEH      ,9/13/2008,9:33:37 AM,27.081,55.772,6.8,,KISR     ,ML    ,3
14882282,ke  ,OMAN     ,9/13/2008,10:08:33 AM,26.8727,56.0859,12,TRUE,         ,      ,
12608766,ke  ,KISR     ,9/13/2008,10:15:21 AM,28.313,55.624,33.5,TRUE,KISR     ,ML    ,3.7
11910209,ke  ,ISC      ,9/13/2008,9:40:43 PM,26.8791,55.7473,12,TRUE,ISC      ,mb    ,3.5
13394323,ke  ,ISC      ,9/14/2008,5:21:48 AM,26.8508,55.825,14,TRUE,ISC      ,mb    ,4.4
12608775,ke  ,ISC      ,9/14/2008,5:49:34 AM,26.9154,55.7451,14,TRUE,CSEM     ,ML    ,3.1
12608777,ke  ,OMAN     ,9/14/2008,9:05:02 AM,26.8667,56.0542,6,,KISR     ,ML    ,3.8
12789343,ke  ,KISR     ,9/14/2008,1:42:30 PM,26.916,55.247,33.5,TRUE,KISR     ,ML    ,2.4
12608781,ke  ,ISC      ,9/14/2008,4:53:09 PM,26.8494,55.7091,12,TRUE,CSEM     ,ML    ,3
12789364,ke  ,KISR     ,9/15/2008,9:10:26 PM,26.851,55.167,33.5,TRUE,KISR     ,ML    ,3.1
14011031,ke  ,TEH      ,9/16/2008,5:33:02 AM,28.188,55.989,26.9,,         ,      ,
13394536,ke  ,ISC      ,9/17/2008,5:43:48 PM,26.9196,56.0621,17.7,,ISC      ,mb    ,5.2
11910496,ke  ,ISC      ,9/17/2008,5:49:43 PM,26.9103,56.1498,14,TRUE,ISC      ,mb    ,4.1
14011034,ke  ,TEH      ,9/17/2008,6:01:29 PM,27.141,56.156,18,,CSEM     ,ML    ,3.4
13394539,ke  ,ISC      ,9/17/2008,6:41:50 PM,26.9668,56.0693,14,TRUE,ISC      ,mb    ,4.5
11910499,ke  ,ISC      ,9/17/2008,6:44:51 PM,27.0275,56.0967,14,TRUE,ISC      ,mb    ,4.1
13394540,ke  ,ISC      ,9/17/2008,6:59:03 PM,26.9508,56.0404,14,TRUE,ISC      ,mb    ,3.8
13394541,ke  ,ISC      ,9/17/2008,7:01:50 PM,26.9775,56.1127,14,TRUE,ISC      ,mb    ,4.2
14011036,ke  ,TEH      ,9/17/2008,7:13:25 PM,27.09,56.083,3.2,,         ,      ,
11910501,ke  ,ISC      ,9/17/2008,7:17:47 PM,27.015,55.9071,14,TRUE,ISC      ,mb    ,3.6
14769096,ke  ,CSEM     ,9/17/2008,7:24:29 PM,27.13,56.02,9,TRUE,CSEM     ,ML    ,3
14769097,ke  ,CSEM     ,9/17/2008,7:35:19 PM,27.24,56.04,9,TRUE,CSEM     ,ML    ,2.6
14769098,ke  ,CSEM     ,9/17/2008,7:54:40 PM,26.9817,56.1126,2,,CSEM     ,ML    ,2.7
11910510,ke  ,ISC      ,9/17/2008,8:15:18 PM,26.8944,55.9568,14,TRUE,ISC      ,mb    ,3.6
12608806,ke  ,TEH      ,9/17/2008,9:06:16 PM,26.913,56.1,18,,KISR     ,ML    ,3.3
14769099,ke  ,CSEM     ,9/17/2008,9:37:39 PM,27.21,56.03,19,TRUE,CSEM     ,ML    ,2.6
11279495,ke  ,ISC      ,9/18/2008,2:10:21 AM,26.9531,56.011,14,TRUE,ISC      ,mb    ,4.5
14011038,ke  ,TEH      ,9/18/2008,3:54:19 AM,26.984,55.986,18,,         ,      ,
12608820,ke  ,ISC      ,9/19/2008,5:58:53 AM,27.1422,55.7822,15,TRUE,CSEM     ,ML    ,3.5
12854052,ke  ,TEH      ,9/19/2008,1:18:28 PM,27.301,56.045,18,,         ,      ,
12608825,ke  ,TEH      ,9/19/2008,5:03:30 PM,27.187,56.306,24.2,,KISR     ,ML    ,3
14882284,ke  ,OMAN     ,9/19/2008,9:54:40 PM,26.6012,56.0602,10,TRUE,         ,      ,
12789453,ke  ,KISR     ,9/20/2008,12:08:43 PM,26.822,55.167,33.5,TRUE,KISR     ,ML    ,3.1
14882285,ke  ,OMAN     ,9/20/2008,9:48:07 PM,26.8524,56.144,8,TRUE,         ,      ,
12854058,ke  ,ISC      ,9/22/2008,4:39:40 AM,26.9305,55.9539,14,TRUE,CSEM     ,ML    ,3.5
12789491,ke  ,KISR     ,9/22/2008,7:35:18 AM,27.73,55.401,33.5,TRUE,KISR     ,ML    ,3
14882287,ke  ,OMAN     ,9/22/2008,5:26:24 PM,26.7712,56.086,6,TRUE,         ,      ,
12789492,ke  ,KISR     ,9/22/2008,8:44:54 PM,27.073,55.202,33.5,TRUE,KISR     ,ML    ,2.5
12854056,ke  ,OMAN     ,9/22/2008,9:47:16 PM,26.8114,56.1018,6,TRUE,CSEM     ,ML    ,3.1
14011043,ke  ,TEH      ,9/23/2008,5:03:29 AM,26.943,56.104,15,,         ,      ,
12608860,ke  ,TEH      ,9/23/2008,1:52:01 PM,26.774,56.046,6.7,,KISR     ,ML    ,2.9
12608871,ke  ,ISC      ,9/25/2008,12:51:20 PM,26.8317,55.8101,12,TRUE,THR      ,ML    ,3.5
14769162,ke  ,OMAN     ,9/25/2008,12:54:52 PM,26.0061,55.9265,8,,         ,      ,
14882288,ke  ,OMAN     ,9/25/2008,11:16:32 PM,26.8433,56.2472,5.8,,         ,      ,
11310442,ke  ,ISC      ,9/26/2008,3:36:33 AM,26.9332,55.8054,14,TRUE,ISC      ,mb    ,4.3
13395255,ke  ,ISC      ,9/26/2008,3:52:23 PM,27.5092,56.7525,28.3,,ISC      ,mb    ,5
12608887,ke  ,TEH      ,9/28/2008,12:18:45 PM,26.842,56.117,3.2,,THR      ,ML    ,3.6
11322812,ke  ,ISC      ,9/29/2008,3:57:49 AM,26.9006,55.9616,14,TRUE,ISC      ,mb    ,4.2
12854072,ke  ,OMAN     ,9/29/2008,4:30:22 AM,26.9458,56.1347,3.1,,CSEM     ,ML    ,2.9
14011048,ke  ,TEH      ,9/29/2008,12:57:03 PM,26.559,56.764,34,,         ,      ,
12854070,ke  ,TEH      ,9/29/2008,3:20:24 PM,26.847,56.177,29.1,,         ,      ,
12608899,ke  ,ISC      ,9/29/2008,10:44:16 PM,28.2276,57.3231,31,TRUE,KISR     ,ML    ,3.4
14882289,ke  ,OMAN     ,9/30/2008,2:08:04 AM,26.9303,56.1464,4.7,,         ,      ,
14882290,ke  ,OMAN     ,9/30/2008,4:15:35 AM,26.873,56.1439,4.1,,         ,      ,
12608906,ke  ,ISC      ,9/30/2008,5:32:48 PM,28.2769,56.7243,44,TRUE,KISR     ,ML    ,3.7
14882291,ke  ,OMAN     ,9/30/2008,8:05:45 PM,26.8742,56.0858,3.3,,         ,      ,
14882292,ke  ,OMAN     ,10/1/2008,1:26:16 AM,26.7823,56.4603,0,,         ,      ,
14882293,ke  ,OMAN     ,10/1/2008,2:07:14 AM,26.9807,56.1995,2.8,,         ,      ,
11911669,ke  ,ISC      ,10/2/2008,12:06:16 AM,26.962,56.0913,14,TRUE,ISC      ,mb    ,3.9
12789653,ke  ,KISR     ,10/3/2008,12:02:17 AM,26.953,55.291,33.5,TRUE,KISR     ,ML    ,3.4
12065789,ke  ,ISC      ,10/3/2008,4:28:05 PM,26.9073,55.8004,10.2,,ISC      ,mb    ,3.9
12065798,ke  ,ISC      ,10/3/2008,6:05:38 PM,27.329,55.956,15,TRUE,ISC      ,mb    ,3.4
12065820,ke  ,ISC      ,10/3/2008,9:21:31 PM,26.9652,56.041,14,TRUE,ISC      ,mb    ,3.8
14011052,ke  ,TEH      ,10/4/2008,6:36:36 AM,28.234,56.851,31.1,,         ,      ,
14882294,ke  ,OMAN     ,10/4/2008,10:51:14 AM,26.7851,56.257,17,TRUE,         ,      ,
13395980,ke  ,ISC      ,10/4/2008,5:12:57 PM,26.911,56.0766,14,TRUE,ISC      ,mb    ,4.1
12065918,ke  ,ISC      ,10/4/2008,5:29:34 PM,26.9927,55.9797,14,TRUE,ISC      ,mb    ,3.6
12065920,ke  ,ISC      ,10/4/2008,5:35:54 PM,26.9782,56.0473,14,TRUE,ISC      ,mb    ,3.9
12065955,ke  ,ISC      ,10/5/2008,1:22:43 AM,26.9743,55.9996,14,TRUE,ISC      ,mb    ,3.6
12065980,ke  ,ISC      ,10/5/2008,8:18:01 AM,27.4172,55.6044,15,TRUE,ISC      ,mb    ,3.6
12065985,ke  ,ISC      ,10/5/2008,9:45:45 AM,27.2176,55.6184,15,TRUE,ISC      ,mb    ,3.6
14882296,ke  ,OMAN     ,10/5/2008,5:39:24 PM,26.8041,56.0079,5.5,,         ,      ,
12066080,ke  ,ISC      ,10/6/2008,12:47:38 AM,26.6936,55.0012,17,TRUE,ISC      ,mb    ,4.2
14882301,ke  ,OMAN     ,10/8/2008,2:04:52 PM,26.8511,56.0758,7.8,,         ,      ,
12066464,ke  ,ISC      ,10/9/2008,9:49:11 PM,26.9383,56.0005,14,TRUE,ISC      ,mb    ,3.8
13396544,ke  ,ISC      ,10/10/2008,8:47:08 AM,27.3602,56.2184,13,,ISC      ,mb    ,4.1
12608937,ke  ,OMAN     ,10/10/2008,7:41:03 PM,26.8535,56.0607,10,TRUE,CSEM     ,ML    ,3.1
12789722,ke  ,OMAN     ,10/16/2008,5:22:44 PM,26.5178,55.8793,5,TRUE,CSEM     ,ML    ,2.7
12608967,ke  ,ISC      ,10/17/2008,7:58:39 PM,26.9547,55.9257,14,TRUE,CSEM     ,ML    ,3.3
12789728,ke  ,OMAN     ,10/17/2008,9:37:19 PM,26.9366,56.0432,2.7,,CSEM     ,ML    ,3.3
14882308,ke  ,OMAN     ,10/19/2008,5:24:02 PM,27.5559,55.6181,35,TRUE,         ,      ,
12854107,ke  ,TEH      ,10/20/2008,3:25:27 AM,28.103,56.513,1.1,,         ,      ,
12854106,ke  ,TEH      ,10/20/2008,6:55:46 AM,27.877,56.516,10.2,,         ,      ,
12789751,ke  ,OMAN     ,10/20/2008,9:40:20 PM,26.0005,55.4258,0.3,,KISR     ,ML    ,3.2
12069166,ke  ,ISC      ,10/20/2008,9:45:05 PM,26.7034,55.0305,17,TRUE,ISC      ,mb    ,3.7
12070708,ke  ,ISC      ,10/21/2008,1:22:04 AM,26.597,55.0045,17,TRUE,ISC      ,mb    ,3.8
12854110,ke  ,TEH      ,10/21/2008,1:37:49 AM,26.432,55.125,18,,         ,      ,
12070722,ke  ,ISC      ,10/21/2008,7:24:39 AM,26.8124,55.8344,14,TRUE,ISC      ,mb    ,3.8
13397698,ke  ,ISC      ,10/21/2008,1:03:03 PM,26.6677,54.9976,17,TRUE,ISC      ,mb    ,4.7
12608987,ke  ,TEH      ,10/21/2008,1:11:12 PM,26.716,55.225,25.1,,CSEM     ,ML    ,3.7
12070732,ke  ,ISC      ,10/21/2008,1:17:22 PM,26.6043,55.0201,17,TRUE,ISC      ,mb    ,3.9
12070733,ke  ,ISC      ,10/21/2008,1:19:46 PM,26.6317,54.9747,17,TRUE,ISC      ,mb    ,3.7
13397708,ke  ,ISC      ,10/21/2008,2:24:00 PM,26.637,55.0325,17,TRUE,ISC      ,mb    ,4.8
12070749,ke  ,ISC      ,10/21/2008,8:49:35 PM,26.6122,55.0593,17,TRUE,ISC      ,mb    ,4
12608991,ke  ,KISR     ,10/21/2008,9:12:08 PM,26.637,54.357,33.5,TRUE,KISR     ,ML    ,3.1
14882560,ke  ,OMAN     ,10/22/2008,6:57:40 AM,25.5338,56.2231,4,TRUE,         ,      ,
12070783,ke  ,ISC      ,10/22/2008,7:00:16 AM,26.5953,55.0211,17,TRUE,ISC      ,mb    ,3.9
12070788,ke  ,ISC      ,10/22/2008,9:12:13 AM,26.8848,55.8983,14,TRUE,ISC      ,mb    ,3.9
12070799,ke  ,ISC      ,10/22/2008,1:35:31 PM,26.847,54.9662,17,TRUE,ISC      ,mb    ,3.7
12070800,ke  ,ISC      ,10/22/2008,1:38:44 PM,26.6138,54.9377,17,TRUE,ISC      ,mb    ,3.8
12789774,ke  ,OMAN     ,10/23/2008,10:36:44 AM,26.6348,55.1774,3.6,,KISR     ,ML    ,3.8
12070998,ke  ,ISC      ,10/24/2008,3:51:32 PM,28.4632,57.0807,14.9,,ISC      ,mb    ,3.9
12071045,ke  ,ISC      ,10/25/2008,1:27:19 AM,26.6114,54.9676,10,TRUE,ISC      ,mb    ,3.7
11362614,ke  ,ISC      ,10/25/2008,1:28:48 AM,26.686,54.9513,17,TRUE,ISC      ,mb    ,4.5
13398062,de  ,ISC      ,10/25/2008,8:17:17 PM,26.6133,55.0597,17,TRUE,ISC      ,mb    ,5.2
12071097,ke  ,ISC      ,10/25/2008,8:25:17 PM,26.6774,55.0452,17,TRUE,ISC      ,mb    ,4
12071100,ke  ,IDC      ,10/25/2008,9:05:17 PM,26.4984,55.0376,0,TRUE,IDC      ,mb    ,3.5
12071101,ke  ,ISC      ,10/25/2008,9:09:46 PM,26.6274,55.0006,17,TRUE,ISC      ,mb    ,4.2
12071105,ke  ,ISC      ,10/25/2008,9:48:26 PM,26.6899,54.9505,17,TRUE,ISC      ,mb    ,3.4
14882566,ke  ,OMAN     ,10/26/2008,12:29:38 AM,26.7516,55.0694,82.1,,         ,      ,
13398072,ke  ,ISC      ,10/26/2008,12:37:37 AM,27.6073,56.6717,18,TRUE,ISC      ,mb    ,4.4
12071120,ke  ,ISC      ,10/26/2008,2:03:52 AM,26.6241,54.9681,17,TRUE,ISC      ,mb    ,3.9
12609023,ke  ,OMAN     ,10/26/2008,3:25:02 AM,27.3673,54.7311,77.3,,CSEM     ,ML    ,3.4
15267635,ke  ,IDC      ,10/26/2008,4:20:17 AM,26.4715,55.1187,0,TRUE,IDC      ,mb    ,3.5
14882567,ke  ,OMAN     ,10/26/2008,6:31:31 AM,25.1002,56.9612,0,,         ,      ,
12071142,ke  ,ISC      ,10/26/2008,9:02:29 AM,26.6444,54.9447,17,TRUE,ISC      ,mb    ,3.7
14882568,ke  ,OMAN     ,10/26/2008,6:45:18 PM,26.7897,55.268,97.3,,         ,      ,
14882569,ke  ,OMAN     ,10/26/2008,8:59:27 PM,26.7929,55.2523,108,,         ,      ,
11395431,ke  ,ISC      ,10/26/2008,9:15:27 PM,26.5398,55.0291,17,TRUE,ISC      ,mb    ,4.3
12071211,ke  ,IDC      ,10/27/2008,1:25:35 AM,26.4817,55.1479,0,TRUE,IDC      ,mb    ,3.5
11395432,ke  ,ISC      ,10/27/2008,2:47:02 AM,26.8216,55.8167,14,TRUE,ISC      ,mb    ,4
12071230,ke  ,ISC      ,10/27/2008,10:41:05 AM,26.6131,54.9269,17,TRUE,ISC      ,mb    ,4.1
12071232,ke  ,ISC      ,10/27/2008,11:25:40 AM,27.9375,54.9636,26,TRUE,ISC      ,mb    ,3.9
12071277,ke  ,ISC      ,10/27/2008,8:50:55 PM,27.8299,54.9186,26,TRUE,ISC      ,mb    ,3.7
12854122,ke  ,OMAN     ,10/28/2008,1:45:17 PM,27.8576,54.0779,2.8,,         ,      ,
12789824,ke  ,KISR     ,10/28/2008,9:00:44 PM,27.655,55.072,33.5,TRUE,KISR     ,ML    ,2.8
14882571,ke  ,OMAN     ,10/28/2008,11:02:31 PM,26.7803,55.1677,7.1,,         ,      ,
12071500,ke  ,ISC      ,10/29/2008,4:55:43 PM,26.8404,55.0987,17,TRUE,ISC      ,mb    ,3.3
12071597,ke  ,ISC      ,10/30/2008,6:32:48 AM,26.6381,54.9575,17,TRUE,ISC      ,mb    ,3.9
14882584,ke  ,OMAN     ,10/31/2008,11:03:24 PM,26.935,56.233,4,,         ,      ,
12071935,ke  ,ISC      ,11/2/2008,1:21:01 AM,26.5986,54.9334,41.2,,ISC      ,mb    ,3.7
12072325,ke  ,ISC      ,11/5/2008,2:22:19 AM,26.5444,54.9994,17,TRUE,ISC      ,mb    ,3.9
14011366,ke  ,TEH      ,11/8/2008,7:31:25 AM,28.355,55.294,25.3,,         ,      ,
14011367,ke  ,TEH      ,11/8/2008,5:57:14 PM,26.936,54.607,31,,         ,      ,
13399849,ke  ,ISC      ,11/11/2008,3:38:58 PM,26.5656,55.0273,17.3,,ISC      ,mb    ,4.8
12073190,ke  ,ISC      ,11/11/2008,3:47:49 PM,26.598,55.0116,17,TRUE,ISC      ,mb    ,3.6
12609073,ke  ,KISR     ,11/11/2008,8:38:17 PM,26.78,54.363,33.5,TRUE,KISR     ,ML    ,2.9
12073239,ke  ,ISC      ,11/11/2008,10:45:36 PM,28.3442,56.0487,10,TRUE,ISC      ,mb    ,4.2
12789964,ke  ,ISC      ,11/15/2008,9:47:34 AM,25.774,57.9642,10,TRUE,CSEM     ,ML    ,4
12073906,ke  ,ISC      ,11/17/2008,8:41:08 PM,26.861,55.7567,12,TRUE,ISC      ,mb    ,3.8
14011714,ke  ,KISR     ,11/18/2008,11:59:20 AM,29.572,54.94,33.5,TRUE,KISR     ,ML    ,2.7
14882648,ke  ,OMAN     ,11/18/2008,9:25:24 PM,25.1368,56.8368,10,TRUE,         ,      ,
14882649,ke  ,OMAN     ,11/19/2008,7:58:36 AM,25.0197,56.2472,10,TRUE,         ,      ,
12609093,ke  ,OMAN     ,11/21/2008,10:06:49 PM,26.4442,56.1229,24,,KISR     ,ML    ,3.4
12609094,ke  ,OMAN     ,11/22/2008,6:45:02 AM,26.8058,56.0713,8.5,,CSEM     ,ML    ,3.6
14882658,ke  ,OMAN     ,11/23/2008,4:08:23 AM,25.7943,56.1891,12,,         ,      ,
12854307,ke  ,OMAN     ,11/25/2008,2:34:39 AM,26.4853,57.6402,10,TRUE,CSEM     ,ML    ,3.3
12854306,ke  ,ISC      ,11/25/2008,3:18:03 AM,27.7624,56.5574,28,TRUE,CSEM     ,ML    ,3.4
14011874,ke  ,TEH      ,11/25/2008,2:02:36 PM,27.826,56.795,25.3,,CSEM     ,ML    ,3.5
13401149,ke  ,ISC      ,11/26/2008,7:02:26 AM,29.9244,51.8937,8,TRUE,ISC      ,mb    ,4.3
12609105,ke  ,OMAN     ,11/26/2008,11:28:17 PM,26.678,55.0261,10,TRUE,KISR     ,ML    ,3.2
12854312,ke  ,TEH      ,11/27/2008,4:25:53 AM,27.877,56.61,6.4,,         ,      ,
12790059,ke  ,OMAN     ,11/27/2008,9:06:58 AM,26.415,56.0528,25,TRUE,KISR     ,ML    ,3.3
14882664,ke  ,OMAN     ,11/29/2008,2:44:41 PM,26.5028,55.0055,10,TRUE,         ,      ,
14012016,ke  ,TEH      ,11/30/2008,1:59:14 AM,28.547,56.851,4,,         ,      ,
13401561,ke  ,ISC      ,11/30/2008,1:46:14 PM,26.8889,55.7723,15.1,,ISC      ,mb    ,4.5
14882667,ke  ,OMAN     ,12/1/2008,12:17:51 AM,26.6835,56.0223,10,TRUE,         ,      ,
12075390,ke  ,KISR     ,12/1/2008,6:31:25 AM,28.126,54.232,33.5,TRUE,KISR     ,ML    ,2.5
14882669,ke  ,OMAN     ,12/2/2008,9:59:33 PM,26.4756,55.2631,10,TRUE,         ,      ,
12075754,ke  ,ISC      ,12/4/2008,4:17:55 PM,26.6984,54.2774,10,TRUE,ISC      ,mb    ,3.9
12075936,ke  ,ISC      ,12/5/2008,10:44:10 PM,26.839,56.0134,14,TRUE,ISC      ,mb    ,3.8
14012043,ke  ,TEH      ,12/7/2008,11:46:44 AM,26.607,55.406,17.2,,         ,      ,
13402149,de  ,ISC      ,12/7/2008,1:36:22 PM,26.8937,55.901,18.9,,ISC      ,mb    ,5.6
12076202,ke  ,ISC      ,12/7/2008,1:41:44 PM,26.8773,55.9758,14,TRUE,ISC      ,mb    ,4
12076208,ke  ,ISC      ,12/7/2008,2:11:23 PM,26.9154,55.8392,14,TRUE,ISC      ,mb    ,3.9
12609134,ke  ,TEH      ,12/7/2008,2:17:42 PM,26.913,55.968,16.3,,KISR     ,ML    ,3.3
14012044,ke  ,TEH      ,12/7/2008,2:25:30 PM,26.875,55.814,21,,         ,      ,
12076211,ke  ,ISC      ,12/7/2008,2:31:28 PM,26.9191,55.8875,14,TRUE,ISC      ,mb    ,3.6
12609136,ke  ,CSEM     ,12/7/2008,4:22:11 PM,26.9283,55.9354,5,,CSEM     ,ML    ,3.1
12790142,ke  ,OMAN     ,12/7/2008,6:49:12 PM,26.6897,55.9866,10.5,TRUE,KISR     ,ML    ,2.9
12790143,ke  ,KISR     ,12/7/2008,9:34:12 PM,26.929,55.179,33.5,TRUE,KISR     ,ML    ,3.2
14882672,ke  ,OMAN     ,12/7/2008,11:35:37 PM,26.4941,55.9852,16,TRUE,         ,      ,
12609140,ke  ,ISC      ,12/8/2008,1:50:33 AM,26.9649,55.8539,14,TRUE,ISC      ,mb    ,3.8
12790149,ke  ,KISR     ,12/8/2008,3:31:18 AM,27.193,55.407,33.5,TRUE,KISR     ,ML    ,3.2
14882673,ke  ,OMAN     ,12/8/2008,6:18:54 AM,27.3463,56.3556,10,TRUE,         ,      ,
12076309,ke  ,ISC      ,12/8/2008,6:44:10 AM,26.9619,55.9048,14,TRUE,ISC      ,mb    ,3.7
14882682,fe  ,ISC      ,12/8/2008,2:41:46 PM,26.9369,55.938,18,,ISC      ,mb    ,5.3
14882684,ke  ,OMAN     ,12/8/2008,3:23:43 PM,26.2959,54.7541,12.3,TRUE,         ,      ,
14882685,ke  ,OMAN     ,12/9/2008,1:07:01 AM,26.5783,55.9784,12,TRUE,         ,      ,
13402334,fe  ,ISC      ,12/9/2008,3:09:28 PM,26.9116,55.8767,28.5,,ISC      ,mb    ,5
14882686,ke  ,OMAN     ,12/9/2008,5:42:13 PM,26.0557,55.9389,12,,         ,      ,
12076845,ke  ,ISC      ,12/11/2008,5:05:32 AM,26.9594,55.7947,14,TRUE,ISC      ,mb    ,3.8
12076848,ke  ,ISC      ,12/11/2008,5:42:14 AM,27.1073,55.8431,14,TRUE,ISC      ,mb    ,3.9
12854339,ke  ,TEH      ,12/11/2008,6:31:09 PM,26.922,54.329,17.6,,         ,      ,
12077414,ke  ,ISC      ,12/14/2008,7:29:47 AM,29.1444,56.6843,10,TRUE,ISC      ,mb    ,4.1
12609153,ke  ,OMAN     ,12/15/2008,6:37:22 PM,26.8652,56.054,6.4,,CSEM     ,ML    ,3.1
14012056,ke  ,TEH      ,12/18/2008,11:15:46 AM,27.534,55.259,11,,         ,      ,
13403604,ke  ,ISC      ,12/21/2008,8:39:35 PM,28.1536,52.4149,15,TRUE,ISC      ,mb    ,3.8
11517532,ke  ,ISC      ,12/22/2008,3:08:11 PM,28.1711,57.211,24,TRUE,ISC      ,mb    ,4.7
14882750,ke  ,OMAN     ,12/23/2008,3:02:20 AM,26.4881,56.9182,30,TRUE,         ,      ,
14882752,ke  ,OMAN     ,12/27/2008,1:27:35 AM,27.2737,56.1776,10,,         ,      ,
12079210,ke  ,ISC      ,12/27/2008,8:28:54 PM,26.7456,55.8679,10,TRUE,ISC      ,mb    ,3.7
12609169,ke  ,ISC      ,12/27/2008,10:58:44 PM,26.8226,55.7605,14,TRUE,CSEM     ,ML    ,3.1
14882757,ke  ,OMAN     ,1/1/2009,12:43:07 AM,26.195,55.8076,10,TRUE,CSEM     ,ML    ,3.6
12080322,ke  ,ISC      ,1/5/2009,2:23:22 AM,26.6074,54.9499,17,TRUE,ISC      ,mb    ,3.7
14882760,ke  ,CSEM     ,1/6/2009,6:12:01 PM,25.2483,56.242,2,,CSEM     ,ML    ,2.8
15678187,ke  ,CSEM     ,1/8/2009,11:05:04 PM,26.6491,54.9889,20,TRUE,CSEM     ,ML    ,3.2
14882761,ke  ,OMAN     ,1/10/2009,11:17:33 AM,26.0154,55.8707,1.9,,CSEM     ,ML    ,3.5
12080968,ke  ,ISC      ,1/10/2009,5:16:04 PM,26.7471,55.0324,17,TRUE,ISC      ,mb    ,3.3
12081238,ke  ,ISC      ,1/14/2009,1:16:12 AM,28.1917,57.4507,30,TRUE,ISC      ,mb    ,3.6
12081239,ke  ,ISC      ,1/14/2009,1:47:09 AM,28.1453,57.4359,30,TRUE,ISC      ,mb    ,3.7
12081270,ke  ,ISC      ,1/14/2009,1:13:53 PM,27.751,56.1867,16,TRUE,ISC      ,mb    ,3.7
12081976,ke  ,ISC      ,1/21/2009,2:26:23 PM,27.5144,57.6677,40.7,,ISC      ,mb    ,3.8
11617544,ke  ,ISC      ,1/25/2009,11:22:05 AM,26.932,56.0203,14,TRUE,ISC      ,mb    ,4
14358621,ke  ,OMAN     ,1/29/2009,3:55:28 PM,29.7918,58.4256,16.5,,THR      ,ML    ,3.7
14930300,ke  ,CSEM     ,1/30/2009,11:50:43 PM,27.5384,54.4245,30,,CSEM     ,ML    ,3.3
14930302,ke  ,OMAN     ,2/1/2009,5:39:41 PM,26.9563,56.0921,4,,CSEM     ,mb    ,2.8
14930307,ke  ,OMAN     ,2/5/2009,9:05:46 PM,26.9046,56.1039,6.5,,CSEM     ,ML    ,3.7
12699732,ke  ,ISC      ,2/7/2009,2:13:10 PM,27.7858,57.7994,10,TRUE,ISC      ,mb    ,3.6
14930310,ke  ,CSEM     ,2/9/2009,7:26:35 PM,25.1585,55.7414,12,,CSEM     ,ML    ,1.8
15955379,km  ,CSEM     ,2/11/2009,6:39:19 AM,25.4227,56.0914,0.1,TRUE,CSEM     ,ML    ,2.8
15955412,ke  ,IDC      ,2/11/2009,8:10:19 AM,27.5368,57.466,0,TRUE,IDC      ,mb    ,3.5
14930312,ke  ,OMAN     ,2/12/2009,11:08:53 AM,26.9183,56.1652,8,,CSEM     ,ML    ,3.6
15680743,ke  ,KISR     ,2/12/2009,11:30:53 PM,26.877,54.139,33.5,TRUE,KISR     ,ML    ,3
13434591,ke  ,ISC      ,2/13/2009,4:07:36 PM,26.9261,55.9305,14.7,,ISC      ,mb    ,3.8
15956437,ke  ,IDC      ,2/17/2009,7:03:20 PM,26.4339,55.1141,0,TRUE,IDC      ,mb    ,3.6
14930321,ke  ,CSEM     ,2/20/2009,10:08:35 PM,26.9625,56.3079,20,,CSEM     ,ML    ,2.9
12088199,ke  ,ISC      ,2/22/2009,8:54:02 PM,27.9888,55.3577,22,TRUE,ISC      ,mb    ,4.4
12701568,ke  ,ISC      ,2/22/2009,10:15:13 PM,27.9829,55.416,22,TRUE,ISC      ,mb    ,3.4
13435015,ke  ,ISC      ,2/23/2009,11:10:58 AM,27.517,55.4888,15.6,,ISC      ,mb    ,4.8
14930322,ke  ,CSEM     ,2/23/2009,2:21:34 PM,27.0633,56.3263,2,,CSEM     ,ML    ,3.4
14930324,ke  ,OMAN     ,2/24/2009,12:52:18 AM,25.8864,55.989,10.7,,         ,      ,
14930325,ke  ,OMAN     ,2/24/2009,3:03:51 PM,26.7382,55.5034,32.7,,         ,      ,
14930326,ke  ,CSEM     ,2/25/2009,12:07:58 AM,27.1514,56.3991,2,,CSEM     ,ML    ,3
14930327,ke  ,OMAN     ,2/25/2009,1:13:18 AM,26.6009,55.9428,6.7,,KISR     ,ML    ,3.3
15996072,ke  ,CSEM     ,3/1/2009,8:20:12 PM,27.064,55.3696,2,,CSEM     ,ML    ,3.5
15996127,km  ,CSEM     ,3/3/2009,2:32:43 AM,25.6921,56.1208,0,TRUE,CSEM     ,ML    ,2.5
12702323,ke  ,ISC      ,3/3/2009,3:59:44 AM,27.9442,57.6842,10,TRUE,ISC      ,mb    ,4.2
12702324,ke  ,ISC      ,3/3/2009,4:04:14 AM,27.9466,57.8885,10,TRUE,ISC      ,mb    ,3.7
14930333,ke  ,OMAN     ,3/4/2009,12:36:31 AM,27.0921,56.0654,4.7,,CSEM     ,ML    ,3.4
13435555,ke  ,ISC      ,3/5/2009,10:51:10 AM,27.5535,56.8091,10,TRUE,ISC      ,mb    ,4.3
15681345,ke  ,KISR     ,3/13/2009,6:16:36 PM,27.107,55.161,33.5,TRUE,KISR     ,ML    ,2.2
14930337,ke  ,CSEM     ,3/14/2009,1:04:08 AM,25.2384,56.4162,8,,CSEM     ,ML    ,2.4
14930341,ke  ,OMAN     ,3/19/2009,8:54:17 PM,27.4451,55.6692,54.9,,CSEM     ,ML    ,3.1
14930360,ke  ,CSEM     ,3/31/2009,2:21:26 AM,25.5543,56.4667,2,,CSEM     ,mb    ,2.3
14930361,ke  ,CSEM     ,3/31/2009,5:35:44 AM,25.556,56.4892,2,,CSEM     ,ML    ,3.1
15681374,ke  ,KISR     ,3/31/2009,8:08:37 PM,27.463,54.068,1.1,,KISR     ,ML    ,2.8
14930363,ke  ,OMAN     ,4/3/2009,1:48:20 AM,26.8267,56.5291,16,TRUE,CSEM     ,ML    ,4.1
14930364,ke  ,CSEM     ,4/3/2009,1:57:24 AM,27.4811,56.9208,10,,CSEM     ,mb    ,2.4
12934723,ke  ,ISC      ,4/7/2009,11:10:37 AM,27.7477,56.7103,18,TRUE,ISC      ,mb    ,4
12934717,ke  ,ISC      ,4/7/2009,12:07:39 PM,27.6636,56.5852,18,TRUE,ISC      ,mb    ,3.8
13438251,ke  ,ISC      ,4/9/2009,11:32:39 AM,27.757,57.5789,30,TRUE,ISC      ,mb    ,4.2
12935264,ke  ,ISC      ,4/14/2009,5:10:29 AM,27.1167,55.8372,14,TRUE,ISC      ,mb    ,3.8
14930380,ke  ,OMAN     ,4/16/2009,1:14:18 PM,26.9276,56.0879,4,TRUE,CSEM     ,ML    ,3.1
15681618,ke  ,KISR     ,4/19/2009,1:03:35 PM,27.918,56.365,33.5,TRUE,KISR     ,ML    ,3.1
14930492,ke  ,OMAN     ,4/20/2009,12:43:46 AM,26.5369,56.3171,30,TRUE,CSEM     ,ML    ,3.8
16153222,ke  ,IDC      ,4/21/2009,4:47:47 PM,28.1673,54.0507,0,TRUE,IDC      ,mb    ,3.4
12704745,ke  ,ISC      ,4/25/2009,3:14:55 PM,33.0098,48.8076,28.7,,ISC      ,mb    ,4.4
16155446,ke  ,ISC      ,5/6/2009,7:47:18 AM,28.3743,55.3244,22,TRUE,ISC      ,mb    ,3.7
13439399,fe  ,ISC      ,5/7/2009,10:44:03 PM,25.4153,57.0668,29.4,,ISC      ,mb    ,5.3
14930510,ke  ,CSEM     ,5/7/2009,11:07:09 PM,25.4705,57.1741,2,,CSEM     ,ML    ,2.5
15681681,ke  ,OMAN     ,5/7/2009,11:58:55 PM,26.165,56.0277,29.1,,KISR     ,ML    ,3.2
14930514,ke  ,CSEM     ,5/8/2009,8:30:32 PM,25.4271,57.1192,10,,CSEM     ,ML    ,2.8
15681688,ke  ,CSEM     ,5/9/2009,1:17:00 PM,27.6877,53.9999,30,,CSEM     ,ML    ,3.1
12793686,fe  ,ISC      ,5/10/2009,1:07:30 AM,25.3872,57.1397,10,TRUE,ISC      ,mb    ,4.4
13439574,ke  ,ISC      ,5/13/2009,11:39:56 PM,28.2342,55.316,56.1,,ISC      ,mb    ,4.1
15681755,ke  ,KISR     ,5/14/2009,5:33:30 PM,28.251,52.134,33.5,TRUE,KISR     ,ML    ,2.9
14930522,ke  ,OMAN     ,5/16/2009,11:25:59 PM,27.1682,55.7179,65.2,,CSEM     ,ML    ,2.8
13679418,ke  ,ISC      ,5/22/2009,10:32:20 AM,26.8783,55.9135,14,TRUE,ISC      ,mb    ,3.7
14931164,ke  ,OMAN     ,5/25/2009,5:42:14 AM,27.4184,56.401,16.3,,         ,      ,
13679907,ke  ,ISC      ,5/29/2009,4:17:17 PM,28.0838,57.4238,30,TRUE,ISC      ,mb    ,3.7
13680085,ke  ,ISC      ,6/1/2009,4:50:11 AM,27.2696,56.2143,15,TRUE,ISC      ,mb    ,3.5
13193863,ke  ,ISC      ,6/2/2009,10:34:33 PM,27.2289,54.0146,23,TRUE,ISC      ,mb    ,3.9
13680916,fe  ,ISC      ,6/8/2009,6:13:59 PM,25.8785,56.3887,11,,ISC      ,mb    ,3.8
13681082,ke  ,ISC      ,6/10/2009,12:24:01 AM,28.482,56.7358,35,TRUE,ISC      ,mb    ,3.2
13681645,ke  ,ISC      ,6/19/2009,8:16:03 AM,27.4769,56.4839,18,TRUE,ISC      ,mb    ,3.7
13217775,ke  ,ISC      ,6/23/2009,5:02:41 AM,28.2878,56.2026,10.2,,ISC      ,mb    ,4.6
13762855,ke  ,ISC      ,7/2/2009,9:06:13 PM,27.5426,55.5211,15,TRUE,ISC      ,mb    ,3.5
13762891,ke  ,ISC      ,7/3/2009,5:34:39 AM,27.6362,55.9961,15,TRUE,ISC      ,mb    ,3.6
13433844,ke  ,ISC      ,7/5/2009,2:09:49 PM,27.453,55.5906,26.3,,ISC      ,mb    ,4.4
15742219,ke  ,KISR     ,7/5/2009,8:12:49 PM,27.855,56.061,33.5,TRUE,KISR     ,ML    ,3.2
15742221,ke  ,CSEM     ,7/5/2009,9:51:34 PM,28.4731,56.9426,20,TRUE,CSEM     ,ML    ,3.3
13763227,ke  ,ISC      ,7/6/2009,1:03:26 AM,28.1842,55.5823,22,TRUE,ISC      ,mb    ,3.8
13763763,ke  ,ISC      ,7/12/2009,7:40:42 PM,28.2743,54.2161,24,TRUE,CSEM     ,ML    ,3
16618064,ke  ,CSEM     ,7/13/2009,10:59:24 PM,26.4124,56.4781,2,TRUE,CSEM     ,ML    ,3.1
16618192,ke  ,CSEM     ,7/16/2009,5:12:45 AM,28.54,56.82,15,TRUE,CSEM     ,ML    ,2.8
13545498,ke  ,ISC      ,7/16/2009,8:55:57 PM,27.7168,52.4185,14,TRUE,ISC      ,mb    ,3.6
13474167,fe  ,ISC      ,7/22/2009,3:53:04 AM,26.8047,55.7556,17.2,,ISC      ,mb    ,5.4
13766396,ke  ,ISC      ,7/22/2009,4:26:32 AM,26.7801,55.6687,12,TRUE,ISC      ,mb    ,3.8
13766398,ke  ,ISC      ,7/22/2009,4:32:48 AM,26.8144,55.6913,12,TRUE,ISC      ,mb    ,3.7
15742352,ke  ,KISR     ,7/22/2009,4:35:12 AM,26.738,55.117,33.5,TRUE,KISR     ,ML    ,3.2
15742353,ke  ,KISR     ,7/22/2009,5:07:34 AM,26.573,55.163,12.8,,KISR     ,ML    ,3.3
13766401,ke  ,ISC      ,7/22/2009,5:20:54 AM,26.7863,55.6679,12,TRUE,ISC      ,mb    ,3.6
13766403,ke  ,ISC      ,7/22/2009,5:46:54 AM,26.7989,55.8455,14,TRUE,ISC      ,mb    ,3.7
13545531,ke  ,ISC      ,7/22/2009,6:49:58 AM,26.7744,55.7728,14,TRUE,ISC      ,mb    ,3.9
13766410,ke  ,ISC      ,7/22/2009,9:10:05 AM,26.9892,55.7268,12,TRUE,ISC      ,mb    ,3.6
13477846,ke  ,ISC      ,7/22/2009,5:44:55 PM,26.8511,55.8336,14,TRUE,ISC      ,mb    ,4.1
15742360,ke  ,KISR     ,7/22/2009,10:00:59 PM,27.146,55.406,19.6,,KISR     ,ML    ,2.7
13772015,ke  ,ISC      ,7/29/2009,6:09:38 PM,28.3344,57.8343,10,TRUE,ISC      ,mb    ,3.6
13772030,ke  ,ISC      ,7/29/2009,11:35:44 PM,28.4712,57.2132,31,TRUE,ISC      ,mb    ,3.2
16632078,ke  ,CSEM     ,8/6/2009,7:36:36 AM,27.88,55.01,14,TRUE,CSEM     ,ML    ,3
13772298,ke  ,ISC      ,8/7/2009,4:54:06 AM,28.0059,57.1201,21.9,,ISC      ,mb    ,4.5
13772303,ke  ,ISC      ,8/7/2009,6:59:26 PM,26.6003,57.5901,10,TRUE,ISC      ,mb    ,4.4
16632131,ke  ,CSEM     ,8/9/2009,1:54:27 PM,28.3666,54.0196,18,TRUE,CSEM     ,ML    ,3.2
16103697,ke  ,ISC      ,8/10/2009,12:38:09 PM,27.8367,53.109,10,TRUE,IDC      ,mb    ,3.6
14371895,ke  ,TEH      ,8/11/2009,5:42:43 AM,26.864,55.021,18.3,,TEH      ,ML    ,3.5
15742589,ke  ,CSEM     ,8/11/2009,9:14:26 PM,26.7989,55.7407,2,,CSEM     ,ML    ,3.1
13990226,ke  ,ISC      ,8/14/2009,11:51:48 PM,28.1724,57.1666,24,TRUE,ISC      ,mb    ,3.4
13765391,ke  ,ISC      ,8/22/2009,4:08:05 AM,27.7176,54.7009,25,TRUE,ISC      ,mb    ,4
13843658,ke  ,ISC      ,8/22/2009,7:17:22 PM,28.2229,57.2084,45.8,,ISC      ,mb    ,3.9
13991272,ke  ,ISC      ,8/24/2009,1:44:29 PM,28.0771,57.3188,30,TRUE,ISC      ,mb    ,3.8
13991372,ke  ,ISC      ,8/26/2009,11:25:27 AM,26.9331,54.7289,18,TRUE,ISC      ,mb    ,3.6
13991412,ke  ,ISC      ,8/26/2009,10:22:16 PM,30.9719,50.1998,35,TRUE,ISC      ,mb    ,3.8
13991632,ke  ,ISC      ,8/29/2009,1:40:34 AM,26.8991,55.6709,12,TRUE,ISC      ,mb    ,3.9
13991618,ke  ,ISC      ,8/29/2009,9:37:15 AM,26.7875,55.7455,14,TRUE,ISC      ,mb    ,3.8
13991666,ke  ,ISC      ,8/30/2009,4:37:37 PM,26.7611,55.7489,12,TRUE,ISC      ,mb    ,3.4
13991660,ke  ,ISC      ,8/30/2009,7:59:02 PM,27.1755,55.6322,12,TRUE,ISC      ,mb    ,3.4
13992135,ke  ,ISC      ,9/4/2009,12:55:17 AM,26.7351,55.8854,10,TRUE,ISC      ,mb    ,3.7
14950202,ke  ,CSEM     ,9/5/2009,2:09:11 AM,27.6851,56.5243,20,TRUE,CSEM     ,ML    ,3.1
16105214,ke  ,ISC      ,9/9/2009,10:00:21 PM,27.019,54.2607,18,TRUE,ISC      ,mb    ,3.5
13992503,ke  ,ISC      ,9/10/2009,10:28:11 AM,26.9666,54.115,19,TRUE,ISC      ,mb    ,3.7
13992757,ke  ,ISC      ,9/15/2009,2:44:07 PM,27.7962,57.6026,30,TRUE,ISC      ,mb    ,3.9
14956494,ke  ,CSEM     ,9/18/2009,11:37:11 AM,28.1292,56.9039,19.7,,CSEM     ,ML    ,3.3
14957654,ke  ,OMAN     ,9/21/2009,5:58:49 AM,25.9436,57.452,0,,         ,      ,
16938612,ke  ,CSEM     ,9/21/2009,4:38:45 PM,25.2881,56.2098,15.5,TRUE,CSEM     ,ML    ,2.8
16105599,ke  ,ISC      ,9/21/2009,6:29:31 PM,29.4546,54.4125,10,TRUE,ISC      ,mb    ,3.8
16938682,km  ,CSEM     ,9/23/2009,1:21:17 PM,25.2775,56.2076,18.8,TRUE,CSEM     ,ML    ,2.2
16938739,ke  ,CSEM     ,9/25/2009,5:41:10 AM,25.0206,55.6472,9.1,TRUE,CSEM     ,ML    ,2.5
16938762,ke  ,CSEM     ,9/25/2009,11:48:06 AM,27.5696,56.5517,10,,CSEM     ,ML    ,3
13993664,ke  ,ISC      ,9/29/2009,5:08:06 AM,27.0985,56.1212,14,TRUE,ISC      ,mb    ,3.5
13993855,ke  ,ISC      ,9/30/2009,7:25:26 PM,27.2232,55.962,14,TRUE,ISC      ,mb    ,3.6
13822227,ke  ,ISC      ,9/30/2009,7:39:55 PM,27.149,56.0567,14,TRUE,ISC      ,mb    ,4.3
15745494,ke  ,CSEM     ,10/2/2009,9:40:00 PM,27.2401,55.6859,2,,CSEM     ,ML    ,3.3
16964827,ke  ,CSEM     ,10/3/2009,11:31:20 PM,27.2239,56.7102,10,TRUE,CSEM     ,ML    ,3.2
14965366,ke  ,OMAN     ,10/8/2009,1:27:39 AM,26.5127,55.0721,75,,         ,      ,
16107308,ke  ,ISC      ,10/10/2009,1:25:32 AM,27.5057,55.733,15,TRUE,ISC      ,mb    ,3.5
14093078,ke  ,ISC      ,10/10/2009,1:28:08 AM,27.4837,55.6916,15,TRUE,ISC      ,mb    ,3.8
16965233,ke  ,CSEM     ,10/10/2009,7:31:03 AM,27.61,55.92,14,TRUE,CSEM     ,ML    ,3.2
14093758,ke  ,ISC      ,10/17/2009,5:08:09 PM,30.1346,57.5219,15,TRUE,ISC      ,mb    ,3.9
14094005,ke  ,ISC      ,10/21/2009,12:44:06 AM,27.7006,55.6471,15,TRUE,ISC      ,mb    ,3.8
14971522,ke  ,ISC      ,10/23/2009,5:02:07 PM,27.3612,56.5155,18,TRUE,CSEM     ,ML    ,3.6
14971683,ke  ,ISC      ,10/24/2009,3:04:40 AM,27.9533,56.6787,28,TRUE,ISC      ,mb    ,4.3
16965902,ke  ,CSEM     ,10/25/2009,11:14:10 AM,25.4608,56.5094,8,TRUE,CSEM     ,ML    ,2.9
14973332,ke  ,OMAN     ,10/29/2009,12:36:32 AM,26.6719,55.1085,5.3,,         ,      ,
14094603,ke  ,ISC      ,10/29/2009,6:21:16 AM,28.4906,57.4011,43,TRUE,ISC      ,mb    ,3.9
16990871,ke  ,KISR     ,11/1/2009,1:34:32 PM,31.774,55.205,33.5,TRUE,KISR     ,ML    ,2.8
16990873,ke  ,CSEM     ,11/1/2009,8:41:07 PM,27.91,56.63,14,TRUE,CSEM     ,ML    ,2.9
13910554,de  ,ISC      ,11/3/2009,11:26:52 PM,27.2641,56.212,26,,ISC      ,mb    ,4.9
17143290,ke  ,IDC      ,11/4/2009,4:04:16 AM,26.377,56.5763,0,TRUE,IDC      ,mb    ,3.8
13979102,ke  ,ISC      ,11/5/2009,11:59:52 PM,27.2206,56.2361,10,TRUE,ISC      ,mb    ,3.9
16991070,ke  ,CSEM     ,11/7/2009,1:57:53 AM,28.43,55.63,36,TRUE,CSEM     ,ML    ,3.1
14864232,ke  ,OMAN     ,11/10/2009,3:56:53 PM,27.1337,55.6466,4.4,,         ,      ,
14864233,ke  ,CSEM     ,11/10/2009,4:35:16 PM,26.9964,56.0733,2,,CSEM     ,ML    ,2.8
14864373,ke  ,CSEM     ,11/13/2009,9:46:13 AM,25.3043,56.2411,2,,CSEM     ,ML    ,2.3
14173860,ke  ,ISC      ,11/16/2009,7:26:08 AM,27.8255,52.7336,15,TRUE,ISC      ,mb    ,3.8
16109093,ke  ,ISC      ,11/20/2009,1:44:42 AM,28.1803,56.9428,24,TRUE,ISC      ,mb    ,3.6
14174170,ke  ,ISC      ,11/21/2009,8:27:47 AM,26.8067,56.1247,14,TRUE,ISC      ,mb    ,3.8
16991605,ke  ,CSEM     ,11/26/2009,12:40:23 AM,26.7562,56.024,11,TRUE,CSEM     ,ML    ,2.8
16991830,km  ,CSEM     ,12/3/2009,9:48:24 AM,25.3634,55.7895,0,TRUE,CSEM     ,ML    ,3.1
17144509,ke  ,IDC      ,12/6/2009,1:26:27 AM,28.1454,57.2068,0,TRUE,IDC      ,mb    ,3.5
14333131,ke  ,ISC      ,12/6/2009,6:21:40 AM,28.1042,56.6539,28,TRUE,ISC      ,mb    ,3.4
14865010,ke  ,OMAN     ,12/11/2009,9:36:25 PM,27.8829,56.5607,34.8,,         ,      ,
14333764,ke  ,ISC      ,12/16/2009,6:45:44 AM,27.321,55.9684,15,TRUE,ISC      ,mb    ,3.8
17144918,ke  ,ISC      ,12/16/2009,6:49:43 AM,27.0964,56.0077,14,TRUE,ISC      ,mb    ,3.6
17144955,ke  ,IDC      ,12/17/2009,12:14:42 AM,27.5215,54.1812,0,TRUE,IDC      ,mb    ,3.4
14200372,ke  ,ISC      ,12/23/2009,4:51:55 PM,26.8851,56.0283,14,TRUE,ISC      ,mb    ,4.3
14218738,ke  ,ISC      ,1/6/2010,2:17:48 PM,27.5191,55.1804,31.5,,ISC      ,mb    ,4.8
17499151,ke  ,ISC      ,1/9/2010,8:27:32 AM,29.6976,50.9225,22,TRUE,CSEM     ,ML    ,3.5
14223243,ke  ,ISC      ,1/10/2010,3:20:34 PM,27.1003,55.5791,12,TRUE,ISC      ,mb    ,4.4
14223247,ke  ,ISC      ,1/10/2010,5:17:49 PM,27.1419,55.4937,10.5,,ISC      ,mb    ,4.5
15623610,ke  ,ISC      ,1/13/2010,3:52:30 PM,28.2364,56.2082,35,TRUE,ISC      ,mb    ,4
16112217,ke  ,ISC      ,1/23/2010,1:06:22 AM,27.7711,56.0777,16,TRUE,ISC      ,mb    ,3.4
14259283,ke  ,ISC      ,1/24/2010,12:53:09 AM,27.8087,57.514,30,TRUE,ISC      ,mb    ,3.9
15624568,ke  ,ISC      ,1/29/2010,1:19:23 AM,28.2628,55.5829,22,TRUE,ISC      ,mb    ,4.1
16112552,ke  ,ISC      ,1/29/2010,8:50:17 PM,27.9845,57.8357,10,TRUE,ISC      ,mb    ,3.6
14280643,ke  ,ISC      ,2/3/2010,10:39:43 PM,28.5183,57.1348,19.3,,ISC      ,mb    ,4.6
16538225,ke  ,OMAN     ,2/4/2010,5:28:01 AM,26.8424,57.9805,75,,         ,      ,
14280691,ke  ,ISC      ,2/5/2010,5:57:10 AM,27.7348,52.3002,14,TRUE,ISC      ,mb    ,4.1
14298510,ke  ,ISC      ,2/7/2010,9:20:20 PM,27.9848,54.183,26,TRUE,ISC      ,mb    ,3.9
14357678,ke  ,ISC      ,2/8/2010,9:20:59 PM,28.2313,54.1088,60.9,,ISC      ,mb    ,3.9
17594357,ke  ,DSN      ,2/10/2010,1:17:32 AM,25.3186,56.1288,2,,DSN      ,mb    ,1.6
16538245,ke  ,OMAN     ,2/10/2010,2:45:32 PM,28.412,56.7564,48,,         ,      ,
16538263,ke  ,OMAN     ,2/15/2010,5:18:49 AM,25.5548,56.2901,6.4,,         ,      ,
16113506,ke  ,ISC      ,2/15/2010,9:18:29 AM,28.5761,54.9523,10,TRUE,ISC      ,mb    ,3.8
16538269,ke  ,OMAN     ,2/16/2010,4:33:17 PM,28.282,57.0428,10,TRUE,         ,      ,
16113707,ke  ,ISC      ,2/19/2010,10:12:18 AM,27.404,53.6663,16,TRUE,ISC      ,mb    ,3.7
14324356,ke  ,ISC      ,2/23/2010,7:28:01 AM,32.4921,48.2913,15,TRUE,ISC      ,mb    ,4.6
16538290,ke  ,CSEM     ,2/25/2010,8:08:20 AM,25.031,57.1938,2,,CSEM     ,ML    ,2.6
17149088,ke  ,IDC      ,2/26/2010,12:17:55 AM,28.2065,56.6469,0,TRUE,IDC      ,mb    ,3.4
16538306,ke  ,OMAN     ,3/10/2010,9:50:07 PM,26.8466,55.8424,78.9,,         ,      ,
16538311,ke  ,ISC      ,3/11/2010,6:31:07 PM,30.8482,49.958,10,TRUE,ISC      ,mb    ,3.6
600121493,ke  ,DSN      ,3/14/2010,5:37:05 AM,26.7982,54.4929,47.6,,DSN      ,mb    ,2.9
600121494,ke  ,DSN      ,3/14/2010,6:15:07 AM,25.3645,55.6305,0,,DSN      ,mb    ,1.3
15628915,ke  ,ISC      ,3/14/2010,12:01:38 PM,29.8701,51.5764,15,TRUE,ISC      ,mb    ,4
600090152,ke  ,DSN      ,3/14/2010,3:50:57 PM,26.4383,55.4048,10,,DSN      ,mb    ,2.8
600121496,ke  ,DSN      ,3/16/2010,5:39:50 AM,25.1037,56.2328,0,,DSN      ,ML    ,2.1
600121497,ke  ,DSN      ,3/17/2010,4:45:23 AM,25.2913,56.4154,1,,DSN      ,mb    ,1.4
600121498,ke  ,DSN      ,3/17/2010,6:24:13 AM,25.1666,56.1659,2,,DSN      ,mb    ,0.9
16538319,ke  ,DSN      ,3/18/2010,10:09:16 AM,24.9735,55.6541,10.5,,DSN      ,mb    ,2.7
600121503,ke  ,DSN      ,3/24/2010,6:12:56 AM,25.1947,56.0178,1,,DSN      ,mb    ,0.9
17153665,ke  ,ISC      ,3/29/2010,10:28:14 PM,27.9469,52.8445,14,TRUE,ISC      ,mb    ,3.8
14537369,ke  ,ISC      ,4/1/2010,7:31:59 AM,27.4272,53.6214,16,TRUE,ISC      ,mb    ,3.9
14537370,ke  ,ISC      ,4/1/2010,7:37:25 AM,27.4458,53.7055,16,TRUE,ISC      ,mb    ,3.8
600121507,ke  ,DSN      ,4/7/2010,6:39:18 AM,25.3061,56.0071,2,,DSN      ,mb    ,1.8
600121509,ke  ,DSN      ,4/7/2010,1:45:34 PM,26.2356,56.1626,20.9,,DSN      ,mb    ,2.3
600082272,ke  ,DSN      ,4/10/2010,7:56:35 PM,26.3027,56.0044,17.3,,DSN      ,mb    ,2.2
17154936,ke  ,ISC      ,4/10/2010,9:26:02 PM,27.4673,56.2108,15,TRUE,ISC      ,mb    ,3.6
16118548,ke  ,ISC      ,4/11/2010,1:49:13 PM,28.3935,57.1343,31,TRUE,ISC      ,mb    ,3.6
600121516,ke  ,DSN      ,4/14/2010,5:12:52 PM,27.99,57.3681,30,,DSN      ,mb    ,2.7
16136593,ke  ,ISC      ,4/16/2010,8:09:33 AM,27.864,54.2265,26,TRUE,ISC      ,mb    ,3.5
600121517,ke  ,DSN      ,4/18/2010,4:23:50 PM,26.2879,57.2973,15,,DSN      ,mb    ,2.4
600082604,ke  ,DSN      ,4/21/2010,8:49:49 PM,25.1779,55.7369,8.5,,DSN      ,mb    ,1.2
14622173,fe  ,ISC      ,4/27/2010,10:58:01 PM,27.1125,54.8899,17.6,,ISC      ,mb    ,4.9
17156763,ke  ,ISC      ,4/27/2010,11:11:27 PM,27.115,54.8787,17,TRUE,ISC      ,mb    ,3.7
600121520,ke  ,DSN      ,4/28/2010,1:14:26 AM,27.3312,55.0043,30,,DSN      ,mb    ,2.7
600121521,ke  ,DSN      ,4/28/2010,3:47:31 AM,27.3657,55.1336,30,,DSN      ,mb    ,3.1
14625562,ke  ,ISC      ,4/28/2010,1:06:37 PM,27.1711,54.9657,17,TRUE,ISC      ,mb    ,3.7
600083008,km  ,DSN      ,4/29/2010,5:42:17 AM,25.1107,56.0489,0,,DSN      ,ML    ,1.8
16137410,ke  ,ISC      ,4/29/2010,9:13:24 PM,28.5988,57.4244,43,TRUE,ISC      ,mb    ,3.2
17156927,ke  ,ISC      ,4/29/2010,9:14:02 PM,28.5408,57.4411,43,TRUE,ISC      ,mb    ,3.7
600083027,ke  ,DSN      ,4/30/2010,9:43:47 AM,27.2904,56.3636,20,,DSN      ,mb    ,3.1
600297421,ke  ,DSN      ,5/1/2010,8:48:07 AM,27.9168,55.6514,23.3,,DSN      ,mb    ,2.9
17157098,ke  ,IDC      ,5/2/2010,1:18:04 AM,27.7793,55.1613,0,TRUE,IDC      ,mb    ,3.5
600297456,ke  ,DSN      ,5/2/2010,5:18:13 AM,25.1614,56.068,0,,DSN      ,ML    ,1.7
600297493,ke  ,DSN      ,5/3/2010,5:42:37 AM,27.1264,56.2893,3.6,,DSN      ,mb    ,2.2
600297494,ke  ,DSN      ,5/3/2010,8:22:38 PM,27.2368,56.2244,15,,DSN      ,mb    ,2.8
14875773,ke  ,ISC      ,5/5/2010,4:10:08 PM,27.0105,53.8892,19,TRUE,ISC      ,mb    ,3.9
14875845,ke  ,ISC      ,5/6/2010,3:07:13 PM,26.8247,53.6843,10,TRUE,ISC      ,mb    ,3.7
14693153,ke  ,ISC      ,5/9/2010,3:10:10 AM,27.1512,54.8652,10,TRUE,ISC      ,mb    ,4
600297546,ke  ,DSN      ,5/9/2010,10:47:33 PM,27.2124,56.785,10,,DSN      ,mb    ,2.7
600297553,ke  ,DSN      ,5/10/2010,6:20:33 AM,25.1597,56.0193,0,,DSN      ,mb    ,1.2
600297560,ke  ,DSN      ,5/11/2010,5:56:14 AM,26.8425,56.6136,10.1,,DSN      ,mb    ,2.5
14700869,ke  ,ISC      ,5/12/2010,5:29:09 PM,27.129,54.8827,17,TRUE,ISC      ,mb    ,4
17172606,ke  ,ISC      ,5/14/2010,12:36:11 AM,27.3553,55.0348,20,TRUE,ISC      ,mb    ,3.5
14702913,ke  ,ISC      ,5/14/2010,9:33:16 AM,27.0853,54.8204,17,TRUE,ISC      ,mb    ,4.6
14702917,ke  ,ISC      ,5/14/2010,11:21:25 AM,29.5678,56.75,10,TRUE,ISC      ,mb    ,3.6
600015461,ke  ,THR      ,5/16/2010,4:35:24 AM,28.383,54.941,14.1,,THR      ,ML    ,3.5
17172906,ke  ,IDC      ,5/17/2010,10:22:24 AM,27.6946,55.1093,0,TRUE,IDC      ,mb    ,3.6
600298368,ki  ,DSN      ,5/19/2010,6:49:02 AM,26.2691,56.3397,0,,DSN      ,mb    ,1.8
14712410,ke  ,ISC      ,5/19/2010,7:41:48 PM,27.4269,56.1466,24.3,,ISC      ,mb    ,3.7
14712666,ke  ,ISC      ,5/20/2010,12:33:53 PM,28.2183,57.4522,30,TRUE,ISC      ,mb    ,4.2
600298382,ke  ,DSN      ,5/21/2010,10:22:57 AM,26.3912,57.309,35,,DSN      ,mb    ,3.5
17173352,ke  ,ISC      ,5/22/2010,2:45:31 PM,27.9131,57.2991,30,TRUE,ISC      ,mb    ,3.4
17173380,ke  ,ISC      ,5/22/2010,11:51:00 PM,27.1373,54.9421,17,TRUE,ISC      ,mb    ,3.6
17173426,ke  ,ISC      ,5/23/2010,5:42:26 PM,28.1208,54.2524,17,TRUE,ISC      ,mb    ,3.4
16138731,ke  ,ISC      ,5/24/2010,3:31:40 PM,27.3216,56.0905,15,TRUE,ISC      ,mb    ,3.8
600299787,ke  ,DSN      ,5/26/2010,8:53:01 AM,27.1789,56.531,5,,DSN      ,mb    ,2.6
14727836,ke  ,ISC      ,5/28/2010,1:50:58 AM,28.3617,56.9755,26.5,,ISC      ,mb    ,4.7
600299799,ke  ,DSN      ,5/28/2010,6:48:14 AM,29.409,62.659,15,,DSN      ,mb    ,4.1
14728769,ke  ,ISC      ,5/28/2010,11:16:56 AM,26.9549,55.5363,12,TRUE,ISC      ,mb    ,4.2
14744078,ke  ,ISC      ,6/6/2010,5:48:57 PM,28.3008,57.0586,31,TRUE,ISC      ,mb    ,4.4
17174849,ke  ,ISC      ,6/7/2010,12:57:33 AM,27.9277,55.1039,26,TRUE,ISC      ,mb    ,3.8
600299878,ke  ,DSN      ,6/11/2010,1:41:38 AM,25.3712,56.5471,14.9,,DSN      ,mb    ,2.2
600207297,ke  ,ISC      ,6/14/2010,4:13:45 AM,28.1567,57.4208,30,TRUE,ISC      ,mb    ,3.8
600299905,ke  ,ISC      ,6/14/2010,4:14:52 AM,28.2137,57.3134,17.9,,ISC      ,mb    ,4.4
16139990,ke  ,ISC      ,6/14/2010,8:11:39 AM,28.174,57.4776,30,TRUE,ISC      ,mb    ,3.8
600299942,ke  ,DSN      ,6/17/2010,7:15:01 AM,26.547,54.7584,15,,DSN      ,mb    ,2.6
600299943,ke  ,DSN      ,6/17/2010,8:43:31 AM,26.4994,54.6855,4.7,,DSN      ,mb    ,2.8
600299944,ke  ,DSN      ,6/17/2010,11:42:30 AM,26.4848,54.7309,15,,DSN      ,ML    ,3.8
16140214,ke  ,ISC      ,6/17/2010,1:05:26 PM,26.4188,54.6679,10,TRUE,ISC      ,mb    ,3.9
16140215,ke  ,ISC      ,6/17/2010,1:40:15 PM,26.4331,54.6141,10,TRUE,ISC      ,mb    ,3.8
600299945,ke  ,DSN      ,6/17/2010,11:28:22 PM,26.5692,54.6339,15,,DSN      ,ML    ,3.7
14775764,ke  ,ISC      ,6/20/2010,1:34:59 PM,27.9385,54.2341,14.3,,ISC      ,mb    ,4.5
16140339,ke  ,ISC      ,6/20/2010,7:11:52 PM,27.9281,54.2302,26,TRUE,ISC      ,mb    ,3.6
600299956,ke  ,DSN      ,6/20/2010,10:50:01 PM,27.3676,54.8251,20,,DSN      ,ML    ,3.7
17176205,ke  ,ISC      ,6/22/2010,1:07:12 AM,27.8857,54.4241,17,TRUE,ISC      ,mb    ,3.7
600182421,ke  ,DSN      ,6/24/2010,10:54:40 PM,27.8093,57.2178,12.9,,DSN      ,mb    ,3.2
600182659,km  ,DSN      ,6/28/2010,5:15:51 AM,25.0735,56.0725,0,,DSN      ,mb    ,1.2
600207323,ke  ,OMAN     ,6/29/2010,4:48:24 PM,25.7608,55.1511,5.8,,         ,      ,
16140746,ke  ,ISC      ,6/29/2010,8:04:39 PM,27.7979,54.2437,10,TRUE,ISC      ,mb    ,3.9
16140757,ke  ,ISC      ,6/30/2010,4:14:01 AM,27.8085,56.5887,28,TRUE,ISC      ,mb    ,3.6
600300024,ke  ,DSN      ,7/2/2010,6:24:23 PM,27.4485,57.8266,35,,DSN      ,mb    ,2.7
14861861,ke  ,ISC      ,7/2/2010,10:34:48 PM,28.3022,52.4404,16,TRUE,ISC      ,mb    ,3.8
601077872,ke  ,DSN      ,7/4/2010,11:41:02 AM,27.4258,57.7634,10,,DSN      ,mb    ,3.1
600222598,ke  ,DSN      ,7/8/2010,10:29:42 AM,27.5627,57.1113,15.3,,DSN      ,mb    ,3.4
600015498,ke  ,THR      ,7/11/2010,5:25:48 AM,28.467,57.477,14.1,,THR      ,ML    ,3.5
17177860,ke  ,ISC      ,7/14/2010,2:12:51 PM,26.9504,56.2219,14,TRUE,ISC      ,mb    ,4
600300068,ke  ,DSN      ,7/18/2010,6:22:43 PM,27.3443,56.4733,10,,DSN      ,mb    ,3.1
600222599,ke  ,OMAN     ,7/18/2010,7:35:22 PM,25.689,56.9804,20,,         ,      ,
600240799,ke  ,DSN      ,7/19/2010,8:50:59 AM,26.1843,55.4103,28.7,,DSN      ,mb    ,3.1
14998223,ke  ,ISC      ,7/20/2010,7:20:02 AM,30.8166,49.7928,14,,ISC      ,mb    ,4.4
14998998,de  ,ISC      ,7/20/2010,7:38:11 PM,27.0269,53.9061,14.4,,ISC      ,mb    ,5.7
14998999,fe  ,ISC      ,7/20/2010,7:50:11 PM,27.0243,53.8867,14,,ISC      ,mb    ,5
14999000,ke  ,ISC      ,7/20/2010,8:01:28 PM,27.0581,53.8587,19,TRUE,ISC      ,mb    ,3.7
17178480,ke  ,ISC      ,7/20/2010,8:24:54 PM,26.9531,53.9366,19,TRUE,ISC      ,mb    ,3.8
17178490,ke  ,ISC      ,7/20/2010,9:36:08 PM,27.0195,53.9385,19,TRUE,ISC      ,mb    ,3.5
17178498,ke  ,ISC      ,7/20/2010,10:16:45 PM,26.9511,53.921,19,TRUE,ISC      ,mb    ,3.5
17178509,ke  ,ISC      ,7/21/2010,1:28:25 AM,26.9774,54.0331,19,TRUE,ISC      ,mb    ,3.5
15003220,ke  ,ISC      ,7/21/2010,4:01:27 PM,27.1359,53.9898,19,TRUE,ISC      ,mb    ,3.8
17178620,ke  ,ISC      ,7/22/2010,3:18:20 AM,27.1036,53.8513,19,TRUE,ISC      ,mb    ,3.6
17178624,ke  ,ISC      ,7/22/2010,5:13:05 AM,26.7546,55.3267,10,TRUE,ISC      ,mb    ,3.7
600222642,ke  ,CSEM     ,7/23/2010,8:39:25 AM,26.734,54.5247,10,TRUE,CSEM     ,mb    ,3.2
15008113,ke  ,ISC      ,7/24/2010,12:34:17 PM,27.0224,53.6456,27,,ISC      ,mb    ,4.7
15027648,ke  ,ISC      ,7/24/2010,4:05:24 PM,28.001,56.5033,28,TRUE,ISC      ,mb    ,4
17179149,ke  ,ISC      ,7/27/2010,6:43:52 PM,28.0037,57.2173,24,TRUE,ISC      ,mb    ,3.4
17179206,ke  ,ISC      ,7/28/2010,3:39:23 PM,27.741,57.8209,10,TRUE,ISC      ,mb    ,3.5
600300104,ke  ,DSN      ,7/29/2010,4:02:30 PM,27.1648,54.1386,15,,DSN      ,mb    ,2.5
17179475,ke  ,IDC      ,8/1/2010,6:04:47 AM,26.6939,54.5639,0,TRUE,IDC      ,mb    ,3.6
17179492,ke  ,ISC      ,8/1/2010,3:33:22 PM,26.8498,53.7699,19,TRUE,ISC      ,mb    ,3.6
17504067,ke  ,DSN      ,8/5/2010,1:40:25 AM,27.3534,53.4095,15,,DSN      ,mb    ,3.4
15075860,ke  ,ISC      ,8/6/2010,7:00:00 AM,27.0497,53.8246,19,TRUE,ISC      ,mb    ,4.3
15166590,ke  ,ISC      ,8/7/2010,3:34:12 AM,27.8471,54.6972,17,TRUE,ISC      ,mb    ,3.8
15114291,ke  ,ISC      ,8/8/2010,10:54:17 PM,29.6625,56.7555,10,TRUE,ISC      ,mb    ,3.6
15082086,ke  ,ISC      ,8/11/2010,9:06:46 AM,27.0035,55.6875,12,TRUE,ISC      ,mb    ,4.3
17180639,ke  ,ISC      ,8/18/2010,1:01:38 AM,27.0863,53.8995,19,TRUE,ISC      ,mb    ,3.7
600300174,ke  ,DSN      ,8/18/2010,7:31:48 PM,28.1929,55.8739,10,,DSN      ,mb    ,3.3
600300212,ke  ,DSN      ,8/24/2010,9:58:05 AM,27.0077,55.8233,4.1,,DSN      ,mb    ,2.9
600300255,ke  ,DSN      ,9/1/2010,7:38:19 AM,25.1484,56.0293,0,,DSN      ,mb    ,1.3
17181356,ke  ,IDC      ,9/1/2010,11:02:10 PM,27.8811,54.8913,0,TRUE,IDC      ,mb    ,3.5
600300264,ke  ,DSN      ,9/3/2010,3:31:36 PM,27.4415,56.2278,0,,         ,      ,
600222652,ke  ,OMAN     ,9/3/2010,10:15:05 PM,31.9132,56.2083,5,TRUE,DSN      ,mb    ,3.1
600300267,ke  ,DSN      ,9/4/2010,3:37:20 PM,26.8011,56.769,10,,DSN      ,mb    ,2.6
600208332,ke  ,ISC      ,9/7/2010,2:11:06 AM,27.078,54.6313,23,,ISC      ,mb    ,5.2
600212987,ke  ,OMAN     ,9/9/2010,3:42:36 AM,26.7544,55.7147,0,,CSEM     ,ML    ,3.4
600300301,ke  ,DSN      ,9/10/2010,4:06:32 PM,26.9852,56.1617,10,,DSN      ,mb    ,2.8
17181972,ke  ,ISC      ,9/11/2010,4:32:09 PM,26.4938,54.602,10,TRUE,ISC      ,mb    ,3.4
600300315,ke  ,DSN      ,9/13/2010,6:51:41 AM,25.1371,56.0411,0,,DSN      ,mb    ,1
600300331,ke  ,DSN      ,9/17/2010,2:33:49 PM,27.8833,57.4333,12,,DSN      ,mb    ,2.7
600300358,ke  ,DSN      ,9/24/2010,9:56:34 PM,25.8067,54.9965,10,,DSN      ,mb    ,2.1
600300361,ke  ,DSN      ,9/25/2010,11:59:24 PM,27.4454,56.8095,10.1,,DSN      ,mb    ,2.8
15212391,ke  ,ISC      ,9/26/2010,7:28:40 AM,28.1965,57.5497,30,TRUE,ISC      ,mb    ,3.9
17182716,ke  ,ISC      ,9/27/2010,5:53:46 AM,26.9605,53.7814,19,TRUE,ISC      ,mb    ,3.6
600300380,ke  ,DSN      ,9/28/2010,11:42:12 AM,25.199,56.2707,16.9,,DSN      ,mb    ,2
600212998,ke  ,CSEM     ,9/29/2010,4:04:45 PM,26.6204,56.583,2,,CSEM     ,ML    ,2.9
17183154,ke  ,ISC      ,10/3/2010,7:12:18 PM,27.6825,56.7163,18,TRUE,ISC      ,mb    ,3.8
600300648,ke  ,DSN      ,10/4/2010,3:46:44 PM,27.2635,54.6925,10,,DSN      ,mb    ,2.9
601542185,ke  ,CSEM     ,10/6/2010,7:27:44 PM,27.26,54.03,26,TRUE,CSEM     ,ML    ,2.9
600301313,ke  ,DSN      ,10/15/2010,10:42:12 AM,25.6822,57.4671,10,,DSN      ,mb    ,2.3
600301314,ke  ,DSN      ,10/15/2010,8:59:12 PM,26.9063,55.9738,10,,DSN      ,mb    ,3
17183790,ke  ,ISC      ,10/16/2010,10:38:46 AM,27.6146,54.6631,25,TRUE,ISC      ,mb    ,3.6
600301426,ke  ,DSN      ,10/17/2010,4:06:56 PM,28.0756,56.5535,15,,DSN      ,mb    ,3.1
600213219,ke  ,ISC      ,10/19/2010,11:53:41 PM,27.2589,56.4719,18,TRUE,CSEM     ,ML    ,3.6
600301559,ke  ,DSN      ,10/20/2010,5:26:56 AM,26.9361,54.9655,10,,DSN      ,mb    ,2.9
600301560,ke  ,DSN      ,10/20/2010,6:12:17 AM,25.5502,56.1905,10,,DSN      ,ML    ,2
17183996,ke  ,ISC      ,10/20/2010,12:04:29 PM,27.8343,54.6746,17,TRUE,ISC      ,mb    ,3.5
601543187,ke  ,CSEM     ,10/25/2010,5:09:31 AM,28.93,57.29,18,TRUE,CSEM     ,ML    ,2.9
600301938,ke  ,DSN      ,10/25/2010,1:13:58 PM,25.6929,57.6081,30,,DSN      ,mb    ,2.3
600213286,ke  ,DSN      ,10/28/2010,1:56:16 PM,27.2258,56.6227,20,,DSN      ,mb    ,3
17184755,ke  ,ISC      ,10/30/2010,9:52:50 AM,28.0809,55.8157,16,TRUE,ISC      ,mb    ,3.9
601543473,ke  ,CSEM     ,10/31/2010,1:43:38 PM,28.26,57.43,14,TRUE,CSEM     ,ML    ,3.2
600302135,ke  ,DSN      ,11/3/2010,4:25:05 PM,26.4208,56.4471,8,,DSN      ,mb    ,1.8
600302202,ke  ,DSN      ,11/4/2010,6:19:19 PM,28.6773,56.7594,15,,DSN      ,mb    ,3.1
15520092,ke  ,ISC      ,11/5/2010,5:16:16 AM,26.904,54.4341,18,TRUE,ISC      ,mb    ,4.2
17185081,ke  ,ISC      ,11/8/2010,11:14:56 AM,28.1283,56.9901,24,TRUE,ISC      ,mb    ,3.7
17185097,ke  ,ISC      ,11/8/2010,5:50:24 PM,26.9269,53.7515,19,TRUE,ISC      ,mb    ,3.8
17185103,ke  ,ISC      ,11/8/2010,6:31:34 PM,27.0743,53.9171,19,TRUE,ISC      ,mb    ,3.4
15610725,ke  ,ISC      ,11/10/2010,1:49:09 PM,27.8565,56.9863,22.2,,ISC      ,mb    ,5
600302622,ke  ,DSN      ,11/10/2010,2:59:00 PM,28.1137,57.3943,11.6,,DSN      ,mb    ,3.7
15933103,fe  ,ISC      ,11/10/2010,8:41:00 PM,36.6561,70.8827,244.9,,ISC      ,mb    ,4.3
17185175,ke  ,ISC      ,11/11/2010,12:57:48 PM,27.5915,54.4831,25,TRUE,ISC      ,mb    ,3.6
600018216,ke  ,DSN      ,11/11/2010,1:19:48 PM,27.9016,56.9929,20,,DSN      ,mb    ,3.4
15620286,ke  ,ISC      ,11/11/2010,1:37:34 PM,27.8684,57.0864,22.9,,ISC      ,mb    ,4.7
600302656,ke  ,DSN      ,11/11/2010,2:45:15 PM,27.8888,57.3233,10,,DSN      ,mb    ,3.3
17505454,ke  ,DSN      ,11/11/2010,7:00:48 PM,27.9968,56.9603,10,,DSN      ,mb    ,3.3
15629427,ke  ,ISC      ,11/11/2010,10:20:01 PM,27.418,55.2964,16.2,,ISC      ,mb    ,4.7
600302747,ke  ,DSN      ,11/13/2010,12:41:37 AM,27.6458,56.1704,10.5,,DSN      ,mb    ,2.6
15652321,ke  ,ISC      ,11/14/2010,2:49:27 PM,26.3736,57.4166,10,TRUE,ISC      ,mb    ,4.1
600302795,ke  ,DSN      ,11/14/2010,2:54:12 PM,26.8884,57.1659,10.1,,DSN      ,mb    ,3.3
600302848,ke  ,DSN      ,11/15/2010,9:33:40 PM,27.852,55.6538,11,,DSN      ,mb    ,3
15655305,ke  ,ISC      ,11/16/2010,1:19:20 PM,27.8626,57.1177,27.2,,ISC      ,mb    ,4.3
600302965,ke  ,DSN      ,11/18/2010,3:40:19 PM,27.1193,55.708,13.6,,DSN      ,mb    ,2.8
600302966,ke  ,DSN      ,11/18/2010,5:59:28 PM,27.0681,55.6423,13.6,,DSN      ,mb    ,2.5
601552624,ke  ,CSEM     ,11/19/2010,12:47:41 AM,28.18,57.26,40,TRUE,CSEM     ,ML    ,3.2
17185704,ke  ,ISC      ,11/19/2010,2:36:47 PM,26.3386,57.568,10,TRUE,ISC      ,mb    ,3.4
600303002,ke  ,DSN      ,11/19/2010,4:04:34 PM,27.4838,57.8908,13.6,,DSN      ,mb    ,2.8
17185763,ke  ,ISC      ,11/21/2010,4:34:09 AM,27.1536,54.3772,18,TRUE,ISC      ,mb    ,3.8
600303133,ke  ,DSN      ,11/22/2010,9:44:26 AM,28.1666,57.1519,15,,DSN      ,mb    ,3.4
600018219,ke  ,DSN      ,11/22/2010,10:04:32 AM,27.797,57.2697,15,,DSN      ,mb    ,3.4
600303134,ke  ,DSN      ,11/22/2010,10:30:59 AM,27.8613,57.2176,15,,DSN      ,mb    ,3.2
600303135,ke  ,DSN      ,11/22/2010,12:19:03 PM,27.6317,57.7083,15,,DSN      ,mb    ,3
17185853,ke  ,ISC      ,11/22/2010,5:16:06 PM,27.9161,57.0316,24,TRUE,ISC      ,mb    ,3.6
600018220,ke  ,DSN      ,11/22/2010,9:39:40 PM,27.9267,57.0641,15,,DSN      ,mb    ,3.4
600018222,ke  ,THR      ,11/23/2010,1:03:24 PM,28.168,57.731,15,,THR      ,ML    ,3.6
17185928,ke  ,ISC      ,11/24/2010,12:38:36 AM,30.7098,56.7077,10,TRUE,ISC      ,mb    ,3.8
601552802,ke  ,CSEM     ,11/24/2010,9:40:38 PM,27.89,57.19,35,TRUE,CSEM     ,ML    ,3.4
15674101,fe  ,ISC      ,11/26/2010,12:33:44 PM,28.0524,52.5534,19.5,,ISC      ,mb    ,5.6
600303395,ke  ,DSN      ,11/28/2010,11:48:56 PM,27.7547,56.9573,10.1,,DSN      ,mb    ,2.9
600303419,ke  ,DSN      ,11/29/2010,6:54:59 AM,26.8972,56.1922,10.1,,DSN      ,mb    ,2.4
17186288,ke  ,ISC      ,12/2/2010,2:48:46 AM,27.9764,56.7884,24,TRUE,ISC      ,mb    ,3.7
17186359,ke  ,ISC      ,12/3/2010,3:04:53 AM,26.8297,55.1556,17,TRUE,ISC      ,mb    ,3.6
17186836,ke  ,IDC      ,12/11/2010,3:01:02 PM,27.9031,56.4336,0,TRUE,IDC      ,mb    ,3.6
17186878,ke  ,ISC      ,12/12/2010,2:29:34 PM,27.3465,55.9528,15,TRUE,ISC      ,mb    ,3.8
17187034,ke  ,ISC      ,12/15/2010,12:03:49 AM,28.297,56.3428,44,TRUE,ISC      ,mb    ,3.5
600304010,ke  ,DSN      ,12/15/2010,7:12:05 AM,25.0465,56.0609,0,,DSN      ,mb    ,1.6
600304011,ke  ,DSN      ,12/15/2010,7:55:38 PM,27.2527,55.9528,15,,DSN      ,mb    ,3
17187089,ke  ,ISC      ,12/15/2010,8:59:01 PM,27.0512,54.8185,17,TRUE,ISC      ,mb    ,3.5
600304062,ke  ,DSN      ,12/16/2010,2:05:16 AM,26.4662,54.7555,15,,DSN      ,mb    ,2.7
15925380,ke  ,ISC      ,12/16/2010,2:08:05 AM,27.7998,56.3405,28,TRUE,ISC      ,mb    ,4.1
17187135,ke  ,ISC      ,12/16/2010,5:43:00 PM,27.825,54.3627,17,TRUE,ISC      ,mb    ,3.6
15806358,ke  ,ISC      ,12/17/2010,7:39:22 AM,27.431,57.7634,24.9,,ISC      ,mb    ,4.3
15810852,ke  ,ISC      ,12/18/2010,6:05:44 AM,37.3526,20.3059,28.1,,ISC      ,mb    ,4.8
17187278,ke  ,IDC      ,12/19/2010,10:33:09 AM,28.2294,57.3533,0,TRUE,IDC      ,mb    ,3.6
600304136,ke  ,DSN      ,12/19/2010,9:48:00 PM,28.0769,56.8167,18,,DSN      ,mb    ,2.7
15813625,de  ,ISC      ,12/20/2010,6:42:00 PM,28.3938,59.1592,14.8,,ISC      ,mb    ,5.9
15898470,ke  ,ISC      ,12/20/2010,11:08:55 PM,28.3124,59.3907,10,TRUE,ISC      ,mb    ,3.5
15850500,ke  ,ISC      ,12/22/2010,7:04:50 PM,26.2779,57.9743,25.1,,ISC      ,mb    ,4.4
601607853,ke  ,CSEM     ,12/22/2010,7:37:38 PM,28.16,56.51,35,TRUE,CSEM     ,ML    ,2.9
600304364,ke  ,DSN      ,12/23/2010,12:07:52 AM,25.9118,56.2393,15,,DSN      ,mb    ,1.4
17188308,ke  ,ISC      ,12/25/2010,5:54:12 AM,28.1034,57.6971,30,TRUE,ISC      ,mb    ,3.5
600018226,ke  ,DSN      ,12/26/2010,12:09:13 AM,28.1736,57.0852,15.2,,DSN      ,mb    ,3.5
17188639,ke  ,ISC      ,12/27/2010,7:56:50 AM,26.9445,53.9279,19,TRUE,ISC      ,mb    ,3.5
601668369,ke  ,ISC      ,1/1/2011,1:13:03 AM,27.3261,55.8491,15,TRUE,TEH      ,ML    ,2.9
601902282,ke  ,TEH      ,1/1/2011,9:30:44 AM,28.913,55.581,5,,TEH      ,ML    ,2.7
17189121,ke  ,ISC      ,1/1/2011,10:29:31 AM,28.2132,57.7164,30,TRUE,ISC      ,mb    ,4
601668386,ke  ,ISC      ,1/6/2011,12:45:09 AM,27.6231,56.7628,22.5,,DSN      ,mb    ,2.7
15910813,ke  ,ISC      ,1/9/2011,1:13:08 PM,27.6759,54.1919,23,TRUE,ISC      ,mb    ,4.1
601668399,ke  ,ISC      ,1/9/2011,8:56:44 PM,27.5882,56.6343,12.3,,CSEM     ,ML    ,3.1
601668410,ke  ,ISC      ,1/10/2011,10:57:56 AM,29.261,56.7784,10,TRUE,THR      ,ML    ,3.5
601668411,ke  ,DSN      ,1/10/2011,11:44:04 PM,27.5802,56.5324,10,,DSN      ,mb    ,2.8
601668415,ke  ,ISC      ,1/11/2011,8:09:04 AM,27.575,56.6622,8.9,,CSEM     ,ML    ,3
17190217,ke  ,ISC      ,1/14/2011,9:54:08 PM,26.704,55.4612,10,TRUE,ISC      ,mb    ,3.8
17190354,ke  ,ISC      ,1/16/2011,11:38:30 PM,28.3271,53.9921,24,TRUE,ISC      ,mb    ,3.6
601902714,ke  ,CSEM     ,1/18/2011,4:06:53 AM,28.2605,55.9437,10,TRUE,CSEM     ,ML    ,2.8
601846536,ke  ,ISC      ,1/18/2011,6:57:26 AM,27.8628,56.5019,10,TRUE,ISC      ,mb    ,3.8
15934903,fe  ,ISC      ,1/18/2011,11:26:02 AM,28.2005,56.3686,28,TRUE,ISC      ,mb    ,4.6
15942526,ke  ,ISC      ,1/18/2011,11:34:10 AM,28.2189,56.4522,28,TRUE,ISC      ,mb    ,4
601902683,ke  ,CSEM     ,1/18/2011,1:56:46 PM,28.216,55.78,10,,CSEM     ,ML    ,2.9
17190493,ke  ,ISC      ,1/18/2011,5:12:23 PM,28.2142,56.513,28,TRUE,ISC      ,mb    ,3.3
601902782,ke  ,CSEM     ,1/19/2011,1:00:52 AM,28.258,56.6722,15,TRUE,CSEM     ,ML    ,2.9
601902775,ke  ,TEH      ,1/19/2011,6:12:21 AM,28.159,56.384,34.3,,TEH      ,ML    ,2.6
601902769,ke  ,TEH      ,1/19/2011,10:39:52 AM,27.052,54.078,4.8,,TEH      ,ML    ,3.2
601902722,ke  ,TEH      ,1/19/2011,10:28:12 PM,28.299,56.859,14.2,,TEH      ,ML    ,2.7
601902720,ke  ,TEH      ,1/19/2011,11:01:27 PM,28.868,57.226,23.7,,TEH      ,ML    ,2.9
17190600,ke  ,ISC      ,1/20/2011,3:33:28 AM,27.8579,54.255,17,TRUE,ISC      ,mb    ,3.6
601902852,ke  ,TEH      ,1/21/2011,9:02:04 PM,28.431,56.598,10,,TEH      ,ML    ,2.7
17190765,ke  ,ISC      ,1/22/2011,9:07:00 PM,28.1448,56.3889,28,TRUE,ISC      ,mb    ,3.6
601902884,ke  ,TEH      ,1/23/2011,1:17:20 PM,28.934,57.782,6,,TEH      ,ML    ,2.6
601668468,ke  ,DSN      ,1/25/2011,2:12:52 AM,25.7178,57.5826,15,,DSN      ,mb    ,2.1
17190965,ke  ,ISC      ,1/25/2011,1:59:25 PM,26.8892,55.9643,14,TRUE,ISC      ,mb    ,3.5
601902920,ke  ,TEH      ,1/25/2011,7:32:35 PM,28.268,56.323,16.3,,TEH      ,ML    ,2.7
601990163,ke  ,ISC      ,1/27/2011,8:38:30 AM,28.151,59.052,18.5,,ISC      ,mb    ,5.7
16012671,ke  ,ISC      ,1/27/2011,11:12:51 PM,28.037,59.1336,10,TRUE,ISC      ,mb    ,3.6
601686433,ke  ,ISC      ,1/28/2011,12:19:53 AM,28.1497,59.0933,10,TRUE,THR      ,ML    ,3.5
601903145,ke  ,TEH      ,1/28/2011,8:46:30 AM,28.26,56.568,16.6,,TEH      ,ML    ,2.9
601668483,ke  ,ISC      ,1/29/2011,7:43:48 PM,28.2144,56.3692,10,TRUE,DSN      ,mb    ,3.1
601668491,ke  ,DSN      ,1/30/2011,6:03:18 PM,25.5006,56.3284,16,,DSN      ,mb    ,2
601668506,ke  ,DSN      ,2/2/2011,1:05:42 PM,27.7497,56.1683,10,,DSN      ,mb    ,2.9
17191749,ke  ,ISC      ,2/5/2011,4:20:12 PM,28.1775,56.4194,28,TRUE,ISC      ,mb    ,3.6
601668517,ke  ,ISC      ,2/5/2011,9:08:05 PM,26.6306,55.1513,17,TRUE,DSN      ,mb    ,3.2
16007693,ke  ,ISC      ,2/6/2011,8:13:14 AM,28.1853,56.4016,28,TRUE,ISC      ,mb    ,4.6
17191819,ke  ,ISC      ,2/6/2011,6:51:08 PM,28.3596,54.0134,24,TRUE,ISC      ,mb    ,3.6
601668528,ke  ,DSN      ,2/7/2011,8:02:15 PM,26.0967,57.5961,10,,DSN      ,mb    ,2.5
601668544,ke  ,ISC      ,2/11/2011,6:21:09 PM,27.8266,56.5788,15.6,,DSN      ,mb    ,3
601668548,ke  ,DSN      ,2/12/2011,4:03:30 AM,26.9128,56.2335,10,,DSN      ,mb    ,2.9
602001543,ke  ,TEH      ,2/13/2011,8:41:54 PM,28.153,56.224,23.6,,TEH      ,ML    ,2.8
16168085,ke  ,ISC      ,2/18/2011,2:33:40 PM,28.1087,55.8664,16,TRUE,ISC      ,mb    ,4
17192494,ke  ,ISC      ,2/18/2011,4:53:32 PM,26.8213,54.4254,18,TRUE,ISC      ,mb    ,3.5
17192495,ke  ,ISC      ,2/18/2011,5:13:29 PM,26.7747,54.4166,18,TRUE,ISC      ,mb    ,3.6
16168877,ke  ,ISC      ,2/19/2011,8:12:56 AM,26.7832,54.4345,18,TRUE,ISC      ,mb    ,3.7
601668596,ke  ,OMAN     ,2/20/2011,3:44:43 PM,25.2806,56.1736,0.7,,CSEM     ,ML    ,2.4
601668604,ke  ,DSN      ,2/22/2011,10:22:00 PM,27.8139,56.735,14,,DSN      ,mb    ,2.8
16136364,ke  ,ISC      ,2/23/2011,3:26:00 AM,26.7691,57.5697,25,TRUE,ISC      ,mb    ,4.3
602002344,ke  ,CSEM     ,3/1/2011,3:42:13 PM,28.1558,54.6493,20,TRUE,CSEM     ,ML    ,2.9
17193162,ke  ,ISC      ,3/2/2011,11:19:17 PM,27.1901,54.2538,18,TRUE,ISC      ,mb    ,3.7
16196695,fe  ,ISC      ,3/5/2011,8:42:51 PM,28.2813,57.1298,27.9,,ISC      ,mb    ,5.2
17193316,ke  ,ISC      ,3/6/2011,12:25:24 AM,27.1911,55.0077,17,TRUE,ISC      ,mb    ,3.6
601846864,ke  ,OMAN     ,3/6/2011,1:20:30 PM,27.2419,56.5546,32,TRUE,         ,      ,
602002695,ke  ,TEH      ,3/7/2011,11:22:13 PM,27.213,54.906,8,,TEH      ,ML    ,2.9
601847483,ke  ,OMAN     ,3/13/2011,5:33:02 AM,25.0795,56.1708,2,TRUE,         ,      ,
16311653,ke  ,ISC      ,3/14/2011,7:55:10 AM,27.805,56.7508,19.8,,ISC      ,mb    ,4.8
601847487,ke  ,OMAN     ,3/14/2011,8:33:43 AM,26.9948,56.6539,5,TRUE,         ,      ,
17196916,ke  ,ISC      ,3/18/2011,2:17:48 AM,28.1958,56.3944,28,TRUE,ISC      ,mb    ,3.9
16427654,ke  ,ISC      ,3/18/2011,2:26:08 AM,28.0964,56.4273,28,TRUE,ISC      ,mb    ,4.1
602003253,ke  ,TEH      ,3/18/2011,2:59:21 AM,28.19,56.411,26.5,,TEH      ,ML    ,2.8
17197076,ke  ,ISC      ,3/18/2011,8:04:51 PM,28.2379,56.3925,28,TRUE,ISC      ,mb    ,3.6
16337766,fe  ,ISC      ,3/18/2011,9:49:55 PM,28.1707,56.383,28,TRUE,ISC      ,mb    ,4.7
601668874,ke  ,CSEM     ,3/19/2011,6:27:18 PM,26.649,56.4571,2,,CSEM     ,ML    ,2.9
601668878,ke  ,DSN      ,3/20/2011,8:57:38 AM,27.5502,56.4766,16.6,,DSN      ,ML    ,2.9
601668879,ke  ,DSN      ,3/20/2011,9:00:53 AM,28.5798,56.5743,16.6,,DSN      ,ML    ,3.2
601847496,ke  ,OMAN     ,3/21/2011,5:33:11 AM,25.7773,55.9969,0.1,,         ,      ,
601847497,ke  ,ISC      ,3/21/2011,2:59:13 PM,29.0544,57.2145,10,TRUE,TEH      ,ML    ,3.2
601668896,ke  ,ISC      ,3/22/2011,12:44:38 AM,28.0606,51.6442,16,TRUE,CSEM     ,ML    ,2.8
16450715,ke  ,ISC      ,3/22/2011,2:32:09 AM,27.998,59.457,10,TRUE,ISC      ,mb    ,3.9
602003378,ke  ,TEH      ,3/22/2011,5:51:39 AM,28.426,57.609,22.3,,TEH      ,ML    ,2.8
601668898,ke  ,ISC      ,3/22/2011,11:56:27 PM,27.4991,56.2475,11.3,,DSN      ,ML    ,2.9
601847504,ke  ,OMAN     ,3/23/2011,5:06:07 AM,25.54,56.0334,8.3,,         ,      ,
601668925,ke  ,DSN      ,3/25/2011,7:18:09 AM,26.7934,54.586,10,,DSN      ,ML    ,2.5
601668926,ke  ,DSN      ,3/25/2011,10:01:26 PM,26.3349,55.695,39,,DSN      ,ML    ,2.5
601668935,ke  ,ISC      ,3/28/2011,1:13:07 AM,27.4921,56.1551,15,TRUE,TEH      ,ML    ,3.1
17199018,ke  ,ISC      ,3/29/2011,2:47:55 AM,27.2742,56.4479,17,,ISC      ,mb    ,3.2
601668940,ke  ,CSEM     ,3/29/2011,4:15:14 PM,27.7465,56.6368,10,,CSEM     ,ML    ,2.8
601847519,ke  ,OMAN     ,3/29/2011,11:13:21 PM,26.3734,57.4906,20,TRUE,         ,      ,
602003706,ke  ,CSEM     ,3/30/2011,11:07:29 PM,27.2915,56.3917,6.3,,CSEM     ,ML    ,2.9
602003796,ke  ,TEH      ,3/31/2011,4:27:58 AM,28.524,56.896,0.9,,TEH      ,ML    ,2.9
602003764,ke  ,TEH      ,3/31/2011,3:07:29 PM,27.611,54.295,5,,TEH      ,ML    ,2.7
17199376,ke  ,ISC      ,4/1/2011,2:03:19 AM,27.3246,55.6918,15,TRUE,ISC      ,mb    ,3.4
602003822,ke  ,TEH      ,4/2/2011,7:00:39 PM,27.258,54.327,10,,TEH      ,ML    ,2.7
602003845,ke  ,TEH      ,4/4/2011,4:59:57 AM,28.237,57.284,20.4,,TEH      ,ML    ,3
602003972,ke  ,ISC      ,4/13/2011,7:10:59 AM,28.6685,56.6286,10,TRUE,IDC      ,mb    ,3.3
601669023,ke  ,ISC      ,4/15/2011,5:26:01 AM,26.9302,55.9131,14,TRUE,CSEM     ,ML    ,3.1
17201355,ke  ,ISC      ,4/17/2011,8:36:20 PM,27.7074,54.6727,58,,ISC      ,mb    ,3.5
601669046,ke  ,ISC      ,4/20/2011,4:20:31 PM,26.8046,55.789,14,TRUE,DSN      ,ML    ,3.3
601669056,ke  ,DSN      ,4/21/2011,11:06:19 PM,26.8898,56.1064,10.5,,DSN      ,ML    ,2.5
602587121,ke  ,OMAN     ,4/25/2011,1:55:29 AM,25.7726,56.1054,8.1,,         ,      ,
602587123,ke  ,OMAN     ,4/25/2011,6:23:08 AM,26.1125,56.3014,4,TRUE,         ,      ,
17202100,ke  ,ISC      ,4/26/2011,1:43:26 AM,26.6703,55.4629,10,TRUE,ISC      ,mb    ,3.5
602004103,ke  ,CSEM     ,4/26/2011,8:11:04 PM,27.7244,57.4086,20,,CSEM     ,ML    ,2.9
17202214,ke  ,ISC      ,4/27/2011,7:21:44 AM,28.3904,55.8205,10,TRUE,ISC      ,mb    ,3.4
602004126,ke  ,TEH      ,4/28/2011,7:40:53 PM,27.906,55.04,3.4,,TEH      ,ML    ,2.9
602587360,ke  ,OMAN     ,5/1/2011,4:58:36 AM,25.1989,56.3279,3.9,,         ,      ,
17202633,ke  ,ISC      ,5/2/2011,7:40:08 PM,28.1518,56.4808,28,TRUE,ISC      ,mb    ,3.2
601669121,ke  ,ISC      ,5/7/2011,1:01:55 AM,26.9329,55.9241,14,TRUE,TEH      ,ML    ,2.9
602004208,ke  ,TEH      ,5/7/2011,3:56:27 AM,28.487,57.37,2.9,,TEH      ,ML    ,3.1
17202980,ke  ,ISC      ,5/7/2011,9:44:52 AM,28.2507,54.0036,24,TRUE,IDC      ,mb    ,3.1
602004212,ke  ,CSEM     ,5/7/2011,2:15:59 PM,28.4176,57.1523,20,,CSEM     ,ML    ,3.1
602004222,ke  ,TEH      ,5/8/2011,11:44:21 AM,30.809,57.476,3.5,,TEH      ,ML    ,2.8
601669138,ke  ,DSN      ,5/8/2011,11:46:13 AM,26.852,56.0867,10.5,,DSN      ,ML    ,3.1
602004234,ke  ,TEH      ,5/9/2011,8:26:42 AM,28.166,54.391,5,,TEH      ,ML    ,3.1
602587374,ke  ,OMAN     ,5/11/2011,4:30:53 AM,25.1123,56.3335,17.7,,         ,      ,
602587375,ke  ,OMAN     ,5/11/2011,5:49:38 AM,25.1501,55.9766,4,TRUE,         ,      ,
601669161,ke  ,CSEM     ,5/12/2011,6:57:23 AM,25.1377,56.1703,10,,CSEM     ,ML    ,1.9
602587377,ke  ,ISC      ,5/12/2011,6:45:56 PM,29.0066,56.7462,10,TRUE,ISC      ,mb    ,3.5
601669174,ke  ,ISC      ,5/14/2011,6:45:33 PM,27.3802,57.7531,10,TRUE,TEH      ,ML    ,3.3
602587383,ke  ,OMAN     ,5/16/2011,8:05:48 AM,26.0684,56.1355,24.7,TRUE,         ,      ,
602004299,ke  ,CSEM     ,5/16/2011,9:41:06 PM,27.108,54.7238,2,,CSEM     ,ML    ,2.9
602004306,ke  ,TEH      ,5/17/2011,9:05:18 AM,27.911,56.522,13.7,,TEH      ,ML    ,3
601669214,km  ,CSEM     ,5/22/2011,6:03:15 AM,25.2522,56.1078,2,,CSEM     ,ML    ,1.2
601669226,km  ,DSN      ,5/23/2011,4:51:39 AM,25.2572,56.2176,0,,DSN      ,ML    ,1.7
17204402,ke  ,ISC      ,5/24/2011,8:26:08 PM,27.7534,54.2723,17,TRUE,ISC      ,mb    ,3.7
602004397,ke  ,TEH      ,5/27/2011,4:37:17 PM,27.229,56.642,36,,TEH      ,ML    ,2.9
602004415,ke  ,TEH      ,5/29/2011,9:04:54 AM,28.819,55.558,5,,TEH      ,ML    ,2.7
601669253,ke  ,ISC      ,5/31/2011,1:45:23 PM,27.8721,57.3092,30,TRUE,DSN      ,ML    ,3.7
17204923,ke  ,ISC      ,6/1/2011,8:45:16 PM,28.3939,55.0935,10,TRUE,ISC      ,mb    ,3.5
602004446,ke  ,TEH      ,6/1/2011,9:23:52 PM,28.293,54.788,19.6,,TEH      ,ML    ,2.9
17205441,ke  ,ISC      ,6/7/2011,1:22:48 AM,27.9797,56.666,28,TRUE,ISC      ,mb    ,4.1
602587399,ke  ,OMAN     ,6/7/2011,5:11:47 AM,25.8844,57.4863,9.5,,         ,      ,
601653808,ke  ,DSN      ,6/9/2011,5:16:48 AM,25.0511,56.0409,0,,DSN      ,ML    ,1.8
602004520,ke  ,TEH      ,6/12/2011,2:33:29 PM,28.339,57.417,28.1,,TEH      ,ML    ,3.1
601654162,ke  ,CSEM     ,6/13/2011,5:16:31 AM,25.229,56.119,10,,CSEM     ,ML    ,1.7
602004527,ke  ,TEH      ,6/13/2011,9:10:44 PM,28.068,55.929,34.7,,TEH      ,ML    ,2.7
602587405,ke  ,OMAN     ,6/14/2011,7:33:52 AM,26.0835,56.2572,6,TRUE,         ,      ,
16598349,ke  ,ISC      ,6/15/2011,1:03:16 AM,27.923,57.7445,10,TRUE,ISC      ,mb    ,4.3
16730515,ke  ,ISC      ,6/15/2011,1:04:31 AM,27.7595,57.8691,10,TRUE,ISC      ,mb    ,3.9
17206144,fe  ,ISC      ,6/15/2011,1:05:29 AM,27.9499,57.6566,33.3,,ISC      ,mb    ,5.3
16598351,ke  ,ISC      ,6/15/2011,1:10:51 AM,27.8439,57.9194,10,TRUE,ISC      ,mb    ,4.2
16598352,ke  ,ISC      ,6/15/2011,1:12:46 AM,28.0046,57.6494,30,TRUE,ISC      ,mb    ,4.2
16598353,ke  ,ISC      ,6/15/2011,1:15:14 AM,27.8643,57.6648,30,TRUE,ISC      ,mb    ,3.8
602004548,ke  ,TEH      ,6/15/2011,1:25:34 AM,27.993,57.631,21.6,,TEH      ,ML    ,3.1
602004549,ke  ,TEH      ,6/15/2011,1:27:14 AM,27.778,57.745,30.1,,TEH      ,ML    ,3.2
602004550,ke  ,TEH      ,6/15/2011,1:43:45 AM,27.854,57.594,31.6,,TEH      ,ML    ,3.2
602004551,ke  ,TEH      ,6/15/2011,1:49:22 AM,27.787,57.751,22.5,,TEH      ,ML    ,2.6
16598356,ke  ,ISC      ,6/15/2011,2:00:54 AM,27.9542,57.6086,30,TRUE,ISC      ,mb    ,3.9
16598358,ke  ,ISC      ,6/15/2011,2:35:49 AM,27.907,57.6437,30,TRUE,ISC      ,mb    ,3.9
16598359,ke  ,ISC      ,6/15/2011,2:45:57 AM,27.7725,57.8007,10,TRUE,ISC      ,mb    ,4.3
602004552,ke  ,TEH      ,6/15/2011,2:57:29 AM,27.936,57.579,26,,TEH      ,ML    ,3
602004556,ke  ,CSEM     ,6/15/2011,4:39:45 AM,27.8966,57.5815,30,TRUE,CSEM     ,ML    ,3.3
601654272,ke  ,DSN      ,6/15/2011,4:48:05 AM,25.2773,56.2312,0,,DSN      ,ML    ,1.8
602004557,ke  ,CSEM     ,6/15/2011,5:08:59 AM,27.9579,57.3517,10,,CSEM     ,ML    ,2.9
602004559,ke  ,TEH      ,6/15/2011,6:59:58 AM,27.926,57.603,30,,TEH      ,ML    ,3.2
602004561,ke  ,TEH      ,6/15/2011,8:44:45 AM,27.469,56.367,6.5,,TEH      ,ML    ,2.9
602004565,ke  ,TEH      ,6/15/2011,4:40:08 PM,27.956,57.558,19.6,,TEH      ,ML    ,3
602004567,ke  ,TEH      ,6/15/2011,9:08:26 PM,28.049,57.743,17,,TEH      ,ML    ,2.9
602004568,ke  ,TEH      ,6/15/2011,10:07:39 PM,27.977,57.677,6,,TEH      ,ML    ,2.8
17206349,ke  ,ISC      ,6/16/2011,9:59:11 PM,27.896,57.6292,30,TRUE,ISC      ,mb    ,3.6
16628223,ke  ,ISC      ,6/17/2011,5:40:20 AM,27.0469,54.2999,18,TRUE,ISC      ,mb    ,3.8
601654514,ke  ,ISC      ,6/20/2011,11:59:08 PM,27.9089,56.6124,28,TRUE,TEH      ,ML    ,3
602004605,ke  ,TEH      ,6/21/2011,1:41:07 AM,27.985,57.507,28.7,,TEH      ,ML    ,2.8
602004606,ke  ,CSEM     ,6/21/2011,2:08:13 AM,28.2786,57.0675,20,,CSEM     ,ML    ,3.1
602004614,ke  ,CSEM     ,6/21/2011,9:29:43 PM,27.8661,57.6637,20,TRUE,CSEM     ,ML    ,3
602004623,ke  ,TEH      ,6/24/2011,11:23:16 AM,27.733,57.753,16.4,,TEH      ,ML    ,2.7
601655014,ke  ,CSEM     ,6/26/2011,9:37:37 AM,26.9629,56.7332,2,,CSEM     ,ML    ,2.9
601655015,ke  ,ISC      ,6/26/2011,7:01:35 PM,27.0785,56.0485,14,TRUE,TEH      ,ML    ,3
16683829,ke  ,ISC      ,6/26/2011,7:46:59 PM,30.0347,57.6525,24.8,,ISC      ,mb    ,5
602729537,ke  ,ISC      ,6/26/2011,8:17:53 PM,28.1417,59.9707,10,TRUE,ISC      ,mb    ,4.4
17207184,ke  ,ISC      ,6/29/2011,9:54:25 AM,27.5881,54.9695,20,TRUE,ISC      ,mb    ,3.8
602004671,ke  ,CSEM     ,6/29/2011,10:20:52 AM,27.7839,55.1387,10,TRUE,CSEM     ,ML    ,3.1
17064239,ke  ,ISC      ,7/8/2011,1:10:55 PM,27.0534,53.4641,10,TRUE,ISC      ,mb    ,3.7
602587424,ke  ,OMAN     ,7/10/2011,4:22:09 AM,25.1989,56.3425,0,TRUE,         ,      ,
17064644,ke  ,ISC      ,7/10/2011,6:20:02 AM,28.3122,55.6649,22,TRUE,ISC      ,mb    ,3.6
602004742,ke  ,CSEM     ,7/10/2011,6:36:37 AM,28.3173,55.7181,10,TRUE,CSEM     ,ML    ,3
602587425,ke  ,OMAN     ,7/10/2011,9:30:51 PM,26.1603,57.6612,35.4,,         ,      ,
602587426,ke  ,OMAN     ,7/11/2011,6:31:37 AM,26.0667,56.2625,0,TRUE,         ,      ,
602004760,ke  ,TEH      ,7/12/2011,7:07:59 AM,27.934,56.888,10,,TEH      ,ML    ,2.9
602587428,ke  ,OMAN     ,7/13/2011,5:35:03 AM,25.1842,56.0142,0.7,,         ,      ,
602004786,ke  ,CSEM     ,7/17/2011,7:46:46 PM,27.7661,57.0571,20,,CSEM     ,ML    ,2.9
602587434,ke  ,OMAN     ,7/20/2011,4:15:10 AM,25.1965,56.3585,8.4,,         ,      ,
602587435,ke  ,ISC      ,7/21/2011,3:25:35 AM,28.4939,57.3603,43,TRUE,ISC      ,mb    ,3.8
17066439,ke  ,ISC      ,7/23/2011,1:04:50 AM,27.7507,54.8518,20,TRUE,ISC      ,mb    ,3.5
601656892,ke  ,DSN      ,7/24/2011,1:18:34 PM,27.2022,56.3524,15,,DSN      ,ML    ,2.9
602004884,ke  ,TEH      ,7/25/2011,12:24:49 AM,28.866,54.602,5,,TEH      ,ML    ,2.7
602587439,ke  ,ISC      ,7/25/2011,11:26:09 PM,27.4567,56.5641,12.5,,ISC      ,mb    ,3.5
16929704,ke  ,ISC      ,7/26/2011,4:58:49 AM,27.4909,56.5574,18,TRUE,ISC      ,mb    ,3.9
16910234,ke  ,ISC      ,7/28/2011,10:27:11 PM,28.1908,57.5807,30,TRUE,ISC      ,mb    ,3.9
17066877,ke  ,ISC      ,7/28/2011,10:27:23 PM,28.1243,57.4537,10,TRUE,ISC      ,mb    ,4.5
16910377,ke  ,ISC      ,7/29/2011,1:42:29 PM,28.2087,57.493,30,TRUE,ISC      ,mb    ,4
601657201,ke  ,DSN      ,7/31/2011,2:05:36 AM,27.1007,55.7027,15,,DSN      ,ML    ,2.7
602587443,ke  ,OMAN     ,8/3/2011,4:27:15 AM,25.1228,56.3768,1.3,,         ,      ,
602587446,ke  ,OMAN     ,8/3/2011,4:28:06 AM,25.3169,56.0489,3,,         ,      ,
602587447,ke  ,OMAN     ,8/3/2011,4:29:16 AM,25.1995,56.3485,8.7,,         ,      ,
602004975,ke  ,TEH      ,8/4/2011,7:58:20 AM,27.193,55.696,6,,TEH      ,ML    ,2.9
602587449,ke  ,OMAN     ,8/4/2011,11:16:33 PM,25.9689,57.3831,18.9,,         ,      ,
602005002,ke  ,ISC      ,8/6/2011,4:38:19 AM,26.9932,54.8177,17,TRUE,CSEM     ,ML    ,2.9
602587452,ke  ,OMAN     ,8/7/2011,4:36:08 AM,25.2537,56.0792,0,,         ,      ,
602587453,ke  ,OMAN     ,8/7/2011,5:31:06 AM,25.016,56.4532,6,TRUE,         ,      ,
602587454,ke  ,OMAN     ,8/7/2011,5:36:07 AM,25.2365,56.0609,6.5,,         ,      ,
602005017,ke  ,TEH      ,8/7/2011,3:03:39 PM,27.794,57.89,21,,TEH      ,ML    ,3.1
602587455,ke  ,OMAN     ,8/8/2011,3:52:23 PM,27.6073,56.6964,5,TRUE,         ,      ,
601657532,ke  ,DSN      ,8/8/2011,8:40:12 PM,27.8856,59.0507,15,,DSN      ,ML    ,3.1
602587458,ke  ,ISC      ,8/9/2011,7:25:13 PM,27.9799,57.5918,30,TRUE,ISC      ,mb    ,4
602005100,ke  ,CSEM     ,8/13/2011,6:09:09 AM,28.0906,57.0346,10,,CSEM     ,ML    ,3
601657672,ke  ,CSEM     ,8/13/2011,6:55:35 AM,27.4489,56.2078,2,,CSEM     ,ML    ,3.3
16951120,ke  ,ISC      ,8/15/2011,10:44:35 AM,28.0952,55.9065,16,TRUE,ISC      ,mb    ,4.8
602005184,ke  ,TEH      ,8/17/2011,5:33:13 AM,28.143,55.523,6,,TEH      ,ML    ,2.8
602005210,ke  ,CSEM     ,8/18/2011,1:31:41 PM,28.1274,56.0079,10,TRUE,CSEM     ,ML    ,2.8
602005214,ke  ,ISC      ,8/18/2011,8:33:04 PM,27.8058,57.4472,30,TRUE,THR      ,ML    ,3.5
17331092,ke  ,ISC      ,8/20/2011,4:14:09 AM,28.0365,55.8534,16,TRUE,ISC      ,mb    ,3.7
601658009,ke  ,DSN      ,8/20/2011,6:40:11 PM,26.8674,55.6113,28,,DSN      ,ML    ,2.9
601658010,ke  ,ISC      ,8/20/2011,10:40:33 PM,26.6469,55.3987,10,TRUE,DSN      ,ML    ,3.2
602587471,ke  ,ISC      ,8/21/2011,1:54:43 AM,27.6665,57.8251,10,TRUE,ISC      ,mb    ,3.8
602005252,ke  ,CSEM     ,8/21/2011,12:52:48 PM,27.7567,57.4197,13.7,,CSEM     ,ML    ,3.1
17331236,ke  ,ISC      ,8/22/2011,2:10:45 AM,28.0354,57.4437,30,TRUE,ISC      ,mb    ,3.5
602587473,ke  ,OMAN     ,8/22/2011,5:27:34 AM,25.2105,56.1031,0,,         ,      ,
17331557,ke  ,ISC      ,8/27/2011,3:02:08 PM,28.1067,55.9072,16,TRUE,ISC      ,mb    ,3.7
604030869,ke  ,OMAN     ,9/1/2011,3:25:53 PM,27.3555,56.2639,0.4,,         ,      ,
601658478,ke  ,DSN      ,9/2/2011,9:14:14 AM,26.4279,54.9711,15.4,,DSN      ,ML    ,3.1
17497189,ke  ,ISC      ,9/2/2011,4:35:26 PM,27.1454,54.8137,17,TRUE,ISC      ,mb    ,3.6
602005596,ke  ,TEH      ,9/2/2011,9:36:15 PM,28.193,55.847,16.8,,TEH      ,ML    ,3
602587481,ke  ,ISC      ,9/4/2011,7:56:01 PM,26.9489,55.9712,14,TRUE,ISC      ,mb    ,3.3
602005664,ke  ,TEH      ,9/5/2011,4:29:36 AM,27.506,56.242,9.9,,TEH      ,ML    ,2.6
601658604,ke  ,OMAN     ,9/5/2011,3:47:58 PM,25.322,56.1779,6,,CSEM     ,ML    ,2.2
601658638,ke  ,CSEM     ,9/6/2011,11:32:40 PM,25.2985,56.2036,10,,CSEM     ,ML    ,1.8
601658671,km  ,CSEM     ,9/7/2011,5:38:06 AM,25.151,56.061,1,TRUE,CSEM     ,ML    ,1.3
604030875,ke  ,OMAN     ,9/9/2011,1:20:29 PM,26.5412,56.4177,0,,         ,      ,
604027985,ke  ,ISC      ,9/13/2011,5:05:05 AM,27.6712,57.8706,10,TRUE,ISC      ,mb    ,3.9
17497727,ke  ,ISC      ,9/13/2011,11:21:54 PM,26.7766,54.5118,18,TRUE,ISC      ,mb    ,3.8
602006118,ke  ,TEH      ,9/14/2011,8:41:20 AM,27.925,57.509,13.1,,TEH      ,ML    ,2.6
17393800,ke  ,ISC      ,9/15/2011,4:46:07 AM,26.6496,55.2936,10,TRUE,ISC      ,mb    ,3.9
17237496,ke  ,ISC      ,9/16/2011,11:07:41 PM,28.323,54.9035,13.9,,ISC      ,mb    ,4.5
602006353,ke  ,TEH      ,9/16/2011,11:16:45 PM,28.471,54.969,22.2,,TEH      ,ML    ,2.6
17238833,ke  ,ISC      ,9/18/2011,2:38:55 AM,28.8015,57.3837,10,TRUE,ISC      ,mb    ,3.6
602006402,ke  ,TEH      ,9/19/2011,5:42:10 PM,28.602,57.039,11.8,,TEH      ,ML    ,2.8
601659221,ke  ,DSN      ,9/19/2011,6:55:42 PM,26.3462,57.5766,15,,DSN      ,ML    ,2.7
601659231,ke  ,DSN      ,9/20/2011,4:31:30 AM,25.1008,56.3403,0,,DSN      ,ML    ,1.7
601659232,ke  ,CSEM     ,9/20/2011,3:36:37 PM,26.5111,57.6063,10,,CSEM     ,ML    ,2.4
604028271,ke  ,ISC      ,9/20/2011,8:23:48 PM,27.5922,53.7591,23,TRUE,ISC      ,mb    ,3.6
601659251,ke  ,DSN      ,9/21/2011,5:37:42 AM,25.0402,56.3293,0,,DSN      ,ML    ,1.7
604028278,ke  ,OMAN     ,9/21/2011,8:06:51 AM,25.9865,56.0874,17.6,,         ,      ,
17498312,ke  ,ISC      ,9/22/2011,5:44:55 PM,27.3801,55.9595,15,TRUE,ISC      ,mb    ,3.6
602006460,ke  ,TEH      ,9/23/2011,1:37:18 PM,28.403,56.548,15,,TEH      ,ML    ,3.3
17343589,ke  ,ISC      ,9/23/2011,10:12:37 PM,26.8224,55.7729,2.5,,ISC      ,mb    ,4.1
601659333,ke  ,ISC      ,9/24/2011,7:18:06 AM,27.6105,55.7497,15,TRUE,CSEM     ,ML    ,3.4
604028327,ke  ,OMAN     ,9/24/2011,8:07:22 AM,26.1637,56.2509,7.6,,         ,      ,
604028545,ke  ,OMAN     ,9/26/2011,8:17:57 AM,25.9205,56.0078,0,,         ,      ,
601659481,km  ,CSEM     ,9/28/2011,5:37:06 AM,25.2304,56.0945,2,,CSEM     ,ML    ,1.7
602006548,ke  ,TEH      ,9/29/2011,2:13:43 AM,28.332,55.871,4.9,,TEH      ,ML    ,2.7
601659527,km  ,OMAN     ,9/29/2011,6:17:48 AM,25.0696,56.1129,2,TRUE,CSEM     ,ML    ,1.7
17455381,ke  ,ISC      ,9/30/2011,6:13:24 PM,26.379,53.8769,10,TRUE,ISC      ,mb    ,3.8
602006576,ke  ,TEH      ,9/30/2011,9:16:59 PM,28.851,55.822,26.1,,TEH      ,ML    ,2.6
604028597,ke  ,OMAN     ,10/1/2011,7:54:27 AM,26.0794,56.2071,2.2,,         ,      ,
604028598,ke  ,OMAN     ,10/1/2011,9:40:24 PM,25.5848,56.3948,2.1,,         ,      ,
604028599,ke  ,OMAN     ,10/2/2011,4:51:51 AM,25.2814,56.1314,3,TRUE,         ,      ,
604028600,ke  ,OMAN     ,10/3/2011,4:35:56 PM,27.8449,57.4358,30,TRUE,         ,      ,
602006719,ke  ,TEH      ,10/3/2011,6:59:24 PM,28.401,54.906,34.6,,TEH      ,ML    ,2.8
601659723,ke  ,DSN      ,10/4/2011,4:20:10 AM,25.2907,56.1247,0,,DSN      ,ML    ,1
601659724,ke  ,DSN      ,10/4/2011,4:23:42 AM,25.2406,56.0753,0,,DSN      ,ML    ,1.4
601659725,ke  ,CSEM     ,10/4/2011,4:43:06 AM,25.2422,56.2803,8,,CSEM     ,ML    ,1.6
601659726,ke  ,ISC      ,10/4/2011,4:57:05 AM,26.7693,55.9053,14,TRUE,TEH      ,ML    ,2.6
604028603,ke  ,OMAN     ,10/4/2011,8:11:34 AM,25.9362,56.0435,1.3,,         ,      ,
602006773,ke  ,TEH      ,10/4/2011,3:56:52 PM,28.443,56.67,1.8,,TEH      ,ML    ,2.7
601659751,ke  ,DSN      ,10/5/2011,5:08:46 AM,25.1239,56.0551,0,,DSN      ,ML    ,1.9
604028604,ke  ,OMAN     ,10/6/2011,4:43:41 AM,25.1876,56.343,5.9,,         ,      ,
602006975,ke  ,TEH      ,10/7/2011,2:26:36 AM,27.73,57.239,36,,TEH      ,ML    ,2.8
601659936,ke  ,OMAN     ,10/10/2011,5:47:06 AM,25.1187,55.9885,6.1,,CSEM     ,ML    ,1.5
602007200,ke  ,TEH      ,10/11/2011,7:22:11 PM,28.241,57.25,10.5,,TEH      ,ML    ,2.6
604028612,ke  ,OMAN     ,10/12/2011,8:07:14 AM,26.1452,56.2539,8.6,,         ,      ,
604028613,ke  ,OMAN     ,10/12/2011,8:21:26 AM,26.1179,56.1879,19.2,,         ,      ,
604028614,ke  ,OMAN     ,10/12/2011,8:23:53 AM,25.9573,56.0677,8,,         ,      ,
600085324,ke  ,ISC      ,10/12/2011,8:05:07 PM,27.9226,54.2411,26,TRUE,ISC      ,mb    ,3.7
602007357,ke  ,TEH      ,10/13/2011,10:25:41 AM,28.391,56.528,6,,TEH      ,ML    ,3
602007497,ke  ,TEH      ,10/15/2011,12:48:41 AM,28.275,56.418,15.9,,TEH      ,ML    ,3
604028616,ke  ,OMAN     ,10/15/2011,1:45:59 PM,27.4243,56.2647,0,,         ,      ,
601660082,ke  ,ISC      ,10/15/2011,2:18:33 PM,27.4108,55.9069,15,TRUE,CSEM     ,ML    ,3.6
604028624,ke  ,OMAN     ,10/16/2011,6:53:11 AM,25.0274,56.3021,18.9,,         ,      ,
601660104,ke  ,OMAN     ,10/16/2011,10:52:49 AM,25.8142,54.8158,15.1,,CSEM     ,ML    ,2.8
604028626,ke  ,OMAN     ,10/17/2011,10:09:25 PM,26.4216,57.4767,10,TRUE,         ,      ,
601660150,km  ,OMAN     ,10/18/2011,4:31:41 AM,25.2024,56.3482,2.2,,CSEM     ,ML    ,1.3
601660151,ke  ,DSN      ,10/18/2011,4:56:36 AM,25.0964,56.2961,0,,DSN      ,ML    ,1.7
602007737,ke  ,TEH      ,10/18/2011,9:24:41 AM,28.805,55.532,10,,TEH      ,ML    ,2.5
602007740,ke  ,TEH      ,10/18/2011,12:17:11 PM,28.658,55.636,10,,TEH      ,ML    ,2.6
602007742,ke  ,TEH      ,10/18/2011,9:48:31 PM,28.594,55.712,1.6,,TEH      ,ML    ,2.8
601660152,ke  ,ISC      ,10/18/2011,11:25:09 PM,26.5258,54.7449,10,TRUE,DSN      ,ML    ,3.1
17370899,ke  ,ISC      ,10/19/2011,2:52:42 AM,28.1247,54.3828,24,,ISC      ,mb    ,5.5
604028630,ke  ,ISC      ,10/19/2011,3:04:43 AM,27.9237,54.3391,17,TRUE,ISC      ,mb    ,4.3
604028632,ke  ,ISC      ,10/19/2011,3:10:20 AM,27.9552,54.3746,17,TRUE,ISC      ,mb    ,4.6
603265988,ke  ,OMAN     ,10/19/2011,5:08:51 AM,25.5478,55.9898,0.2,,         ,      ,
604028634,ke  ,OMAN     ,10/19/2011,5:39:54 AM,25.0427,56.258,0.7,,         ,      ,
604028635,ke  ,OMAN     ,10/19/2011,6:01:38 AM,25.1314,56.0626,13,,         ,      ,
602007821,ke  ,TEH      ,10/19/2011,9:15:32 AM,28.37,54.364,28,,TEH      ,ML    ,2.7
600085690,ke  ,ISC      ,10/20/2011,2:18:13 AM,27.9905,54.3187,17,TRUE,IDC      ,mb    ,3.9
600085696,ke  ,ISC      ,10/20/2011,5:47:09 AM,27.8541,54.5199,17,TRUE,IDC      ,mb    ,3.9
17386201,ke  ,ISC      ,10/20/2011,6:57:26 AM,27.4812,56.2617,18,TRUE,ISC      ,mb    ,4.4
600085727,ke  ,ISC      ,10/20/2011,8:27:01 PM,28.1065,54.4828,17,TRUE,ISC      ,mb    ,3.6
601660291,ke  ,ISC      ,10/21/2011,3:15:45 PM,27.3865,56.2389,15,TRUE,TEH      ,ML    ,3.1
602008048,ke  ,TEH      ,10/22/2011,1:42:02 AM,28.468,56.171,14,,TEH      ,ML    ,3.2
602008050,ke  ,TEH      ,10/22/2011,7:12:23 AM,28.5,57.43,8,,TEH      ,ML    ,2.8
604028691,ke  ,OMAN     ,10/22/2011,12:43:59 PM,27.422,56.0112,2,TRUE,         ,      ,
601660335,ke  ,ISC      ,10/22/2011,7:34:48 PM,26.8969,54.2036,10,TRUE,TEH      ,ML    ,3
600085854,ke  ,ISC      ,10/22/2011,7:47:09 PM,28.0602,54.3741,17,TRUE,ISC      ,mb    ,3.5
603266631,ke  ,ISC      ,10/23/2011,12:31:20 AM,28.0375,54.3904,18.8,,ISC      ,mb    ,4.1
602008086,ke  ,TEH      ,10/23/2011,12:36:14 AM,28.13,54.439,19,,TEH      ,ML    ,2.6
600085872,ke  ,ISC      ,10/23/2011,1:23:52 AM,28.0792,54.3142,17,TRUE,ISC      ,mb    ,3.8
603266630,ke  ,OMAN     ,10/23/2011,4:38:13 AM,25.2041,56.3453,4.1,,         ,      ,
602008089,ke  ,TEH      ,10/23/2011,5:55:21 AM,28.613,54.406,22,,TEH      ,ML    ,2.5
602008093,ke  ,TEH      ,10/23/2011,4:49:39 PM,28.037,54.368,27.9,,TEH      ,ML    ,2.9
602008144,ke  ,TEH      ,10/24/2011,3:59:09 AM,28.193,54.533,10,,TEH      ,ML    ,2.6
601660401,ke  ,CSEM     ,10/24/2011,5:10:03 PM,25.2002,57.0794,2,,CSEM     ,ML    ,2.4
601660402,ke  ,CSEM     ,10/24/2011,10:15:42 PM,25.828,56.4783,5,,CSEM     ,ML    ,1.8
604028702,ke  ,OMAN     ,10/25/2011,4:31:24 AM,25.1957,56.3355,5,TRUE,         ,      ,
603271316,ke  ,OMAN     ,10/25/2011,6:27:57 AM,25.1956,56.3424,16.2,,         ,      ,
602008217,ke  ,TEH      ,10/25/2011,7:06:02 PM,28.204,54.46,14.8,,TEH      ,ML    ,2.5
604028703,ke  ,OMAN     ,10/25/2011,8:37:05 PM,26.072,57.4963,15.5,,         ,      ,
604028707,ke  ,OMAN     ,10/26/2011,11:32:20 AM,26.8812,56.4144,22.2,,DSN      ,ML    ,3.4
604028708,ke  ,OMAN     ,10/27/2011,5:10:52 AM,25.2806,56.0959,0,,         ,      ,
602008418,ke  ,TEH      ,10/27/2011,5:31:53 PM,28.308,54.352,35.3,,TEH      ,ML    ,2.8
602008534,ke  ,TEH      ,10/29/2011,1:31:14 AM,28.056,54.141,10,,TEH      ,ML    ,2.9
601660553,ke  ,DSN      ,10/29/2011,2:02:19 PM,27.1026,54.0034,15,,DSN      ,ML    ,2.9
601660610,ke  ,DSN      ,10/30/2011,6:01:19 AM,25.2198,56.0972,0,,DSN      ,ML    ,1.1
603271655,ke  ,OMAN     ,10/31/2011,4:28:46 AM,25.3156,56.2541,30,,         ,      ,
603271654,ke  ,OMAN     ,10/31/2011,4:59:23 AM,25.0938,56.2692,0.4,,         ,      ,
603271653,ke  ,CSEM     ,10/31/2011,6:49:52 AM,25.1342,56.1,19.1,TRUE,         ,      ,
604028713,ke  ,OMAN     ,10/31/2011,6:53:58 AM,25.1274,56.0684,10.9,,         ,      ,
604028714,ke  ,ISC      ,11/1/2011,12:19:25 AM,28.114,54.3569,27.6,,ISC      ,mb    ,4
603327793,ke  ,OMAN     ,11/2/2011,4:14:09 AM,25.2018,56.3249,6.5,TRUE,         ,      ,
603327791,ke  ,OMAN     ,11/2/2011,5:21:35 AM,25.2167,56.1222,0,,         ,      ,
601660771,ke  ,CSEM     ,11/2/2011,1:42:03 PM,27.356,54.0923,10,,CSEM     ,ML    ,2.9
601660772,ke  ,DSN      ,11/2/2011,9:11:43 PM,26.9939,54.2492,15,,DSN      ,ML    ,2.9
603327842,ke  ,OMAN     ,11/3/2011,4:17:42 AM,25.1882,56.3543,5.6,,         ,      ,
603327841,ke  ,OMAN     ,11/3/2011,5:06:45 AM,25.2742,56.3482,20.3,,         ,      ,
604028718,ke  ,OMAN     ,11/3/2011,5:07:46 AM,25.0521,56.2323,17.2,,         ,      ,
604028719,ke  ,ISC      ,11/5/2011,7:45:45 AM,26.882,55.1037,17,TRUE,TEH      ,ML    ,3.5
604028726,ke  ,ISC      ,11/7/2011,10:04:57 PM,27.0852,55.3583,8.7,,CSEM     ,ML    ,2.9
604028733,ke  ,OMAN     ,11/9/2011,5:10:48 AM,25.1225,56.234,11.7,,         ,      ,
601661090,ke  ,ISC      ,11/11/2011,1:21:26 PM,27.4718,56.0986,7.7,,TEH      ,ML    ,2.9
602009223,ke  ,CSEM     ,11/12/2011,1:07:06 PM,28.2394,57.033,10,TRUE,CSEM     ,ML    ,3
601661174,ke  ,DSN      ,11/13/2011,2:09:04 AM,26.8713,55.0672,6.7,,DSN      ,ML    ,3.2
603328100,ke  ,OMAN     ,11/13/2011,4:24:52 AM,25.1816,56.3259,0.4,,         ,      ,
604028746,ke  ,ISC      ,11/13/2011,2:11:06 PM,28.2013,57.1535,31.1,,ISC      ,mb    ,4.7
601661197,ke  ,CSEM     ,11/14/2011,5:38:52 AM,25.2479,56.2834,8,,CSEM     ,ML    ,1.5
601661198,ke  ,DSN      ,11/14/2011,6:36:16 AM,25.095,56.1328,0,,DSN      ,ML    ,1.4
603328184,ke  ,OMAN     ,11/15/2011,5:46:35 AM,25.1729,56.2311,21.6,,         ,      ,
602009412,ke  ,TEH      ,11/15/2011,2:55:43 PM,28.192,57.305,19,,TEH      ,ML    ,2.8
604028756,ke  ,OMAN     ,11/16/2011,4:39:22 AM,25.2483,56.1884,14,,         ,      ,
603328245,ke  ,CSEM     ,11/16/2011,5:53:20 AM,25.232,56.2161,8.9,TRUE,         ,      ,
603328304,ke  ,CSEM     ,11/17/2011,4:34:21 AM,25.5455,56.0101,16.7,TRUE,         ,      ,
604028759,ke  ,OMAN     ,11/17/2011,5:04:37 AM,25.3207,56.0186,17.9,,         ,      ,
603328303,ke  ,CSEM     ,11/17/2011,5:23:15 AM,25.2071,56.1862,0.8,TRUE,         ,      ,
604028766,ke  ,OMAN     ,11/19/2011,8:06:53 AM,26.1727,56.2523,0,,         ,      ,
601661424,ke  ,CSEM     ,11/19/2011,7:46:30 PM,26.9814,55.9393,2,,CSEM     ,ML    ,2.5
604028767,ke  ,ISC      ,11/20/2011,12:40:55 AM,27.4658,57.5037,25,TRUE,ISC      ,mb    ,4
601661469,ke  ,OMAN     ,11/20/2011,3:58:50 AM,25.0516,56.8479,34,,CSEM     ,ML    ,1.7
603328439,ke  ,OMAN     ,11/20/2011,4:28:39 AM,25.1937,56.3552,6.6,TRUE,         ,      ,
601661470,ke  ,CSEM     ,11/20/2011,5:31:23 AM,26.7913,55.035,2,,CSEM     ,ML    ,2.9
601661471,ke  ,CSEM     ,11/20/2011,5:48:59 AM,25.0623,56.4676,2,TRUE,CSEM     ,ML    ,1.7
601661472,ke  ,DSN      ,11/20/2011,5:51:16 AM,26.7807,55.1459,10,,DSN      ,ML    ,3.3
600081378,ke  ,ISC      ,11/20/2011,6:38:29 AM,26.7717,55.0959,13.3,,ISC      ,mb    ,3.5
601661473,ke  ,CSEM     ,11/20/2011,6:52:33 AM,26.8408,55.0709,10,,CSEM     ,ML    ,3.1
601661474,ke  ,DSN      ,11/20/2011,6:56:14 AM,26.753,55.1445,17.9,,DSN      ,ML    ,3.5
17545730,ke  ,ISC      ,11/20/2011,7:20:12 AM,26.78,55.0974,17,TRUE,ISC      ,mb    ,4.2
601661476,ke  ,DSN      ,11/20/2011,12:01:07 PM,26.8547,55.1575,15,,DSN      ,ML    ,3.1
601661477,ke  ,DSN      ,11/20/2011,12:05:43 PM,26.8747,55.1809,15,,DSN      ,ML    ,2.8
601661478,ke  ,DSN      ,11/20/2011,11:40:53 PM,27.1044,55.2358,15,,DSN      ,ML    ,2.7
604028775,ke  ,OMAN     ,11/22/2011,5:09:24 AM,25.2915,56.0914,0.6,TRUE,         ,      ,
603328494,ke  ,CSEM     ,11/22/2011,6:28:00 AM,25.1127,56.0731,1.3,TRUE,         ,      ,
604028780,ke  ,OMAN     ,11/23/2011,4:55:24 AM,25.0469,56.2797,0,,         ,      ,
601661620,ke  ,CSEM     ,11/24/2011,4:46:20 AM,25.2417,56.2908,7,,CSEM     ,ML    ,1.7
604028786,ke  ,OMAN     ,11/25/2011,4:34:56 AM,25.6034,56.2516,4.2,TRUE,         ,      ,
604028787,ke  ,OMAN     ,11/27/2011,4:17:16 AM,25.2664,56.1243,2,TRUE,         ,      ,
603328650,ke  ,OMAN     ,11/27/2011,5:15:49 AM,25.2487,56.1391,15.9,,         ,      ,
602010113,ke  ,TEH      ,11/27/2011,6:13:21 PM,27.502,54.016,3.7,,TEH      ,ML    ,2.9
601661777,ke  ,CSEM     ,11/28/2011,6:03:49 AM,25.1516,56.1628,20,,CSEM     ,ML    ,1.7
602010255,ke  ,CSEM     ,11/30/2011,12:49:50 PM,28.4519,56.9638,10,TRUE,CSEM     ,ML    ,3.2
602010281,ke  ,CSEM     ,12/1/2011,3:33:11 AM,28.2844,56.0131,10,TRUE,CSEM     ,ML    ,3.1
603367960,ke  ,OMAN     ,12/4/2011,4:50:27 AM,25.19,56.3544,0.4,,         ,      ,
604028796,ke  ,OMAN     ,12/5/2011,5:18:33 AM,27.554,56.9934,23.7,,         ,      ,
601662318,ke  ,ISC      ,12/5/2011,3:31:31 PM,26.4378,55.1716,17,TRUE,TEH      ,ML    ,2.9
604028802,ke  ,OMAN     ,12/6/2011,4:52:34 AM,25.1935,56.327,9.4,,         ,      ,
601662389,ke  ,ISC      ,12/8/2011,12:33:27 AM,28.4097,57.7307,10,TRUE,CSEM     ,ML    ,2.9
603368017,ke  ,OMAN     ,12/8/2011,11:34:59 AM,25.0795,56.0931,12.9,,         ,      ,
601662427,ke  ,OMAN     ,12/9/2011,6:01:45 AM,24.9404,56.2766,0.5,,CSEM     ,ML    ,1.8
602010686,ke  ,TEH      ,12/10/2011,10:30:38 AM,28.097,57.7,20,,TEH      ,ML    ,3.3
603368048,ke  ,OMAN     ,12/12/2011,4:52:09 AM,25.1975,56.3276,7.2,,         ,      ,
601662583,ke  ,CSEM     ,12/12/2011,5:38:20 AM,25.2974,56.252,6.3,,CSEM     ,ML    ,1.6
600222114,ke  ,ISC      ,12/14/2011,3:56:49 PM,28.0705,55.9421,10,TRUE,ISC      ,mb    ,3.9
603368167,ke  ,CSEM     ,12/15/2011,7:01:08 AM,25.1357,56.0878,3.9,TRUE,         ,      ,
603368166,ke  ,CSEM     ,12/15/2011,7:04:30 AM,25.0945,56.036,3,TRUE,         ,      ,
600222282,ke  ,ISC      ,12/17/2011,8:10:15 AM,28.9802,53.427,10,TRUE,IDC      ,mb    ,3.6
600084177,ke  ,ISC      ,12/20/2011,4:46:32 AM,27.753,57.5837,10,TRUE,ISC      ,mb    ,4.2
604028859,ke  ,OMAN     ,12/21/2011,4:15:11 AM,25.337,56.0329,3,TRUE,         ,      ,
603368234,ke  ,OMAN     ,12/21/2011,5:27:49 AM,25.2258,56.111,6.7,,         ,      ,
603368274,ke  ,OMAN     ,12/22/2011,6:34:45 AM,25.1493,55.9826,15.4,,         ,      ,
604028863,ke  ,OMAN     ,12/23/2011,7:00:03 AM,27.7229,57.5991,10,TRUE,         ,      ,
602011317,ke  ,TEH      ,12/25/2011,4:44:25 AM,27.83,56.059,19,,TEH      ,ML    ,2.9
603368318,ke  ,OMAN     ,12/26/2011,4:57:37 AM,25.0713,56.3365,3,TRUE,         ,      ,
603368358,ke  ,OMAN     ,12/28/2011,5:13:22 AM,25.5003,56.0475,50,TRUE,         ,      ,
600212639,ke  ,ISC      ,12/28/2011,10:23:47 AM,27.9186,56.1778,10,TRUE,ISC      ,mb    ,3.8
601663064,ke  ,ISC      ,12/28/2011,7:15:29 PM,27.0784,55.3793,3.7,,CSEM     ,ML    ,3.1
601663101,ke  ,DSN      ,12/29/2011,6:21:25 AM,26.0217,56.2287,0,,DSN      ,ML    ,1.8
604074136,ke  ,OMAN     ,1/2/2012,5:38:40 AM,25.2434,56.0714,14.5,,         ,      ,
604074138,ke  ,OMAN     ,1/2/2012,8:01:43 PM,27.2592,56.0998,15,TRUE,         ,      ,
604723362,ke  ,DSN      ,1/3/2012,4:42:17 AM,25.1796,56.3399,0,,DSN      ,ML    ,1.2
603863366,ke  ,OMAN     ,1/4/2012,1:00:33 AM,25.8666,57.363,9.2,,         ,      ,
602011654,ke  ,TEH      ,1/5/2012,8:04:37 PM,27.838,55.276,10,,TEH      ,ML    ,3.1
604074141,ke  ,OMAN     ,1/5/2012,10:17:13 PM,26.2971,57.5765,10.7,,         ,      ,
604074144,ke  ,OMAN     ,1/7/2012,8:17:36 AM,25.9951,56.103,15.8,,         ,      ,
604074147,ke  ,OMAN     ,1/8/2012,8:15:21 AM,25.9828,56.0968,14.4,,         ,      ,
603863493,ke  ,DSN      ,1/9/2012,4:16:57 AM,25.3511,56.0088,0,,DSN      ,ML    ,1.6
604723365,ke  ,DSN      ,1/9/2012,5:22:19 AM,25.1884,56.1343,0,,DSN      ,ML    ,1.7
603863491,ke  ,CSEM     ,1/9/2012,5:32:12 AM,25.1244,56.0035,2,,CSEM     ,ML    ,1.6
604074149,ke  ,OMAN     ,1/9/2012,8:03:49 AM,25.8738,56.0241,27,,         ,      ,
600144296,ke  ,ISC      ,1/9/2012,7:53:37 PM,27.1355,55.6898,11.2,,ISC      ,mb    ,5.2
600733388,ke  ,ISC      ,1/10/2012,12:41:30 AM,28.3402,56.1508,16.4,,ISC      ,mb    ,3.4
603863540,ke  ,DSN      ,1/10/2012,1:43:14 AM,27.1243,55.8943,15.1,,DSN      ,ML    ,2.6
604723368,ke  ,DSN      ,1/10/2012,4:54:21 AM,25.1924,56.3578,0,,DSN      ,ML    ,1.5
604074151,ke  ,OMAN     ,1/10/2012,8:58:32 AM,27.2269,56.2207,6.1,,         ,      ,
600186828,ke  ,ISC      ,1/11/2012,6:06:28 AM,28.6452,54.1831,24,TRUE,ISC      ,mb    ,4.5
603863583,ke  ,CSEM     ,1/11/2012,11:36:07 AM,26.3304,56.4429,2,,CSEM     ,ML    ,3.2
603863746,ke  ,CSEM     ,1/12/2012,1:51:50 AM,27.2324,55.8261,2,,CSEM     ,ML    ,3
604723371,ke  ,DSN      ,1/12/2012,5:36:53 AM,25.297,55.9553,0,,DSN      ,ML    ,2
604723372,ke  ,DSN      ,1/12/2012,5:47:41 AM,25.2588,56.0976,0,,DSN      ,ML    ,1.7
603863683,ke  ,DSN      ,1/12/2012,3:02:03 PM,27.0528,55.9608,15,,DSN      ,ML    ,2.5
603863673,ke  ,DSN      ,1/12/2012,6:56:46 PM,27.1903,55.9369,15,,DSN      ,ML    ,2.8
600194844,ke  ,ISC      ,1/14/2012,8:15:19 PM,27.9102,54.0351,22.4,,ISC      ,mb    ,4.3
604723374,ke  ,DSN      ,1/16/2012,5:22:30 AM,25.0719,56.3377,0,,DSN      ,ML    ,1.5
603863902,ke  ,DSN      ,1/16/2012,6:21:03 AM,25.1197,56.0792,0,,DSN      ,ML    ,1.6
602011857,ke  ,TEH      ,1/17/2012,8:31:45 PM,28.905,57.995,20.8,,TEH      ,ML    ,2.7
603863918,ke  ,CSEM     ,1/17/2012,10:00:08 PM,26.0791,57.3341,10,TRUE,CSEM     ,ML    ,2.4
604723376,ke  ,DSN      ,1/18/2012,5:08:12 AM,25.1843,56.3491,0,,DSN      ,ML    ,1.2
604074160,ke  ,OMAN     ,1/19/2012,5:15:32 AM,25.2322,56.1285,16.4,,         ,      ,
604074161,ke  ,OMAN     ,1/19/2012,6:12:10 AM,25.0803,56.1618,11,,         ,      ,
604723377,ke  ,DSN      ,1/19/2012,7:01:43 AM,25.0367,56.0691,0,,DSN      ,ML    ,1.4
600734132,ke  ,ISC      ,1/20/2012,12:58:29 AM,27.9132,54.1207,23,TRUE,ISC      ,mb    ,3.6
603864523,ke  ,CSEM     ,1/20/2012,10:12:09 AM,25.0262,56.3153,5,,CSEM     ,ML    ,1.6
602011955,ke  ,TEH      ,1/20/2012,2:16:36 PM,28.182,57.59,8.2,,TEH      ,ML    ,3.1
603864579,ke  ,DSN      ,1/22/2012,5:08:54 AM,25.0416,56.3112,0,,DSN      ,ML    ,1.8
600734311,ke  ,ISC      ,1/22/2012,2:41:05 PM,26.902,54.764,13.2,,ISC      ,mb    ,3.8
600734319,ke  ,ISC      ,1/22/2012,5:30:17 PM,26.915,54.8123,10,TRUE,ISC      ,mb    ,3.9
603864594,ke  ,OMAN     ,1/23/2012,12:29:18 AM,26.3739,56.2138,1,,         ,      ,
603864590,ke  ,OMAN     ,1/23/2012,5:07:02 AM,25.0693,56.3491,6,TRUE,         ,      ,
604074166,ke  ,OMAN     ,1/25/2012,6:45:50 AM,27.1575,54.6987,30,TRUE,         ,      ,
602012107,ke  ,ISC      ,1/27/2012,1:03:47 AM,27.4204,57.274,4.2,,CSEM     ,ML    ,2.8
604723380,ke  ,DSN      ,1/30/2012,6:11:16 AM,25.1124,56.0845,0,,DSN      ,ML    ,1.8
604723381,ke  ,DSN      ,1/31/2012,12:30:29 AM,25.1828,56.2696,0,,DSN      ,ML    ,0.8
604074172,ke  ,OMAN     ,2/2/2012,4:59:35 AM,25.5298,55.9831,17.7,,         ,      ,
603865180,ke  ,OMAN     ,2/2/2012,6:47:48 AM,25.138,56.0279,0,,         ,      ,
604074173,ke  ,OMAN     ,2/4/2012,11:43:08 AM,28.7925,57.3649,35.7,,         ,      ,
603865220,ke  ,DSN      ,2/4/2012,11:26:16 PM,26.8059,55.917,10.2,,DSN      ,ML    ,3
604074174,ke  ,OMAN     ,2/5/2012,11:44:15 PM,27.6585,57.0442,33.4,,         ,      ,
602012342,ke  ,TEH      ,2/6/2012,8:13:13 AM,27.822,55.411,5.7,,TEH      ,ML    ,3.1
604723384,ke  ,DSN      ,2/7/2012,8:49:47 AM,26.8632,56.0185,15,,DSN      ,ML    ,3.5
603865333,ke  ,OMAN     ,2/8/2012,5:33:02 AM,25.2267,56.0576,3.9,,         ,      ,
600844839,ke  ,ISC      ,2/8/2012,11:14:07 PM,27.9669,54.7525,17,TRUE,ISC      ,mb    ,3.7
603865344,ke  ,DSN      ,2/9/2012,5:44:40 PM,27.0782,55.76,10,,DSN      ,ML    ,2.6
600503777,fe  ,ISC      ,2/10/2012,8:59:42 AM,35.5422,52.4266,15.6,,ISC      ,mb    ,4.3
604074182,ke  ,OMAN     ,2/11/2012,3:57:28 AM,27.5478,56.9473,15.2,,         ,      ,
602012502,ke  ,TEH      ,2/12/2012,11:42:20 PM,27.861,55.324,17,,TEH      ,ML    ,2.7
604723388,ke  ,DSN      ,2/14/2012,9:33:28 AM,27.6674,56.4926,15,,DSN      ,ML    ,3.2
600845369,ke  ,ISC      ,2/15/2012,1:30:44 AM,28.0536,54.0625,26,TRUE,ISC      ,mb    ,3.7
603865626,ke  ,CSEM     ,2/16/2012,4:45:19 AM,25.5529,55.9963,10,,CSEM     ,ML    ,1.6
603865623,ke  ,DSN      ,2/16/2012,7:12:58 AM,25.1324,56.0965,0,,DSN      ,ML    ,1.2
603865935,ke  ,DSN      ,2/23/2012,1:49:27 AM,26.1248,54.2687,12,,DSN      ,ML    ,2.7
603866083,ke  ,OMAN     ,2/27/2012,4:35:01 AM,26.0688,56.3119,5,TRUE,         ,      ,
604074247,ke  ,OMAN     ,2/27/2012,5:00:14 AM,25.3312,56.1357,7.8,,         ,      ,
603866127,ke  ,CSEM     ,2/28/2012,5:45:51 AM,27.0807,56.1531,2,,CSEM     ,ML    ,3.2
600738977,ke  ,ISC      ,2/28/2012,6:51:08 PM,27.5318,57.6008,25,TRUE,ISC      ,mb    ,4
604074248,ke  ,OMAN     ,2/29/2012,8:06:19 AM,25.8579,55.9924,0.8,TRUE,         ,      ,
604723393,ke  ,DSN      ,3/1/2012,4:46:03 AM,25.0958,56.3287,0,,DSN      ,ML    ,1.3
600875384,ke  ,ISC      ,3/5/2012,7:30:16 PM,27.9976,56.8142,24,TRUE,ISC      ,mb    ,3.6
604074252,ke  ,CSEM     ,3/7/2012,4:42:03 AM,25.2606,56.0567,0.1,TRUE,         ,      ,
600768828,ke  ,ISC      ,3/8/2012,2:01:43 AM,28.0434,55.2213,22,TRUE,ISC      ,mb    ,4.3
602013159,ke  ,TEH      ,3/8/2012,8:41:36 AM,28.113,57.474,10,,TEH      ,ML    ,3.2
602013190,ke  ,ISC      ,3/9/2012,8:38:31 PM,26.9035,55.778,10,TRUE,CSEM     ,ML    ,2.9
604085983,fe  ,ISC      ,3/12/2012,5:09:54 AM,27.1006,54.8398,16.3,,ISC      ,mb    ,4.6
602013257,ke  ,TEH      ,3/12/2012,5:36:05 AM,27.17,54.829,10,,TEH      ,ML    ,3.1
600775289,ke  ,ISC      ,3/12/2012,8:41:03 AM,27.0619,54.8448,28.7,,ISC      ,mb    ,3.9
604074256,ke  ,OMAN     ,3/12/2012,9:17:30 AM,27.2345,56.2025,2.1,,         ,      ,
604074259,ke  ,CSEM     ,3/13/2012,6:21:39 AM,25.1291,56.0371,0,TRUE,         ,      ,
604074263,ke  ,CSEM     ,3/14/2012,7:01:19 PM,26.4434,57.5032,15,TRUE,CSEM     ,ML    ,3.3
600955277,ke  ,ISC      ,3/14/2012,8:28:42 PM,27.4662,57.6791,25,TRUE,ISC      ,mb    ,3.4
604074268,ke  ,ISC      ,3/18/2012,6:04:16 PM,25.6865,57.2668,19,,CSEM     ,ML    ,2.8
604074269,ke  ,OMAN     ,3/19/2012,5:23:17 AM,25.0849,56.3231,3,TRUE,         ,      ,
602013431,ke  ,ISC      ,3/21/2012,3:06:33 AM,26.2631,58.3534,20.9,,TEH      ,ML    ,3.1
604074275,ke  ,OMAN     ,3/21/2012,4:38:47 AM,26.088,56.3024,2,TRUE,         ,      ,
604074278,ke  ,CSEM     ,3/22/2012,5:12:16 AM,25.1361,56.0472,3,TRUE,         ,      ,
604074279,ke  ,OMAN     ,3/22/2012,6:20:21 AM,26.2207,56.3441,2.9,,         ,      ,
604074280,ke  ,OMAN     ,3/22/2012,11:44:06 PM,25.632,56.2654,11,,         ,      ,
604074286,ke  ,OMAN     ,3/25/2012,4:57:19 AM,25.0418,56.3314,5,TRUE,         ,      ,
602013492,ke  ,ISC      ,3/25/2012,5:00:11 AM,27.318,55.9915,9,,CSEM     ,ML    ,2.8
604723404,ke  ,DSN      ,3/28/2012,4:21:26 AM,25.2481,56.1094,0,,DSN      ,ML    ,1
600939792,ke  ,ISC      ,3/28/2012,5:38:21 PM,28.0105,56.7251,13.4,,ISC      ,mb    ,3.5
600939972,ke  ,ISC      ,3/31/2012,5:56:37 AM,28.2282,56.0007,16,TRUE,ISC      ,mb    ,3.8
600940015,ke  ,ISC      ,3/31/2012,9:42:38 PM,27.3947,54.3863,25,TRUE,ISC      ,mb    ,3.4
601104135,ke  ,ISC      ,4/1/2012,9:29:57 AM,28.2429,55.3703,22,TRUE,ISC      ,mb    ,3.7
601104251,ke  ,ISC      ,4/3/2012,4:19:51 AM,27.4211,54.4127,25,TRUE,ISC      ,mb    ,3.6
604723408,ke  ,DSN      ,4/3/2012,5:26:49 AM,25.3242,56.0491,0,,DSN      ,ML    ,1.8
604074302,ke  ,CSEM     ,4/5/2012,5:06:12 AM,25.1482,56.0786,5,TRUE,         ,      ,
602014103,ke  ,TEH      ,4/5/2012,12:46:53 PM,27.993,57.269,5,,TEH      ,ML    ,2.9
604074388,ke  ,OMAN     ,4/8/2012,5:18:17 AM,25.1599,56.093,12.9,,         ,      ,
600931307,ke  ,ISC      ,4/8/2012,12:04:01 PM,28.1857,56.5755,10,TRUE,ISC      ,mb    ,3.7
602014598,ke  ,TEH      ,4/8/2012,3:38:14 PM,28.273,56.426,9.3,,TEH      ,ML    ,2.6
602014683,ke  ,TEH      ,4/9/2012,12:28:10 AM,27.502,54.473,10,,TEH      ,ML    ,2.5
601104646,ke  ,ISC      ,4/9/2012,12:30:25 AM,28.2157,56.5205,31.8,,ISC      ,mb    ,3.3
601104653,ke  ,ISC      ,4/9/2012,1:11:29 AM,28.1564,56.4321,28,TRUE,ISC      ,mb    ,3
604723413,ke  ,DSN      ,4/9/2012,3:58:10 AM,25.3816,56.0175,0,,DSN      ,ML    ,1.8
604074391,ke  ,OMAN     ,4/9/2012,5:09:03 AM,25.2114,56.1071,3,TRUE,         ,      ,
602014788,ke  ,ISC      ,4/10/2012,9:19:11 PM,26.8768,54.912,17,TRUE,TEH      ,ML    ,3
602014955,ke  ,TEH      ,4/11/2012,1:39:17 PM,28.43,57.071,19.2,,TEH      ,ML    ,3.2
604083758,ke  ,CSEM     ,4/13/2012,11:50:44 AM,27.0604,55.2265,10,,CSEM     ,ML    ,3.4
604083903,ke  ,OMAN     ,4/14/2012,2:11:38 AM,25.7175,56.2994,4.2,,CSEM     ,ML    ,1.5
602015477,ke  ,TEH      ,4/15/2012,8:38:21 AM,28.919,55.402,10,,TEH      ,ML    ,2.8
601105768,ke  ,ISC      ,4/16/2012,2:15:19 AM,28.2618,57.021,31,TRUE,ISC      ,mb    ,3.4
604723417,ke  ,DSN      ,4/17/2012,5:10:16 AM,25.125,56.0948,0,,DSN      ,ML    ,1.6
604083909,ke  ,DSN      ,4/18/2012,4:18:21 AM,25.1951,56.2602,0,,DSN      ,ML    ,1.5
600893279,fe  ,ISC      ,4/18/2012,5:40:39 PM,27.861,58.1059,71,,ISC      ,mb    ,5
602016043,ke  ,ISC      ,4/19/2012,12:46:51 AM,26.7479,54.8175,17,TRUE,CSEM     ,ML    ,2.9
602016369,ke  ,TEH      ,4/21/2012,6:31:45 PM,27.145,54.459,10.3,,TEH      ,ML    ,2.9
602016370,ke  ,TEH      ,4/21/2012,6:41:45 PM,27.118,54.612,10,,TEH      ,ML    ,2.9
601106340,ke  ,ISC      ,4/21/2012,6:58:20 PM,27.284,54.5353,25,TRUE,ISC      ,mb    ,3.5
601106451,ke  ,ISC      ,4/23/2012,1:58:35 AM,26.9516,53.8883,19,TRUE,ISC      ,mb    ,3.6
604083916,ke  ,OMAN     ,4/23/2012,6:56:56 AM,25.0324,55.4676,10.2,,         ,      ,
604723424,ke  ,DSN      ,4/24/2012,5:15:47 AM,25.0409,56.3312,0,,DSN      ,ML    ,1.3
604723425,ke  ,DSN      ,4/25/2012,5:24:57 AM,25.2062,56.0768,0,,DSN      ,ML    ,1.8
602016938,ke  ,TEH      ,4/26/2012,2:29:37 PM,28.224,56.358,10,,TEH      ,ML    ,2.8
602017063,ke  ,TEH      ,4/27/2012,8:51:59 AM,28.009,54.66,9,,TEH      ,ML    ,2.8
604723427,ke  ,DSN      ,4/29/2012,5:14:58 AM,25.5632,56.0373,0,,DSN      ,ML    ,2
600957092,ke  ,ISC      ,4/29/2012,11:58:40 AM,28.7514,57.3409,100.9,,ISC      ,mb    ,4.3
604083936,ke  ,CSEM     ,4/30/2012,6:28:43 AM,25.5018,56.3098,4,TRUE,         ,      ,
602017373,ke  ,TEH      ,4/30/2012,2:04:01 PM,27.635,56.376,10,,TEH      ,ML    ,2.7
602017480,ke  ,TEH      ,5/1/2012,1:50:37 AM,27.944,57.377,13.7,,TEH      ,ML    ,2.6
602017481,ke  ,TEH      ,5/1/2012,4:38:51 AM,28.085,56.871,10,,TEH      ,ML    ,2.5
602017482,ke  ,ISC      ,5/1/2012,6:00:27 AM,28.0101,56.7493,24,TRUE,TEH      ,ML    ,2.7
602017483,ke  ,ISC      ,5/1/2012,6:03:33 AM,28.0037,56.7307,10,TRUE,TEH      ,ML    ,2.6
602017484,ke  ,TEH      ,5/1/2012,7:49:10 AM,28.045,56.774,10,,TEH      ,ML    ,2.5
601214329,ke  ,ISC      ,5/1/2012,2:14:29 PM,27.8183,55.9719,16,TRUE,ISC      ,mb    ,3.5
602017572,ke  ,CSEM     ,5/2/2012,8:07:36 AM,27.86,56.74,14,TRUE,CSEM     ,ML    ,2.8
602017575,ke  ,TEH      ,5/2/2012,11:35:08 AM,28.947,57.354,10,,TEH      ,ML    ,2.5
602017576,ke  ,TEH      ,5/2/2012,3:29:25 PM,28.036,56.687,24.8,,TEH      ,ML    ,2.5
601214442,ke  ,ISC      ,5/3/2012,2:12:28 AM,28.568,54.245,10,TRUE,ISC      ,mb    ,3.8
602017698,ke  ,TEH      ,5/3/2012,3:55:23 AM,28.063,56.748,9,,TEH      ,ML    ,2.8
601214477,ke  ,ISC      ,5/3/2012,12:03:55 PM,27.9366,56.7422,28,TRUE,ISC      ,mb    ,3.6
602017700,ke  ,TEH      ,5/3/2012,12:21:54 PM,28.058,56.726,10,,TEH      ,ML    ,2.9
602017701,ke  ,TEH      ,5/3/2012,5:51:52 PM,28.023,56.759,19,,TEH      ,ML    ,2.5
602017818,ke  ,TEH      ,5/4/2012,4:23:30 AM,27.946,56.761,27.3,,TEH      ,ML    ,2.8
604083953,ke  ,OMAN     ,5/6/2012,4:03:25 AM,25.2273,56.2455,2,TRUE,         ,      ,
604723431,ke  ,DSN      ,5/6/2012,6:05:50 AM,25.2587,56.1376,0,,DSN      ,ML    ,1.2
601214768,ke  ,ISC      ,5/7/2012,5:09:30 PM,27.4447,57.901,10,TRUE,ISC      ,mb    ,3.4
601214825,ke  ,ISC      ,5/8/2012,9:49:00 PM,27.9686,56.7189,28,TRUE,ISC      ,mb    ,3.5
602018466,ke  ,TEH      ,5/9/2012,5:57:38 PM,28.145,56.807,10,,TEH      ,ML    ,2.8
602018732,ke  ,ISC      ,5/10/2012,5:22:54 PM,26.1897,58.7816,10,TRUE,DSN      ,ML    ,3.4
602018824,ke  ,TEH      ,5/11/2012,12:41:01 AM,27.99,57.219,10,,TEH      ,ML    ,2.5
601215018,ke  ,ISC      ,5/12/2012,1:18:01 AM,28.4938,53.9731,10,TRUE,ISC      ,mb    ,3.9
601008637,ke  ,ISC      ,5/13/2012,6:21:16 PM,27.0781,54.0002,26,,ISC      ,mb    ,5
601215116,ke  ,ISC      ,5/13/2012,6:31:20 PM,26.8188,53.8028,19,TRUE,ISC      ,mb    ,3.6
601215117,ke  ,ISC      ,5/13/2012,6:34:48 PM,27.0251,54.1265,19,TRUE,ISC      ,mb    ,3.5
601215118,ke  ,ISC      ,5/13/2012,7:12:16 PM,26.8363,53.7954,2.3,,ISC      ,mb    ,3.7
601215126,ke  ,ISC      ,5/13/2012,9:12:46 PM,26.9881,53.9875,19,TRUE,ISC      ,mb    ,3
601215143,ke  ,ISC      ,5/14/2012,12:15:36 AM,27.0484,54.0075,19,TRUE,ISC      ,mb    ,3.7
601012001,ke  ,ISC      ,5/14/2012,10:12:34 AM,27.9026,57.7307,14.8,,ISC      ,mb    ,4.8
602019199,ke  ,ISC      ,5/14/2012,7:32:58 PM,27.0462,53.98,19,TRUE,DSN      ,ML    ,3.9
601215187,ke  ,ISC      ,5/14/2012,8:15:00 PM,27.0279,53.9704,19,TRUE,ISC      ,mb    ,3.6
604083971,ke  ,CSEM     ,5/14/2012,8:55:45 PM,26.8794,56.4833,5,,CSEM     ,ML    ,2.6
602019200,ke  ,TEH      ,5/14/2012,11:43:40 PM,27.512,56.358,5.7,,TEH      ,ML    ,2.5
601020499,ke  ,ISC      ,5/15/2012,12:25:48 AM,27.0544,54.0131,28.4,,ISC      ,mb    ,4
602019324,ke  ,TEH      ,5/15/2012,12:54:38 AM,27.62,54.279,28,,TEH      ,ML    ,2.6
604083972,ke  ,OMAN     ,5/15/2012,5:19:15 AM,25.2039,56.2666,17,,         ,      ,
602019327,ke  ,ISC      ,5/15/2012,6:58:10 PM,26.9081,53.9526,19,TRUE,DSN      ,ML    ,3.2
604723436,ke  ,DSN      ,5/16/2012,4:17:29 AM,25.5428,55.9263,0,,DSN      ,ML    ,1.5
602019505,ke  ,TEH      ,5/16/2012,12:04:14 PM,27.624,54.434,10,,TEH      ,ML    ,2.9
602019506,ke  ,TEH      ,5/16/2012,2:37:47 PM,27.522,54.478,10,,TEH      ,ML    ,2.5
602019508,ke  ,TEH      ,5/16/2012,4:47:54 PM,26.942,53.801,10,,TEH      ,ML    ,3.1
602019617,ke  ,TEH      ,5/17/2012,1:52:47 AM,27.004,54.004,10,,TEH      ,ML    ,3.2
602019621,ke  ,TEH      ,5/17/2012,4:10:38 PM,27.969,57.893,18.9,,TEH      ,ML    ,2.6
601021642,ke  ,ISC      ,5/17/2012,7:32:13 PM,27.0734,54.0487,8.3,,ISC      ,mb    ,4.2
601021647,ke  ,ISC      ,5/17/2012,9:40:42 PM,26.9952,53.9837,14.8,,ISC      ,mb    ,5.1
602019622,ke  ,ISC      ,5/17/2012,10:16:22 PM,27.1508,54.0694,4.1,,DSN      ,ML    ,3.4
604723439,ke  ,DSN      ,5/17/2012,10:18:41 PM,27.407,54.0281,15,,DSN      ,ML    ,3.2
602019734,ke  ,TEH      ,5/18/2012,3:09:24 AM,27.02,54.083,10,,TEH      ,ML    ,3
601215403,ke  ,ISC      ,5/18/2012,4:28:09 AM,26.95,54.0159,19,TRUE,ISC      ,mb    ,3.8
602019740,ke  ,TEH      ,5/18/2012,7:50:03 AM,27.453,54.346,10,,TEH      ,ML    ,2.5
602019741,ke  ,TEH      ,5/18/2012,8:47:45 AM,27.699,54.546,15.5,,TEH      ,ML    ,2.8
601215413,ke  ,ISC      ,5/18/2012,10:37:44 AM,27.0306,53.9344,19,TRUE,ISC      ,mb    ,3.7
601215485,ke  ,ISC      ,5/19/2012,12:54:17 PM,26.7647,53.8216,24,TRUE,ISC      ,mb    ,3.4
601215579,ke  ,ISC      ,5/20/2012,5:05:18 PM,27.0093,54.0578,19,TRUE,ISC      ,mb    ,3.6
604723442,ke  ,DSN      ,5/22/2012,5:03:32 AM,25.2535,56.0947,0,,DSN      ,ML    ,1.8
602020241,ke  ,TEH      ,5/22/2012,11:16:32 PM,28.179,56.982,10,,TEH      ,ML    ,2.8
604084173,ke  ,OMAN     ,5/28/2012,3:51:02 AM,25.1403,56.015,4.6,TRUE,         ,      ,
604084174,ke  ,OMAN     ,5/28/2012,8:10:26 AM,26.085,56.1729,14.7,,         ,      ,
604084175,ke  ,OMAN     ,5/28/2012,8:11:42 AM,26.1612,56.2498,1.2,,         ,      ,
604084178,ke  ,CSEM     ,5/29/2012,5:22:55 AM,25.2001,56.1022,13.8,,CSEM     ,ML    ,1.5
601202316,ke  ,ISC      ,5/29/2012,6:43:54 PM,28.1581,57.5172,30,TRUE,ISC      ,mb    ,4
604723444,ke  ,DSN      ,5/30/2012,5:23:02 AM,25.0278,56.3269,0,,DSN      ,ML    ,1.2
601202359,ke  ,ISC      ,5/30/2012,6:02:13 PM,27.0267,54.0032,19,TRUE,ISC      ,mb    ,3.7
601202369,ke  ,ISC      ,5/30/2012,9:16:58 PM,27.0861,54.1217,18,TRUE,ISC      ,mb    ,3.6
604723445,ke  ,DSN      ,5/31/2012,4:45:00 AM,25.1866,56.3452,0,,DSN      ,ML    ,1.5
604723446,ke  ,DSN      ,5/31/2012,6:29:26 AM,25.132,55.9971,0,,DSN      ,ML    ,1.7
601118787,ke  ,ISC      ,6/2/2012,4:17:24 AM,29.0555,52.9897,16,TRUE,ISC      ,mb    ,4
604846473,ke  ,TEH      ,6/2/2012,1:40:49 PM,28.463,54.556,10,,TEH      ,ML    ,2.6
601474472,ke  ,ISC      ,6/2/2012,3:01:14 PM,28.4246,54.5461,10,TRUE,ISC      ,mb    ,3.7
604846486,ke  ,TEH      ,6/3/2012,7:57:59 AM,28.003,56.174,6,,TEH      ,ML    ,2.5
601474526,ke  ,ISC      ,6/3/2012,4:52:56 PM,26.6578,54.6904,10,TRUE,ISC      ,mb    ,3.5
604846491,ke  ,TEH      ,6/4/2012,1:07:49 AM,28.136,56.788,28,,TEH      ,ML    ,2.6
601096646,ke  ,ISC      ,6/4/2012,3:58:09 AM,28.0731,57.4015,29.9,,ISC      ,mb    ,3.9
601474560,ke  ,ISC      ,6/4/2012,8:34:52 AM,27.0518,53.9191,19,TRUE,ISC      ,mb    ,3.5
604846500,ke  ,TEH      ,6/5/2012,8:33:04 AM,28.888,55.536,10,,TEH      ,ML    ,2.7
604084363,ke  ,CSEM     ,6/6/2012,4:18:51 AM,25.4703,55.8323,17,TRUE,         ,      ,
604084378,ke  ,CSEM     ,6/10/2012,4:41:05 AM,25.305,56.0492,0,TRUE,         ,      ,
604723451,ke  ,DSN      ,6/10/2012,7:47:04 PM,25.6826,56.0684,0,,DSN      ,ML    ,1.7
604846644,ke  ,TEH      ,6/11/2012,10:06:53 AM,27.531,55.349,19.8,,TEH      ,ML    ,2.9
604084380,ke  ,OMAN     ,6/12/2012,5:18:09 AM,25.0314,55.8795,0,,         ,      ,
604084383,ke  ,OMAN     ,6/14/2012,4:49:32 AM,25.2244,55.999,16,TRUE,         ,      ,
602025034,ke  ,ISC      ,6/16/2012,8:57:24 AM,27.5599,56.6195,2.7,,TEH      ,ML    ,3.3
601475255,ke  ,ISC      ,6/16/2012,7:23:58 PM,28.9892,53.0326,16,TRUE,ISC      ,mb    ,4.1
604846711,ke  ,TEH      ,6/17/2012,12:36:02 PM,28.119,55.359,28,,TEH      ,ML    ,2.8
604846714,ke  ,TEH      ,6/18/2012,3:29:29 PM,28.285,57.177,19.5,,TEH      ,ML    ,2.9
602025818,ke  ,ISC      ,6/18/2012,3:40:41 PM,28.159,57.4261,7,,DSN      ,ML    ,3.7
604084391,ke  ,CSEM     ,6/19/2012,5:16:49 AM,25.0586,56.2032,0.6,TRUE,         ,      ,
601133792,ke  ,ISC      ,6/19/2012,5:17:16 AM,28.0622,57.6327,30,TRUE,ISC      ,mb    ,3.9
601475461,ke  ,ISC      ,6/20/2012,7:34:34 AM,28.9409,57.2594,10,TRUE,ISC      ,mb    ,3.5
601192913,ke  ,ISC      ,6/21/2012,1:08:18 AM,28.4883,56.9995,10,TRUE,ISC      ,mb    ,3.9
601475491,ke  ,ISC      ,6/21/2012,1:13:54 AM,27.6214,56.6431,19.7,,ISC      ,mb    ,3.5
601475508,ke  ,ISC      ,6/21/2012,9:23:41 AM,28.1518,57.59,30,TRUE,ISC      ,mb    ,3.6
604084396,ke  ,CSEM     ,6/24/2012,5:05:59 AM,25.0676,56.293,0,TRUE,         ,      ,
604846723,ke  ,TEH      ,6/24/2012,7:43:53 AM,28.235,56.052,21.8,,TEH      ,ML    ,2.5
602026863,ke  ,TEH      ,6/26/2012,6:16:12 PM,27.979,56.762,6.8,,TEH      ,ML    ,2.9
604084403,ke  ,DSN      ,6/26/2012,8:00:34 PM,25.2196,55.6866,4.8,,DSN      ,ML    ,2
604846736,ke  ,TEH      ,6/27/2012,11:18:28 PM,28.841,57.944,18.2,,TEH      ,ML    ,2.8
602027192,ke  ,TEH      ,6/29/2012,12:28:13 PM,27.835,56.747,13.3,,TEH      ,ML    ,3.1
604846755,ke  ,TEH      ,7/1/2012,11:47:20 PM,27.649,57.274,25.7,,TEH      ,ML    ,2.9
604846756,ke  ,TEH      ,7/1/2012,11:52:11 PM,27.822,56.958,22.4,,TEH      ,ML    ,2.7
604084408,ke  ,DSN      ,7/4/2012,4:13:08 AM,26.0094,57.3878,10,,DSN      ,ML    ,2.4
602027437,ke  ,ISC      ,7/4/2012,7:23:21 PM,27.0091,54.0316,10,TRUE,CSEM     ,ML    ,3.3
604084413,ke  ,CSEM     ,7/12/2012,5:26:18 AM,25.2127,56.1541,3,TRUE,         ,      ,
604846793,ke  ,TEH      ,7/12/2012,12:53:21 PM,27.44,55.256,10,,TEH      ,ML    ,3.3
604084414,ke  ,OMAN     ,7/12/2012,4:52:49 PM,28.7421,56.6492,10,TRUE,         ,      ,
602027631,ke  ,ISC      ,7/12/2012,9:02:42 PM,27.1958,54.3553,18,TRUE,TEH      ,ML    ,3.4
604723520,ke  ,DSN      ,7/12/2012,9:09:04 PM,27.1272,55.0714,15,,DSN      ,ML    ,2.4
601271869,ke  ,ISC      ,7/12/2012,9:18:29 PM,26.9626,55.0366,17,TRUE,ISC      ,mb    ,4.4
604084415,ke  ,OMAN     ,7/12/2012,11:52:21 PM,26.9361,57.6268,10,TRUE,         ,      ,
604084416,ke  ,DSN      ,7/13/2012,12:47:24 AM,26.9212,56.3409,15,,DSN      ,ML    ,2.4
604084417,ke  ,OMAN     ,7/14/2012,3:10:28 PM,27.0604,57.5853,10,TRUE,         ,      ,
604084418,ke  ,OMAN     ,7/14/2012,5:01:31 PM,26.0099,57.3905,10.4,,         ,      ,
604846810,ke  ,TEH      ,7/16/2012,7:33:39 AM,27.172,54.174,7.1,,TEH      ,ML    ,3.4
604084422,ke  ,OMAN     ,7/18/2012,11:52:12 AM,26.1902,56.4488,2.4,TRUE,         ,      ,
604846826,ke  ,TEH      ,7/18/2012,11:25:00 PM,27.346,56.257,9.5,,TEH      ,ML    ,2.6
604084423,ke  ,OMAN     ,7/19/2012,1:23:05 AM,25.0928,56.0582,10.9,,         ,      ,
604084424,ke  ,CSEM     ,7/20/2012,12:57:50 AM,25.3763,56.2489,6.5,TRUE,         ,      ,
601664931,ke  ,ISC      ,7/21/2012,8:14:35 PM,26.8565,53.8748,19,TRUE,ISC      ,mb    ,3.6
601456932,ke  ,ISC      ,7/22/2012,10:16:26 AM,32.5376,49.915,11,TRUE,ISC      ,mb    ,4.6
601664975,ke  ,ISC      ,7/22/2012,2:14:56 PM,27.3032,55.5985,6.5,,ISC      ,mb    ,3.7
604084427,ke  ,OMAN     ,7/22/2012,2:26:31 PM,27.3304,55.5312,2,TRUE,         ,      ,
602027872,ke  ,ISC      ,7/22/2012,6:17:12 PM,27.7646,56.5729,10,TRUE,THR      ,ML    ,3.5
601664997,ke  ,ISC      ,7/22/2012,10:15:47 PM,27.3314,55.6906,22.4,,ISC      ,mb    ,3.3
601666290,ke  ,ISC      ,7/23/2012,2:02:38 AM,27.5384,56.8006,15.4,,ISC      ,mb    ,3.4
604846848,ke  ,TEH      ,7/24/2012,1:02:01 AM,26.967,54.089,10,,TEH      ,ML    ,3.1
604846851,ke  ,TEH      ,7/24/2012,5:42:36 PM,28.447,55.724,10,,TEH      ,ML    ,2.7
604846853,ke  ,TEH      ,7/25/2012,6:31:13 AM,28.144,57.128,10,,TEH      ,ML    ,2.9
604084434,ke  ,DSN      ,7/28/2012,6:07:05 PM,26.8528,58.7018,15,,DSN      ,ML    ,2.6
604846864,ke  ,TEH      ,7/29/2012,2:54:49 AM,28.454,56.86,10,,TEH      ,ML    ,2.5
604846865,ke  ,TEH      ,7/29/2012,3:38:43 AM,28.405,56.881,21.3,,TEH      ,ML    ,2.9
604084437,ke  ,CSEM     ,7/30/2012,5:48:02 AM,25.1333,56.0752,14.6,TRUE,         ,      ,
604846876,ke  ,TEH      ,7/30/2012,5:18:23 PM,28.125,55.213,16.1,,TEH      ,ML    ,3.2
604846877,ke  ,TEH      ,7/30/2012,11:22:14 PM,28.055,56.83,10,,TEH      ,ML    ,3
604084438,ke  ,CSEM     ,7/31/2012,4:40:10 AM,25.263,56.1206,7.5,TRUE,         ,      ,
602028101,ke  ,ISC      ,7/31/2012,7:11:17 AM,28.5371,56.9259,31,TRUE,TEH      ,ML    ,3.6
604723525,ke  ,DSN      ,8/3/2012,2:25:14 PM,27.4818,55.8209,15,,DSN      ,ML    ,2.2
604084440,ke  ,ISC      ,8/3/2012,2:27:51 PM,27.3946,55.7305,15,TRUE,DSN      ,ML    ,2.6
604723526,ke  ,DSN      ,8/3/2012,2:30:07 PM,27.5043,55.9643,15,,DSN      ,ML    ,2.8
601765617,ke  ,ISC      ,8/7/2012,6:52:30 PM,27.1378,56.2933,10,TRUE,ISC      ,mb    ,3.7
604084445,ke  ,OMAN     ,8/8/2012,8:38:10 AM,25.9994,56.1089,23.2,,DSN      ,ML    ,3.2
604846894,ke  ,TEH      ,8/10/2012,6:14:36 AM,28.719,57.377,10,,TEH      ,ML    ,3.2
604723533,ke  ,ISC      ,8/11/2012,3:28:56 AM,27.2727,56.2923,10,TRUE,TEH      ,ML    ,3.2
601765748,ke  ,ISC      ,8/11/2012,11:14:29 AM,28.1409,57.4709,10,TRUE,ISC      ,mb    ,3.6
604084507,ke  ,OMAN     ,8/15/2012,8:19:04 AM,26.2152,56.2391,6,TRUE,         ,      ,
604846957,ke  ,TEH      ,8/16/2012,2:15:47 PM,28.564,55.956,10,,TEH      ,ML    ,3.1
604084520,ke  ,TEH      ,8/18/2012,2:46:39 PM,28.563,57.261,11.2,,TEH      ,ML    ,3.4
604084526,ke  ,ISC      ,8/19/2012,6:38:21 AM,27.2887,57.61,25,TRUE,TEH      ,ML    ,3.5
604084527,ke  ,OMAN     ,8/19/2012,10:59:52 PM,28.8256,56.9379,17,TRUE,         ,      ,
604084530,ke  ,ISC      ,8/20/2012,3:14:45 AM,28.8966,57.2765,10,TRUE,THR      ,ML    ,3.6
604084538,ke  ,OMAN     ,8/22/2012,3:52:47 AM,25.5496,56.0504,18.8,,         ,      ,
601766444,ke  ,ISC      ,8/25/2012,2:21:09 PM,28.2362,55.2057,10,TRUE,ISC      ,mb    ,3.9
604084548,ke  ,OMAN     ,8/27/2012,4:40:11 AM,25.2696,56.1841,15,TRUE,         ,      ,
604084550,ke  ,OMAN     ,8/27/2012,8:12:52 AM,25.9173,56.0417,3.3,,         ,      ,
604846981,ke  ,TEH      ,8/27/2012,6:21:34 PM,27.515,57.402,22.4,,TEH      ,ML    ,3.2
604846982,ke  ,TEH      ,8/28/2012,7:18:11 PM,26.732,54.223,10,,TEH      ,ML    ,3.2
604846983,ke  ,TEH      ,8/30/2012,8:26:27 AM,27.72,55.33,10,,TEH      ,ML    ,3
604084553,ke  ,ISC      ,8/31/2012,9:30:49 AM,27.7174,56.5785,18,TRUE,TEH      ,ML    ,3.1
606510568,ke  ,TEH      ,9/1/2012,9:07:46 PM,28.276,57.364,10,,TEH      ,ML    ,3.1
601671996,se  ,ISC      ,9/3/2012,3:03:43 AM,28.1964,57.8343,10,TRUE,ISC      ,mb    ,4.4
604084562,ke  ,OMAN     ,9/3/2012,4:50:53 AM,25.2208,56.1167,8.6,,         ,      ,
604084563,ke  ,OMAN     ,9/3/2012,4:53:10 AM,25.053,56.0312,13,TRUE,         ,      ,
604723573,ke  ,DSN      ,9/4/2012,1:18:17 AM,28.9536,56.496,15,,DSN      ,ML    ,3.1
604084566,ke  ,TEH      ,9/5/2012,2:19:27 AM,28.299,57.113,10,,TEH      ,ML    ,3.2
601676722,ke  ,ISC      ,9/6/2012,1:57:12 AM,27.1453,54.0476,19,TRUE,ISC      ,mb    ,5.1
604846992,ke  ,ISC      ,9/6/2012,3:13:35 AM,26.7622,53.8614,24,TRUE,TEH      ,ML    ,3.3
601676726,ke  ,ISC      ,9/6/2012,3:43:44 AM,27.0585,54.0933,24.2,,ISC      ,mb    ,4.9
606510573,ke  ,TEH      ,9/6/2012,4:26:58 AM,27.061,54.01,30,,TEH      ,ML    ,3.5
604723576,ke  ,ISC      ,9/6/2012,4:40:42 AM,26.7619,53.9388,24,TRUE,TEH      ,ML    ,3.4
606510575,ke  ,TEH      ,9/6/2012,8:31:18 AM,26.977,54.041,20,,TEH      ,ML    ,3.3
606510578,ke  ,TEH      ,9/6/2012,12:44:08 PM,27.097,54.069,30,,TEH      ,ML    ,3.2
601685417,se  ,ISC      ,9/6/2012,1:41:04 PM,27.1475,53.992,19,TRUE,ISC      ,mb    ,4.1
604084569,ke  ,TEH      ,9/6/2012,11:17:23 PM,27.169,54.101,45,,TEH      ,ML    ,3
604723577,ke  ,ISC      ,9/7/2012,1:14:30 AM,26.8981,54.0395,19,TRUE,DSN      ,ML    ,3.3
601863107,ke  ,ISC      ,9/7/2012,7:18:15 AM,27.1,54.1179,19,TRUE,ISC      ,mb    ,3.8
606510579,ke  ,TEH      ,9/7/2012,11:58:00 AM,26.974,54.033,40,,TEH      ,ML    ,3.2
604084571,ke  ,TEH      ,9/7/2012,10:11:49 PM,27.586,56.291,10,,TEH      ,ML    ,3
606510580,ke  ,TEH      ,9/8/2012,2:15:14 AM,27.577,56.334,10,,TEH      ,ML    ,3
601863172,ke  ,ISC      ,9/8/2012,2:27:28 PM,26.917,56.0188,9,,ISC      ,mb    ,3.7
604084575,ke  ,ISC      ,9/9/2012,12:11:18 AM,27.3564,54.3142,25,TRUE,ISC      ,mb    ,3.8
606510585,ke  ,TEH      ,9/10/2012,12:10:29 AM,27.125,54.09,25.6,,TEH      ,ML    ,3
604084581,ke  ,TEH      ,9/13/2012,1:19:52 AM,27.1,54.112,19.6,,TEH      ,ML    ,3.1
601712543,se  ,ISC      ,9/13/2012,8:01:46 AM,26.9936,53.9505,7.2,,ISC      ,mb    ,4.4
604737957,ke  ,GII      ,9/13/2012,8:07:22 AM,27.04,54.04,2,,         ,      ,
606510590,ke  ,TEH      ,9/13/2012,8:59:08 AM,27.142,54.051,10,,TEH      ,ML    ,3
601863577,ke  ,ISC      ,9/15/2012,7:40:14 AM,27.1745,53.9832,19,TRUE,ISC      ,mb    ,3.7
604723596,ke  ,TEH      ,9/15/2012,6:09:17 PM,27.187,54.052,28,,TEH      ,ML    ,3.1
604737965,ke  ,ISC      ,9/16/2012,10:26:15 AM,27.3947,54.3594,25,TRUE,THR      ,ML    ,3.7
601863653,ke  ,ISC      ,9/16/2012,1:41:32 PM,26.8781,53.8457,10,TRUE,ISC      ,mb    ,3.4
601863713,ke  ,ISC      ,9/17/2012,3:50:27 PM,27.2234,54.0491,19,TRUE,ISC      ,mb    ,4
604084587,ke  ,ISC      ,9/17/2012,5:00:20 PM,27.1764,54.035,19,TRUE,TEH      ,ML    ,3.5
606510600,ke  ,TEH      ,9/19/2012,2:19:49 AM,28.285,57.025,24.6,,TEH      ,ML    ,3.2
604084589,ke  ,TEH      ,9/21/2012,9:03:49 AM,28.512,57.363,9.2,,TEH      ,ML    ,3.4
604084593,ke  ,DSN      ,9/23/2012,12:18:03 AM,26.1638,56.4188,10,,DSN      ,ML    ,1.8
604084594,ke  ,DSN      ,9/23/2012,2:56:59 PM,26.1435,57.4459,10,,DSN      ,ML    ,2.4
604084595,ke  ,OMAN     ,9/24/2012,8:13:42 AM,25.9274,56.0452,20,TRUE,         ,      ,
604084596,ke  ,OMAN     ,9/25/2012,4:52:57 AM,25.1849,56.1299,5,TRUE,         ,      ,
604084597,ke  ,OMAN     ,9/25/2012,8:02:51 AM,25.9618,56.1173,8.5,,         ,      ,
604084598,ke  ,OMAN     ,9/25/2012,8:16:59 AM,26.0692,56.317,12.4,,         ,      ,
604084599,ke  ,DSN      ,9/25/2012,6:19:24 PM,24.8983,55.6581,1.7,,DSN      ,ML    ,1.7
606510606,ke  ,TEH      ,9/25/2012,7:04:16 PM,28.479,56.78,10,,TEH      ,ML    ,3.1
604084601,ke  ,OMAN     ,9/26/2012,8:06:12 AM,25.6038,56.0231,35.3,,         ,      ,
604084602,ke  ,OMAN     ,9/26/2012,8:14:11 AM,25.9618,56.0593,17.3,,         ,      ,
604084603,ke  ,DSN      ,9/26/2012,8:21:02 AM,27.1391,56.29,4.3,,DSN      ,ML    ,3.3
604084606,ke  ,OMAN     ,9/30/2012,8:15:22 AM,25.968,56.07,17.4,,         ,      ,
606583082,ke  ,TEH      ,10/1/2012,7:57:01 AM,27.13,54.061,19.8,,TEH      ,ML    ,3.6
604084608,ke  ,OMAN     ,10/1/2012,8:20:55 AM,26.0801,56.1808,13.6,,         ,      ,
604084610,ke  ,OMAN     ,10/2/2012,3:32:00 AM,25.4422,55.6963,71.4,,         ,      ,
604084612,ke  ,OMAN     ,10/2/2012,6:07:15 AM,25.5224,55.9244,12,TRUE,         ,      ,
604084613,ke  ,OMAN     ,10/2/2012,8:38:01 PM,25.8423,56.4038,4,TRUE,         ,      ,
604084614,ke  ,DSN      ,10/2/2012,9:13:55 PM,25.8095,56.3795,5,,DSN      ,ML    ,1.7
604723610,ke  ,DSN      ,10/3/2012,12:50:04 AM,26.7483,57.298,15,,DSN      ,ML    ,2.3
604084617,ke  ,OMAN     ,10/3/2012,3:43:54 AM,25.9638,56.4804,13,TRUE,         ,      ,
604084618,ke  ,OMAN     ,10/3/2012,8:24:45 AM,25.8322,56.3235,10,TRUE,DSN      ,ML    ,2.2
601997012,ke  ,ISC      ,10/4/2012,8:28:48 AM,25.763,56.4846,10,TRUE,ISC      ,mb    ,3.8
601997232,ke  ,ISC      ,10/6/2012,3:01:14 AM,28.3202,55.9976,10,TRUE,ISC      ,mb    ,3.9
604084626,ke  ,OMAN     ,10/6/2012,8:14:50 AM,25.9603,56.096,0.1,,         ,      ,
604084628,ke  ,OMAN     ,10/7/2012,4:58:55 AM,25.0479,55.7884,16.3,,         ,      ,
606583125,ke  ,TEH      ,10/7/2012,9:21:37 AM,28.316,56.176,10.5,,TEH      ,ML    ,3
604084633,ke  ,OMAN     ,10/9/2012,8:30:01 PM,25.8405,56.3563,1.4,,         ,      ,
606544489,ke  ,TEH      ,10/13/2012,3:15:29 PM,28.397,55.909,10,,TEH      ,ML    ,3.1
604084644,ke  ,OMAN     ,10/16/2012,5:47:15 AM,25.161,56.0671,3.7,,         ,      ,
604084645,ke  ,OMAN     ,10/16/2012,6:31:01 AM,25.0334,55.6773,5,,         ,      ,
606544499,ke  ,TEH      ,10/17/2012,5:49:56 AM,28.174,57.005,10,,TEH      ,ML    ,3
601839962,fe  ,ISC      ,10/21/2012,4:13:22 PM,25.312,56.2065,12.8,,ISC      ,mb    ,4.1
604084652,ke  ,ISC      ,10/21/2012,5:07:13 PM,25.3308,56.223,6.3,,TEH      ,ML    ,3.8
601999189,ke  ,ISC      ,10/21/2012,5:08:56 PM,25.3348,56.2361,2.5,,ISC      ,mb    ,3.8
604084655,ke  ,OMAN     ,10/26/2012,3:42:16 AM,26.718,54.8776,5,TRUE,         ,      ,
606544515,ke  ,TEH      ,11/2/2012,4:33:00 AM,27.635,56.756,5.4,,TEH      ,ML    ,3
604084676,ke  ,OMAN     ,11/4/2012,5:42:47 AM,25.198,56.2165,32.4,,         ,      ,
602388875,ke  ,ISC      ,11/5/2012,3:59:22 PM,28.1469,55.6386,22,TRUE,ISC      ,mb    ,3.5
606544524,ke  ,TEH      ,11/6/2012,6:26:10 PM,28.152,57.319,10,,TEH      ,ML    ,3
602388925,ke  ,ISC      ,11/6/2012,9:31:31 PM,28.1831,55.7609,16,TRUE,ISC      ,mb    ,3.3
606544529,ke  ,TEH      ,11/7/2012,3:37:01 PM,27.165,54.036,10,,TEH      ,ML    ,3.2
604084690,ke  ,OMAN     ,11/8/2012,4:12:35 AM,25.075,55.9813,32.4,,         ,      ,
602389053,ke  ,ISC      ,11/8/2012,8:39:53 PM,28.1694,55.6199,22,TRUE,ISC      ,mb    ,3.8
606544531,ke  ,TEH      ,11/9/2012,5:16:58 AM,28.25,55.772,10,,TEH      ,ML    ,3.2
604084694,ke  ,OMAN     ,11/11/2012,5:18:52 AM,25.2024,56.2185,16.9,,         ,      ,
604084697,ke  ,OMAN     ,11/13/2012,5:02:20 AM,25.2489,56.0944,15.2,,         ,      ,
604084698,ke  ,OMAN     ,11/13/2012,5:09:17 AM,25.1449,56.2022,0,,         ,      ,
604084699,ke  ,OMAN     ,11/13/2012,5:35:13 AM,25.1391,56.1068,0.1,,         ,      ,
604084701,ke  ,OMAN     ,11/13/2012,6:26:59 AM,25.0989,56.0864,27.2,,         ,      ,
604084702,ke  ,OMAN     ,11/13/2012,6:32:54 AM,25.1076,56.0438,15.2,,         ,      ,
606544539,ke  ,TEH      ,11/13/2012,9:36:47 PM,26.966,55.163,16.9,,TEH      ,ML    ,3.4
604084703,ke  ,OMAN     ,11/14/2012,4:53:10 AM,25.1437,56.0924,6.9,,         ,      ,
604084704,ke  ,OMAN     ,11/14/2012,5:06:35 AM,25.1101,56.3618,13,TRUE,         ,      ,
604084705,ke  ,OMAN     ,11/14/2012,6:55:13 AM,25.1077,56.1758,25.5,,         ,      ,
604084708,ke  ,DSN      ,11/16/2012,7:36:17 AM,28.6556,56.3395,15,,DSN      ,ML    ,2.6
604084712,ke  ,OMAN     ,11/18/2012,5:34:46 AM,25.1555,56.1004,14.2,TRUE,         ,      ,
604724428,ke  ,DSN      ,11/18/2012,6:15:53 AM,25.2455,56.1307,0,,DSN      ,ML    ,1.3
604724429,ke  ,DSN      ,11/18/2012,8:14:00 PM,26.6166,56.3804,10,,DSN      ,ML    ,1.8
604084714,ke  ,OMAN     ,11/19/2012,4:12:58 AM,25.4003,55.8472,36.5,,         ,      ,
604084715,ke  ,OMAN     ,11/19/2012,4:28:55 AM,25.0821,56.3562,6.4,,         ,      ,
604084716,ke  ,OMAN     ,11/19/2012,6:21:55 AM,25.2747,56.0603,4.5,,         ,      ,
604084720,ke  ,OMAN     ,11/21/2012,8:13:36 AM,25.0042,56.2765,21.9,,         ,      ,
604084722,ke  ,OMAN     ,11/22/2012,4:54:32 AM,25.2104,56.3773,11.5,,         ,      ,
604084723,ke  ,OMAN     ,11/22/2012,4:56:25 AM,25.0029,56.3462,1.4,TRUE,         ,      ,
604084724,ke  ,OMAN     ,11/22/2012,5:12:21 AM,25.1027,55.6932,4,TRUE,         ,      ,
604084725,ke  ,OMAN     ,11/22/2012,5:31:47 AM,25.3013,56.079,11.4,,         ,      ,
606544546,ke  ,TEH      ,11/24/2012,1:00:19 PM,28.952,57.636,10,,TEH      ,ML    ,3.1
604084730,ke  ,OMAN     ,11/25/2012,5:52:27 AM,25.0643,56.1783,12.3,,         ,      ,
604084732,ke  ,OMAN     ,11/26/2012,4:09:35 AM,25.5396,55.9314,7,TRUE,         ,      ,
604084733,ke  ,DSN      ,11/26/2012,4:16:44 AM,25.3658,55.9845,0,,DSN      ,ML    ,1.3
604084734,ke  ,OMAN     ,11/26/2012,4:41:45 AM,25.511,55.9342,2,TRUE,         ,      ,
604084735,ke  ,DSN      ,11/26/2012,5:23:10 AM,25.2258,56.1077,0,,DSN      ,ML    ,1.3
604084736,ke  ,OMAN     ,11/26/2012,5:34:41 AM,25.1721,56.1457,24.2,,         ,      ,
606544548,ke  ,TEH      ,11/26/2012,9:35:50 AM,28.948,57.711,10,,TEH      ,ML    ,3.6
604084738,ke  ,OMAN     ,11/27/2012,4:15:07 AM,25.3244,56.0798,20.6,,         ,      ,
604084739,ke  ,OMAN     ,11/27/2012,5:20:02 AM,25.2032,56.093,18.1,,         ,      ,
604084742,ke  ,OMAN     ,11/29/2012,5:03:35 AM,25.2817,56.1667,25,,         ,      ,
601995187,ke  ,ISC      ,11/29/2012,5:54:35 AM,26.981,54.9994,17,TRUE,ISC      ,mb    ,3.8
606544550,ke  ,TEH      ,11/29/2012,11:13:38 AM,26.988,54.983,10,,TEH      ,ML    ,3.3
602390175,ke  ,ISC      ,11/29/2012,5:29:17 PM,27.0103,55.0818,17,TRUE,IDC      ,mb    ,3.4
604084744,ke  ,OMAN     ,12/2/2012,6:17:31 AM,25.5084,55.9504,11.9,TRUE,         ,      ,
604724438,ke  ,DSN      ,12/3/2012,9:37:26 AM,26.4285,56.2673,10,,DSN      ,ML    ,2.2
604084747,ke  ,DSN      ,12/3/2012,5:43:54 PM,27.261,56.2965,15,,DSN      ,ML    ,2.7
604084751,ke  ,OMAN     ,12/6/2012,4:29:15 AM,25.5259,56.0819,6,TRUE,         ,      ,
604084752,ke  ,OMAN     ,12/6/2012,4:34:31 AM,25.2656,56.0286,15.7,,         ,      ,
604084754,ke  ,DSN      ,12/7/2012,2:05:45 PM,26.633,55.5785,15,,DSN      ,ML    ,2.2
604084755,ke  ,OMAN     ,12/7/2012,3:08:29 PM,27.151,54.9528,32,TRUE,         ,      ,
602032211,se  ,ISC      ,12/9/2012,12:14:10 AM,28.014,57.3642,30,TRUE,ISC      ,mb    ,4.2
604084761,ke  ,OMAN     ,12/11/2012,12:27:28 AM,27.4541,56.8294,14.8,,         ,      ,
604084763,ke  ,OMAN     ,12/12/2012,5:32:24 AM,25.0014,56.3656,2.8,TRUE,         ,      ,
604084765,ke  ,OMAN     ,12/12/2012,10:49:41 PM,26.8398,55.8841,8.7,,         ,      ,
602043515,se  ,ISC      ,12/14/2012,10:10:27 AM,28.3932,57.3796,10,TRUE,ISC      ,mb    ,4
606510655,ke  ,TEH      ,12/14/2012,11:05:58 AM,28.518,57.294,12,,TEH      ,ML    ,3.4
606510656,ke  ,TEH      ,12/14/2012,5:43:09 PM,28.438,57.321,10,,TEH      ,ML    ,3.1
606510657,ke  ,TEH      ,12/14/2012,6:28:38 PM,28.477,57.325,10,,TEH      ,ML    ,3
604084767,ke  ,ISC      ,12/14/2012,9:42:13 PM,28.1833,57.1451,10,TRUE,TEH      ,ML    ,3
604084768,ke  ,OMAN     ,12/16/2012,5:20:47 AM,25.0097,56.3137,10,TRUE,         ,      ,
606510662,ke  ,TEH      ,12/17/2012,12:52:05 PM,28.293,55.869,10,,TEH      ,ML    ,3.2
602047007,se  ,ISC      ,12/18/2012,2:53:49 AM,28.3285,57.0014,10,TRUE,ISC      ,mb    ,4.2
604084771,ke  ,OMAN     ,12/19/2012,5:10:00 AM,25.1849,56.0723,11.6,,         ,      ,
606510663,ke  ,TEH      ,12/19/2012,5:41:58 AM,28.117,57.319,10,,TEH      ,ML    ,3.5
604084772,ke  ,OMAN     ,12/19/2012,6:06:28 AM,25.1574,56.0097,16,,         ,      ,
604084775,ke  ,OMAN     ,12/20/2012,5:53:19 AM,25.1275,56.0496,9.9,,         ,      ,
604084778,ke  ,ISC      ,12/21/2012,7:11:21 AM,27.9563,56.9562,24,TRUE,TEH      ,ML    ,3.5
602391820,ke  ,ISC      ,12/21/2012,7:11:11 PM,27.0734,54.0482,19,TRUE,ISC      ,mb    ,3.6
604084779,ke  ,OMAN     ,12/22/2012,5:30:30 AM,25.5009,56.0122,5.9,,         ,      ,
604084780,ke  ,TEH      ,12/22/2012,8:02:37 PM,28.516,57.02,10,,TEH      ,ML    ,3.1
604084781,ke  ,DSN      ,12/22/2012,8:16:01 PM,28.2944,57.3418,15,,DSN      ,ML    ,2.7
602391887,ke  ,ISC      ,12/22/2012,8:23:31 PM,28.4918,56.8214,10,TRUE,ISC      ,mb    ,3.4
604084782,ke  ,OMAN     ,12/23/2012,4:51:35 AM,25.3143,56.0392,16.7,,         ,      ,
604084783,ke  ,OMAN     ,12/23/2012,5:37:15 AM,25.2349,56.1274,14.6,,         ,      ,
604084784,ke  ,OMAN     ,12/23/2012,6:06:43 AM,25.0529,56.0794,1.3,,         ,      ,
604849025,ke  ,ISC      ,12/23/2012,9:26:30 AM,28.7145,57.1695,31,TRUE,TEH      ,ML    ,3.6
604084785,ke  ,DSN      ,12/24/2012,1:04:44 AM,25.175,55.7462,7.4,,DSN      ,ML    ,1.4
604084786,ke  ,OMAN     ,12/25/2012,4:48:09 AM,25.0962,56.2811,15,TRUE,         ,      ,
604084787,ke  ,OMAN     ,12/25/2012,5:02:29 AM,25.2933,56.1558,18,,         ,      ,
604084788,ke  ,OMAN     ,12/25/2012,5:22:36 AM,25.2357,56.0828,8.2,,         ,      ,
602059878,ke  ,ISC      ,12/26/2012,3:53:00 AM,26.8275,54.2453,19,TRUE,ISC      ,mb    ,4
604084789,ke  ,OMAN     ,12/26/2012,4:29:01 AM,25.2051,56.3395,8.9,,         ,      ,
604084790,ke  ,OMAN     ,12/26/2012,5:36:46 AM,25.0454,56.2042,7.5,,         ,      ,
604084793,ke  ,OMAN     ,12/27/2012,4:52:30 AM,25.2799,56.1009,13.5,,         ,      ,
604084794,ke  ,OMAN     ,12/27/2012,6:08:04 AM,25.2016,56.1417,24,TRUE,         ,      ,
604084795,ke  ,OMAN     ,12/30/2012,4:20:48 AM,25.3186,55.9969,8,TRUE,         ,      ,
604084796,ke  ,OMAN     ,12/31/2012,6:33:35 AM,25.4271,56.0602,11,TRUE,         ,      ,
605329910,ke  ,OMAN     ,1/2/2013,1:54:16 AM,27.3114,56.4988,8.4,,OMAN     ,ml    ,2.7
605329932,ke  ,OMAN     ,1/3/2013,5:07:53 AM,25.1864,56.1235,18.1,,         ,      ,
605329933,ke  ,OMAN     ,1/3/2013,6:24:06 AM,25.1399,56.0426,7.6,,OMAN     ,ml    ,1.5
605329951,ke  ,OMAN     ,1/4/2013,7:20:21 AM,25.5234,57.5754,2,TRUE,OMAN     ,ml    ,2.5
602213461,fe  ,ISC      ,1/7/2013,12:41:59 AM,27.0377,56.1347,16.2,,ISC      ,mb    ,4.3
602855291,ke  ,ISC      ,1/7/2013,12:41:38 PM,27.0394,56.3757,10,TRUE,ISC      ,mb    ,3.5
604849051,ke  ,TEH      ,1/7/2013,1:36:44 PM,27.037,56.183,9.8,,TEH      ,ML    ,3.2
605194777,ke  ,DSN      ,1/8/2013,9:12:08 PM,26.3963,57.4479,15,,DSN      ,ML    ,2.2
606510696,ke  ,TEH      ,1/8/2013,10:31:14 PM,28.157,55.813,10,,TEH      ,ML    ,3.1
602855659,ke  ,ISC      ,1/12/2013,5:56:43 AM,26.6215,55.0544,12,TRUE,ISC      ,mb    ,3.3
605194781,ke  ,DSN      ,1/13/2013,8:27:08 PM,28.813,56.3079,10,,DSN      ,ML    ,2.6
602855794,ke  ,ISC      ,1/14/2013,6:28:59 PM,26.7483,55.3039,10,TRUE,ISC      ,mb    ,3.3
605194782,ke  ,DSN      ,1/14/2013,8:38:10 PM,28.9764,56.8399,15,,DSN      ,ML    ,3.2
602855803,ke  ,ISC      ,1/14/2013,10:45:20 PM,26.7258,55.2788,10,TRUE,ISC      ,mb    ,3.6
605194783,ke  ,OMAN     ,1/18/2013,9:30:54 AM,26.978,55.5731,87.3,,DSN      ,ML    ,2.8
605194784,ke  ,DSN      ,1/18/2013,9:48:07 AM,27.0141,55.3944,23,,DSN      ,ML    ,2.9
604849069,ke  ,TEH      ,1/18/2013,5:08:40 PM,26.745,55.372,19.5,,TEH      ,ML    ,3.1
605330153,ke  ,OMAN     ,1/18/2013,9:05:57 PM,27.0413,55.438,69.6,,OMAN     ,ml    ,2.9
605330183,ke  ,OMAN     ,1/19/2013,7:14:44 PM,26.7787,55.2651,9.9,,OMAN     ,ml    ,2.5
604849073,ke  ,TEH      ,1/19/2013,10:56:50 PM,28.392,56.877,5.4,,TEH      ,ML    ,3.3
605330201,ke  ,OMAN     ,1/20/2013,4:32:55 AM,25.5784,56.0075,16.2,,OMAN     ,ml    ,1.6
605330202,ke  ,OMAN     ,1/20/2013,4:52:12 AM,25.2512,56.0094,2.9,,OMAN     ,ml    ,1.7
606510714,ke  ,TEH      ,1/22/2013,1:57:30 PM,28.575,57.2,10,,TEH      ,ML    ,3.1
604849080,ke  ,TEH      ,1/23/2013,8:31:56 PM,27.878,56.493,10,,TEH      ,ML    ,3.2
604849082,ke  ,ISC      ,1/23/2013,11:09:40 PM,29.0758,56.9596,10,TRUE,TEH      ,ML    ,3.2
602347964,se  ,ISC      ,1/24/2013,4:51:06 AM,27.8787,56.5018,10,TRUE,ISC      ,mb    ,4.7
602348380,se  ,ISC      ,1/24/2013,9:28:33 AM,27.7813,56.3972,28,TRUE,ISC      ,mb    ,4.2
606510721,ke  ,TEH      ,1/24/2013,3:48:55 PM,28.346,56.331,20.8,,TEH      ,ML    ,3.1
605194788,ke  ,DSN      ,1/24/2013,5:32:50 PM,26.9434,55.3388,15,,DSN      ,ML    ,2.4
605194789,ke  ,DSN      ,1/24/2013,7:51:41 PM,27.0307,55.429,15,,DSN      ,ML    ,2.5
602856327,ke  ,ISC      ,1/25/2013,6:16:12 AM,26.6245,54.6576,9.1,,ISC      ,mb    ,3.3
606510722,ke  ,TEH      ,1/26/2013,3:02:51 AM,27.941,57.221,9,,TEH      ,ML    ,3.1
604849090,ke  ,ISC      ,1/26/2013,2:18:17 PM,27.6312,56.7177,13.6,,TEH      ,ML    ,3.3
606510723,ke  ,TEH      ,1/27/2013,12:44:20 AM,26.853,54.498,6,,TEH      ,ML    ,3.3
605330378,ke  ,OMAN     ,1/27/2013,3:56:03 AM,26.9188,55.3649,16,,OMAN     ,ml    ,2.5
605194791,ke  ,DSN      ,1/28/2013,2:29:38 AM,25.2654,55.7377,0,,DSN      ,ML    ,1.4
604849094,ke  ,ISC      ,1/29/2013,1:59:45 AM,26.7513,54.0973,19,TRUE,DSN      ,ML    ,3.6
605194792,ke  ,DSN      ,1/29/2013,2:29:01 AM,24.9737,55.6609,8,,DSN      ,ML    ,2.4
606510728,ke  ,TEH      ,2/2/2013,2:58:19 AM,27.849,56.55,10,,TEH      ,ML    ,3
605331058,ke  ,OMAN     ,2/3/2013,9:53:08 AM,26.7758,54.9731,23,TRUE,OMAN     ,ml    ,2.9
602392555,se  ,ISC      ,2/3/2013,5:46:59 PM,27.6806,56.5378,40.9,,ISC      ,mb    ,4.4
605331087,ke  ,OMAN     ,2/4/2013,5:02:48 AM,25.1956,56.3496,6.7,,OMAN     ,ml    ,1.2
606510729,ke  ,TEH      ,2/4/2013,6:08:25 AM,27.695,56.63,13.4,,TEH      ,ML    ,3.2
605194793,ke  ,DSN      ,2/4/2013,7:08:09 AM,25.0216,56.1632,0,,DSN      ,ML    ,1.8
604849103,ke  ,ISC      ,2/4/2013,8:56:34 PM,27.7741,58.3224,10,TRUE,TEH      ,ML    ,3.3
605331142,ke  ,OMAN     ,2/7/2013,4:29:12 AM,25.5304,55.9502,23,TRUE,OMAN     ,ml    ,1.6
605331143,ke  ,OMAN     ,2/7/2013,4:36:39 AM,25.5102,56.2126,12,TRUE,OMAN     ,ml    ,1.6
602426968,se  ,ISC      ,2/7/2013,1:42:09 PM,27.5156,56.3175,9.2,,ISC      ,mb    ,4.2
605194796,ke  ,OMAN     ,2/9/2013,8:23:13 AM,26.0184,56.1935,9.6,,OMAN     ,ml    ,2.5
605331193,ke  ,OMAN     ,2/10/2013,5:36:42 AM,25.2011,56.1872,25.9,TRUE,OMAN     ,ml    ,1.2
606509321,ke  ,TEH      ,2/10/2013,6:41:43 AM,28.54,57.754,10,,TEH      ,ML    ,3.3
602433716,se  ,ISC      ,2/12/2013,9:11:06 PM,27.163,54.1379,5.4,,ISC      ,mb    ,4
605302464,ke  ,OMAN     ,2/13/2013,4:38:20 AM,25.0604,56.3224,15,TRUE,OMAN     ,ml    ,1.4
602444803,ke  ,ISC      ,2/16/2013,1:09:06 PM,28.3891,57.1625,31,TRUE,ISC      ,mb    ,4.3
606509327,ke  ,TEH      ,2/17/2013,7:53:48 AM,28.479,56.828,10.8,,TEH      ,ML    ,3.3
604849119,ke  ,TEH      ,2/17/2013,11:42:59 PM,26.657,56.117,15.9,,TEH      ,ML    ,3.1
605302468,ke  ,OMAN     ,2/19/2013,5:49:10 AM,25.0501,56.3224,15,TRUE,OMAN     ,ml    ,1.4
602563801,ke  ,ISC      ,2/20/2013,6:59:40 PM,28.173,55.3505,10,TRUE,ISC      ,mb    ,3.8
607229119,ke  ,THR      ,2/21/2013,2:08:26 AM,28.08,56.17,16,,THR      ,ML    ,2.8
605194799,ke  ,DSN      ,2/21/2013,7:38:58 AM,26.9143,56.0972,10,,DSN      ,ML    ,2.3
606509341,ke  ,ISC      ,2/26/2013,3:27:30 AM,30.1813,56.1527,10,TRUE,THR      ,ML    ,3.7
605302470,ke  ,OMAN     ,2/26/2013,6:44:14 PM,25.9225,57.6913,4.5,,OMAN     ,ml    ,2.4
605302471,ke  ,OMAN     ,2/27/2013,5:13:28 AM,25.5607,56.0376,16.6,TRUE,OMAN     ,ml    ,1
606509344,ke  ,TEH      ,2/27/2013,5:31:32 PM,27.114,56.428,7.8,,TEH      ,ML    ,3
605194804,ke  ,DSN      ,2/28/2013,2:46:20 AM,26.6563,56.1051,10,,DSN      ,ML    ,2.5
604849228,ke  ,TEH      ,2/28/2013,3:09:03 AM,26.576,56.114,14.2,,TEH      ,ML    ,3.2
605302472,ke  ,OMAN     ,2/28/2013,5:27:24 AM,25.3246,56.075,25.5,,OMAN     ,ml    ,1.3
605194808,ke  ,DSN      ,3/3/2013,4:51:47 AM,25.3825,56.075,0,,DSN      ,ML    ,1
605302476,ke  ,OMAN     ,3/4/2013,5:27:08 AM,25.1286,56.0524,10,TRUE,OMAN     ,ml    ,1.3
602711323,se  ,ISC      ,3/4/2013,2:29:53 PM,27.612,56.66,9.6,,ISC      ,mb    ,4
605302478,ke  ,OMAN     ,3/5/2013,5:00:10 AM,25.0777,56.2491,6.4,,OMAN     ,ml    ,1.4
604849245,ke  ,ISC      ,3/6/2013,1:16:25 PM,28.5758,56.419,10,TRUE,THR      ,ML    ,3.2
602860293,ke  ,ISC      ,3/8/2013,5:35:17 PM,27.681,54.7988,20,TRUE,ISC      ,mb    ,3.5
602589391,se  ,ISC      ,3/8/2013,9:38:51 PM,28.3578,57.9925,100,TRUE,ISC      ,mb    ,4.3
604849250,ke  ,ISC      ,3/8/2013,10:42:54 PM,28.2734,57.3843,30,TRUE,OMAN     ,ml    ,3
602860316,ke  ,ISC      ,3/9/2013,3:25:01 AM,27.6619,55.1744,22,TRUE,ISC      ,mb    ,3.5
605302483,ke  ,OMAN     ,3/10/2013,4:23:49 AM,25.5252,56.0132,13.6,,OMAN     ,ml    ,1.6
606509364,ke  ,TEH      ,3/13/2013,4:49:54 AM,27.401,56.358,7.1,,TEH      ,ML    ,3.1
605194827,ke  ,DSN      ,3/13/2013,9:19:52 PM,28.7389,56.2293,15,,DSN      ,ML    ,2.4
605302486,ke  ,ISC      ,3/15/2013,8:01:33 AM,25.3282,57.8481,10,TRUE,DSN      ,ML    ,2.4
606509366,ke  ,TEH      ,3/16/2013,4:06:13 AM,27.893,57.153,10,,TEH      ,ML    ,3.1
605302487,ke  ,OMAN     ,3/16/2013,9:15:36 PM,25.8931,57.3262,18.6,,OMAN     ,ml    ,2.2
602861279,ke  ,ISC      ,3/16/2013,11:19:43 PM,28.2486,55.6177,10,TRUE,ISC      ,mb    ,3.6
606509372,ke  ,TEH      ,3/19/2013,11:59:24 AM,28.512,57.392,10,,TEH      ,ML    ,3.2
604849273,ke  ,ISC      ,3/19/2013,9:29:45 PM,27.8911,56.7292,10,TRUE,THR      ,ML    ,3.6
605302491,ke  ,OMAN     ,3/21/2013,5:21:54 AM,25.1475,55.8999,10.9,,OMAN     ,ml    ,1.6
606509377,ke  ,TEH      ,3/21/2013,6:16:03 AM,28.174,57.307,10,,TEH      ,ML    ,3.2
602854451,ke  ,ISC      ,3/25/2013,3:57:51 PM,27.3476,56.1137,10,TRUE,ISC      ,mb    ,3.3
606509390,ke  ,TEH      ,3/28/2013,3:27:10 AM,28.28,57.596,10,,TEH      ,ML    ,3.4
606941770,se  ,ISC      ,3/28/2013,7:53:29 PM,26.7558,54.4591,18,TRUE,ISC      ,mb    ,4.2
604849302,ke  ,ISC      ,3/29/2013,10:43:38 AM,26.4624,55.0395,17,TRUE,DSN      ,ML    ,2.8
605194857,ke  ,OMAN     ,3/29/2013,6:19:37 PM,27.8988,57.0621,25.7,,DSN      ,ML    ,2.8
606509396,ke  ,TEH      ,3/31/2013,12:10:12 PM,27.845,56.786,14.7,,TEH      ,ML    ,3.1
606509400,ke  ,ISC      ,4/3/2013,10:59:06 PM,28.1174,56.0754,16,TRUE,THR      ,ML    ,3.6
604849317,ke  ,TEH      ,4/5/2013,8:10:26 PM,27.691,57.735,10,,TEH      ,ML    ,3.4
606509408,ke  ,TEH      ,4/8/2013,2:42:44 AM,28.791,57.984,10,,TEH      ,ML    ,3.2
606509409,ke  ,ISC      ,4/9/2013,6:19:00 AM,28.909,57.8819,19,TRUE,THR      ,ML    ,3.2
603040197,ke  ,ISC      ,4/9/2013,11:03:58 AM,28.2817,57.3631,10,TRUE,ISC      ,mb    ,3.6
605302506,ke  ,OMAN     ,4/10/2013,4:52:38 AM,25.1879,55.7286,34.2,,OMAN     ,ml    ,1.9
606509439,ke  ,TEH      ,4/10/2013,8:57:27 AM,28.257,55.99,10,,TEH      ,ML    ,3
606509467,ke  ,TEH      ,4/11/2013,8:00:43 PM,28.019,57.376,10,,TEH      ,ML    ,3
606509472,ke  ,TEH      ,4/12/2013,5:41:02 AM,27.352,55.866,10,,TEH      ,ML    ,3
603040541,ke  ,ISC      ,4/13/2013,10:23:17 PM,27.7921,56.7702,18,TRUE,ISC      ,mb    ,3.6
605194863,ke  ,OMAN     ,4/14/2013,3:57:18 AM,26.165,56.3925,5.4,,OMAN     ,ml    ,2.5
605194864,ke  ,DSN      ,4/15/2013,3:58:22 AM,25.1022,56.2775,0,,DSN      ,ML    ,1.2
604849418,ke  ,ISC      ,4/16/2013,5:26:19 AM,28.392,51.6909,24,TRUE,THR      ,ML    ,3.4
606509493,ke  ,TEH      ,4/16/2013,11:49:27 AM,28.485,57.254,10,,TEH      ,ML    ,3.4
606509495,ke  ,TEH      ,4/16/2013,2:05:13 PM,28.44,57.158,10,,TEH      ,ML    ,3
605302515,ke  ,OMAN     ,4/21/2013,4:57:17 AM,25.2124,56.07,30,TRUE,         ,      ,
604849449,ke  ,ISC      ,4/21/2013,11:11:34 PM,27.9124,56.675,28,TRUE,TEH      ,ML    ,3.2
605302518,ke  ,OMAN     ,4/22/2013,4:19:50 AM,25.0964,56.3424,6.6,,OMAN     ,ml    ,1.2
603041436,se  ,ISC      ,4/24/2013,3:51:13 AM,27.9299,55.0279,26,TRUE,ISC      ,mb    ,3.9
602891584,se  ,ISC      ,4/25/2013,7:48:58 AM,27.9192,57.011,24,TRUE,ISC      ,mb    ,4
602894384,se  ,ISC      ,4/26/2013,2:51:06 AM,28.5945,52.4,16,TRUE,ISC      ,mb    ,4.1
605194874,ke  ,DSN      ,4/26/2013,5:19:12 PM,26.9764,55.9869,15,,DSN      ,ML    ,2.6
602900910,ke  ,ISC      ,4/28/2013,12:11:34 PM,27.0043,54.2724,18,TRUE,ISC      ,mb    ,4.5
606509540,ke  ,TEH      ,5/1/2013,1:31:58 AM,27.107,54.031,10,,TEH      ,ML    ,3.5
606942115,ke  ,IDC      ,5/3/2013,3:31:56 PM,26.4453,54.1465,0,TRUE,IDC      ,mb    ,3.5
605194878,ke  ,DSN      ,5/5/2013,6:41:50 AM,25.0648,56.0734,0,,DSN      ,ML    ,1
603160665,ke  ,ISC      ,5/8/2013,6:25:25 PM,26.671,54.5503,10,TRUE,ISC      ,mb    ,3.5
602942194,se  ,ISC      ,5/9/2013,8:01:33 AM,26.6307,57.7862,20.5,,ISC      ,mb    ,4.9
603091208,se  ,ISC      ,5/9/2013,8:50:32 AM,26.5866,57.7118,12.1,,ISC      ,mb    ,3.8
604842849,ke  ,ISC      ,5/10/2013,1:46:52 PM,26.5458,58.1039,10,TRUE,DSN      ,ML    ,3.1
606509560,ke  ,TEH      ,5/10/2013,7:52:11 PM,28.287,57.462,8,,TEH      ,ML    ,3
607304923,de  ,ISC      ,5/11/2013,2:08:11 AM,26.6583,57.8438,15.1,,ISC      ,mb    ,5.8
603160754,ke  ,ISC      ,5/11/2013,2:25:09 AM,26.4379,58.3135,10,TRUE,ISC      ,mb    ,3.5
602946450,se  ,ISC      ,5/11/2013,2:29:39 AM,26.5876,57.8057,10,TRUE,ISC      ,mb    ,4.6
602946451,se  ,ISC      ,5/11/2013,2:32:42 AM,26.6369,57.897,10,TRUE,ISC      ,mb    ,4.4
606942343,ke  ,IDC      ,5/11/2013,2:38:01 AM,26.2644,57.1837,0,TRUE,IDC      ,mb    ,3.3
603056787,se  ,ISC      ,5/11/2013,2:45:47 AM,26.5098,57.6513,10,TRUE,ISC      ,mb    ,3.6
602946452,se  ,ISC      ,5/11/2013,2:49:32 AM,26.5477,57.7384,10,TRUE,ISC      ,mb    ,3.8
606942345,se  ,ISC      ,5/11/2013,2:50:00 AM,26.5825,57.8967,10,TRUE,ISC      ,mb    ,4.5
603160759,ke  ,ISC      ,5/11/2013,2:55:04 AM,26.472,57.5433,10,TRUE,ISC      ,mb    ,3.5
602946453,se  ,ISC      ,5/11/2013,3:03:28 AM,26.6079,57.834,10,TRUE,ISC      ,mb    ,4.8
607983811,se  ,ISC      ,5/11/2013,3:09:51 AM,26.5967,57.9201,12.2,,ISC      ,mb    ,5.2
602946455,se  ,ISC      ,5/11/2013,3:17:21 AM,26.6273,57.7627,10,TRUE,ISC      ,mb    ,4.7
607983813,se  ,ISC      ,5/11/2013,3:41:29 AM,26.61,57.9509,10,TRUE,ISC      ,mb    ,5
602946459,se  ,ISC      ,5/11/2013,3:58:13 AM,26.5202,57.7605,10,TRUE,ISC      ,mb    ,4.4
602946461,se  ,ISC      ,5/11/2013,4:09:28 AM,26.4416,57.9754,10,TRUE,ISC      ,mb    ,4.7
603056788,se  ,ISC      ,5/11/2013,4:11:35 AM,26.5228,57.5767,10,TRUE,ISC      ,mb    ,4.1
603160762,ke  ,ISC      ,5/11/2013,4:51:04 AM,26.6058,57.7612,10,TRUE,ISC      ,mb    ,3.8
603056789,se  ,ISC      ,5/11/2013,4:53:35 AM,26.5958,57.7442,10,TRUE,ISC      ,mb    ,4
602946655,se  ,ISC      ,5/11/2013,5:21:28 AM,26.5798,57.6619,10,TRUE,ISC      ,mb    ,4.1
602946465,se  ,ISC      ,5/11/2013,5:34:14 AM,26.5793,57.8176,10,TRUE,ISC      ,mb    ,4.3
602946466,se  ,ISC      ,5/11/2013,5:45:31 AM,26.4748,57.723,10,TRUE,ISC      ,mb    ,3.8
602946656,se  ,ISC      ,5/11/2013,5:59:37 AM,26.6521,57.918,10,TRUE,ISC      ,mb    ,4
603160764,ke  ,ISC      ,5/11/2013,6:01:45 AM,26.5407,57.8957,10,TRUE,ISC      ,mb    ,3.7
603160765,ke  ,ISC      ,5/11/2013,6:34:33 AM,26.1926,58.2255,10,TRUE,ISC      ,mb    ,3.6
603008255,se  ,ISC      ,5/11/2013,7:58:41 AM,26.5984,57.7577,10,TRUE,ISC      ,mb    ,4
602948542,se  ,ISC      ,5/11/2013,8:38:25 AM,26.444,57.7488,10,TRUE,ISC      ,mb    ,3.7
602946470,fe  ,ISC      ,5/11/2013,8:42:38 AM,26.6195,57.8023,23.1,,ISC      ,mb    ,5
602946659,se  ,ISC      ,5/11/2013,10:03:03 AM,26.5785,57.8105,10,TRUE,ISC      ,mb    ,4.7
602946660,se  ,ISC      ,5/11/2013,10:25:33 AM,26.6156,57.7458,10,TRUE,ISC      ,mb    ,4.4
603160774,ke  ,ISC      ,5/11/2013,10:42:19 AM,26.3229,58.0638,10,TRUE,ISC      ,mb    ,3.7
606509561,ke  ,TEH      ,5/11/2013,12:35:37 PM,26.982,57.779,8,,TEH      ,ML    ,3.1
604842855,ke  ,ISC      ,5/11/2013,12:55:57 PM,26.3912,57.8238,10,TRUE,DSN      ,ML    ,3.5
604842856,ke  ,ISC      ,5/11/2013,1:20:40 PM,26.8228,57.995,10,TRUE,DSN      ,ML    ,3.8
602946662,se  ,ISC      ,5/11/2013,2:23:17 PM,26.5805,57.8224,10,TRUE,ISC      ,mb    ,4.5
604842857,ke  ,ISC      ,5/11/2013,2:28:00 PM,26.3411,57.8216,10,TRUE,TEH      ,ML    ,3.6
605302765,ke  ,OMAN     ,5/11/2013,4:23:18 PM,26.1478,57.6299,34.8,,         ,      ,
605302766,ke  ,OMAN     ,5/11/2013,5:50:15 PM,25.915,57.2859,2,TRUE,OMAN     ,ml    ,2.7
602946669,se  ,ISC      ,5/11/2013,6:06:12 PM,26.645,57.9103,10,TRUE,ISC      ,mb    ,4.7
606509562,ke  ,TEH      ,5/11/2013,6:13:42 PM,26.9,57.578,10,,TEH      ,ML    ,3
606509563,ke  ,TEH      ,5/11/2013,6:54:15 PM,26.676,57.654,5.4,,TEH      ,ML    ,3.1
605302767,ke  ,OMAN     ,5/11/2013,7:22:28 PM,26.2266,57.7244,34.9,,OMAN     ,ml    ,2.7
606509564,ke  ,TEH      ,5/11/2013,8:05:36 PM,26.663,57.721,10,,TEH      ,ML    ,3.3
603160788,ke  ,ISC      ,5/11/2013,8:28:17 PM,26.452,57.7069,10,TRUE,ISC      ,mb    ,3.4
606509565,ke  ,TEH      ,5/11/2013,8:49:50 PM,26.672,57.645,10,,TEH      ,ML    ,3.1
604842862,ke  ,TEH      ,5/11/2013,8:52:35 PM,26.701,57.707,9.9,,TEH      ,ML    ,3.1
604842863,ke  ,ISC      ,5/11/2013,9:00:28 PM,26.4471,57.7583,10,TRUE,DSN      ,ML    ,3.5
606509566,ke  ,TEH      ,5/11/2013,9:19:47 PM,26.741,57.762,5,,TEH      ,ML    ,3
606509567,ke  ,TEH      ,5/11/2013,9:28:14 PM,26.779,57.76,12.8,,TEH      ,ML    ,3.1
606509568,ke  ,TEH      ,5/11/2013,9:49:01 PM,26.742,57.643,15.4,,TEH      ,ML    ,3.1
605302768,se  ,ISC      ,5/11/2013,9:51:32 PM,26.6074,57.7959,10,TRUE,ISC      ,mb    ,4.9
602946676,se  ,ISC      ,5/11/2013,10:23:04 PM,26.5932,57.7434,10,TRUE,ISC      ,mb    ,4.8
602948557,se  ,ISC      ,5/11/2013,10:25:23 PM,26.474,57.6666,10,TRUE,ISC      ,mb    ,4.3
602946677,se  ,ISC      ,5/11/2013,10:28:09 PM,26.6456,57.7142,10,TRUE,ISC      ,mb    ,4.6
606509569,ke  ,TEH      ,5/11/2013,10:43:02 PM,26.618,57.737,10,,TEH      ,ML    ,3.2
603160790,ke  ,ISC      ,5/11/2013,10:49:28 PM,26.4348,58.1376,10,TRUE,ISC      ,mb    ,3.3
606942372,ke  ,IDC      ,5/11/2013,10:50:02 PM,26.4283,57.634,0,TRUE,IDC      ,mb    ,3.5
604842868,ke  ,ISC      ,5/11/2013,11:10:39 PM,26.6911,58.2587,10,TRUE,OMAN     ,ml    ,3.3
603160797,ke  ,ISC      ,5/11/2013,11:27:00 PM,26.2603,58.0637,10,TRUE,ISC      ,mb    ,3.5
602946943,fe  ,ISC      ,5/12/2013,12:07:04 AM,26.7051,57.7788,24,,ISC      ,mb    ,5.5
602946944,se  ,ISC      ,5/12/2013,12:24:55 AM,26.4536,57.7331,10,TRUE,ISC      ,mb    ,4.1
606509570,ke  ,TEH      ,5/12/2013,1:00:57 AM,26.656,57.732,23,,TEH      ,ML    ,3.1
602946945,se  ,ISC      ,5/12/2013,1:06:25 AM,26.662,57.7722,10,TRUE,ISC      ,mb    ,4.4
602946946,se  ,ISC      ,5/12/2013,1:08:21 AM,26.5631,57.7528,10,TRUE,ISC      ,mb    ,4.4
606509571,ke  ,TEH      ,5/12/2013,1:18:19 AM,26.532,57.54,15.4,,TEH      ,ML    ,3.2
606509572,ke  ,TEH      ,5/12/2013,1:35:47 AM,26.592,57.615,10,,TEH      ,ML    ,3.3
602946947,se  ,ISC      ,5/12/2013,1:57:22 AM,26.5242,57.8268,10,TRUE,ISC      ,mb    ,3.8
604842873,ke  ,TEH      ,5/12/2013,2:05:14 AM,26.625,57.809,5,,TEH      ,ML    ,3.4
603160809,ke  ,ISC      ,5/12/2013,2:23:50 AM,26.5507,57.7815,10,TRUE,ISC      ,mb    ,3.5
602946950,se  ,ISC      ,5/12/2013,2:50:02 AM,26.6687,57.7091,10,TRUE,ISC      ,mb    ,4.3
606942386,ke  ,IDC      ,5/12/2013,2:54:34 AM,26.696,57.9708,0,TRUE,IDC      ,mb    ,3.5
602946954,se  ,ISC      ,5/12/2013,4:23:03 AM,26.5573,57.7853,10,TRUE,ISC      ,mb    ,4.5
603160820,ke  ,ISC      ,5/12/2013,4:53:42 AM,26.5637,57.7356,10,TRUE,ISC      ,mb    ,4.1
602946957,se  ,ISC      ,5/12/2013,6:13:14 AM,26.5783,57.9526,10,TRUE,ISC      ,mb    ,4.2
603160825,ke  ,ISC      ,5/12/2013,6:24:46 AM,26.5454,57.8803,10,TRUE,ISC      ,mb    ,3.5
606509573,ke  ,TEH      ,5/12/2013,7:01:21 AM,26.949,57.62,10,,TEH      ,ML    ,3.3
606509574,ke  ,TEH      ,5/12/2013,7:06:07 AM,26.583,57.581,9.9,,TEH      ,ML    ,3.1
606942397,ke  ,IDC      ,5/12/2013,8:54:50 AM,26.8008,57.5516,0,TRUE,IDC      ,mb    ,3.4
602946966,se  ,ISC      ,5/12/2013,9:02:23 AM,26.6115,57.849,10,TRUE,ISC      ,mb    ,4.6
604842876,ke  ,ISC      ,5/12/2013,9:39:21 AM,26.5353,57.7328,10,TRUE,TEH      ,ML    ,3.6
604842877,ke  ,ISC      ,5/12/2013,9:51:55 AM,26.4853,58.2884,10,TRUE,DSN      ,ML    ,3.3
602946972,fe  ,ISC      ,5/12/2013,10:54:49 AM,26.7261,57.7834,14.4,,ISC      ,mb    ,5.4
602946974,se  ,ISC      ,5/12/2013,11:00:12 AM,26.5289,57.669,10,TRUE,ISC      ,mb    ,4.6
606942401,ke  ,IDC      ,5/12/2013,11:07:16 AM,26.3239,57.8214,0,TRUE,IDC      ,mb    ,3.5
606509575,ke  ,TEH      ,5/12/2013,11:29:03 AM,26.632,57.806,6,,TEH      ,ML    ,3.6
602948925,se  ,ISC      ,5/12/2013,11:56:33 AM,26.5529,57.6093,10,TRUE,ISC      ,mb    ,4.1
606509576,ke  ,TEH      ,5/12/2013,12:02:51 PM,26.597,57.668,5,,TEH      ,ML    ,3.1
606509578,ke  ,TEH      ,5/12/2013,12:24:11 PM,26.633,57.639,10,,TEH      ,ML    ,3
602946981,se  ,ISC      ,5/12/2013,12:48:05 PM,26.6046,57.7824,10,TRUE,ISC      ,mb    ,4.5
604842882,ke  ,ISC      ,5/12/2013,1:18:34 PM,26.5182,58.2985,10,TRUE,DSN      ,ML    ,3.1
606509579,ke  ,TEH      ,5/12/2013,1:38:18 PM,26.755,57.682,10,,TEH      ,ML    ,3.2
602946987,ke  ,ISC      ,5/12/2013,2:47:57 PM,26.6271,57.8001,10,TRUE,ISC      ,mb    ,3.5
604842884,ke  ,TEH      ,5/12/2013,3:01:49 PM,26.639,57.648,10,,TEH      ,ML    ,3.4
604842885,ke  ,ISC      ,5/12/2013,3:31:33 PM,26.4724,57.6216,10,TRUE,OMAN     ,ml    ,2.7
605302771,ke  ,OMAN     ,5/12/2013,4:03:54 PM,26.3582,57.8424,14,TRUE,OMAN     ,ml    ,2.7
604842886,ke  ,ISC      ,5/12/2013,4:20:30 PM,26.6005,57.7928,10,TRUE,DSN      ,ML    ,3.4
604842887,ke  ,ISC      ,5/12/2013,4:37:19 PM,26.5452,57.7369,10,TRUE,DSN      ,ML    ,3.6
606509580,ke  ,TEH      ,5/12/2013,4:44:53 PM,26.781,57.818,10,,TEH      ,ML    ,3
604842889,ke  ,ISC      ,5/12/2013,5:31:34 PM,26.8334,58.1651,10,TRUE,DSN      ,ML    ,3.3
602946990,se  ,ISC      ,5/12/2013,5:50:34 PM,26.5501,57.9338,10,TRUE,ISC      ,mb    ,3.9
604842890,ke  ,TEH      ,5/12/2013,6:02:54 PM,26.642,57.687,13,,TEH      ,ML    ,3.3
602946992,se  ,ISC      ,5/12/2013,6:12:03 PM,26.6534,57.9769,10,TRUE,ISC      ,mb    ,3.5
602948197,se  ,ISC      ,5/12/2013,8:18:33 PM,26.5566,57.7533,10,TRUE,ISC      ,mb    ,4.2
604842892,ke  ,ISC      ,5/12/2013,8:52:21 PM,26.6052,57.7359,10,TRUE,DSN      ,ML    ,3.7
603160858,ke  ,ISC      ,5/12/2013,9:14:46 PM,26.5222,57.666,10,TRUE,ISC      ,mb    ,3.5
602948200,se  ,ISC      ,5/12/2013,10:15:37 PM,26.5311,57.7891,10,TRUE,ISC      ,mb    ,4.1
606509582,ke  ,TEH      ,5/12/2013,10:28:05 PM,26.815,57.682,15.5,,TEH      ,ML    ,3
602948201,ke  ,ISC      ,5/12/2013,10:30:11 PM,26.5624,57.7958,10,TRUE,ISC      ,mb    ,3.7
603160865,ke  ,ISC      ,5/12/2013,10:34:43 PM,26.6042,57.7899,10,TRUE,ISC      ,mb    ,3.6
603160866,ke  ,ISC      ,5/12/2013,11:04:13 PM,26.4897,57.8305,10,TRUE,ISC      ,mb    ,3.4
603160867,ke  ,ISC      ,5/12/2013,11:51:34 PM,25.8151,57.4722,10,TRUE,ISC      ,mb    ,3.4
604842898,ke  ,ISC      ,5/13/2013,12:23:23 AM,26.4885,57.9191,10,TRUE,OMAN     ,ml    ,3
606509583,ke  ,TEH      ,5/13/2013,12:59:34 AM,26.632,57.677,10,,TEH      ,ML    ,3.4
602948208,ke  ,ISC      ,5/13/2013,1:19:50 AM,26.5572,57.7555,10,TRUE,ISC      ,mb    ,3.8
602948209,se  ,ISC      ,5/13/2013,1:43:00 AM,26.4767,57.8716,10,TRUE,ISC      ,mb    ,4
602948212,se  ,ISC      ,5/13/2013,5:44:25 AM,26.3765,57.9645,10,TRUE,ISC      ,mb    ,3.9
605302772,ke  ,OMAN     ,5/13/2013,6:54:37 AM,26.2798,57.8857,0,,OMAN     ,ml    ,2.8
604842900,ke  ,ISC      ,5/13/2013,12:35:35 PM,26.593,57.7309,10,TRUE,DSN      ,ML    ,3.8
604842901,ke  ,TEH      ,5/13/2013,1:29:35 PM,26.66,57.622,10,,TEH      ,ML    ,3.3
603160892,ke  ,ISC      ,5/13/2013,3:09:02 PM,26.6233,57.6846,10,TRUE,DSN      ,ML    ,3.5
606509585,ke  ,TEH      ,5/13/2013,4:21:14 PM,26.708,57.795,4.6,,TEH      ,ML    ,3.1
604842904,ke  ,ISC      ,5/13/2013,6:10:34 PM,26.4446,57.7476,10,TRUE,OMAN     ,ml    ,3.5
606509586,ke  ,TEH      ,5/13/2013,6:25:59 PM,26.749,57.724,10,,TEH      ,ML    ,3.2
604842907,ke  ,ISC      ,5/13/2013,9:50:59 PM,26.6204,57.7623,10,TRUE,DSN      ,ML    ,3.5
606509588,ke  ,TEH      ,5/13/2013,11:19:48 PM,26.698,57.614,10,,TEH      ,ML    ,3
606509589,ke  ,TEH      ,5/13/2013,11:31:08 PM,26.462,57.705,10,,TEH      ,ML    ,3.3
603160914,ke  ,ISC      ,5/14/2013,4:25:35 AM,26.4842,57.688,10,TRUE,ISC      ,mb    ,3.6
603147116,se  ,ISC      ,5/14/2013,10:02:37 AM,26.2279,58.0251,10,TRUE,ISC      ,mb    ,3.8
602955685,se  ,ISC      ,5/14/2013,1:42:57 PM,26.4046,58.015,2.6,,ISC      ,mb    ,3.7
604842915,ke  ,ISC      ,5/14/2013,4:50:41 PM,26.4847,58.4192,13.1,,DSN      ,ML    ,3.5
604842917,ke  ,TEH      ,5/14/2013,10:48:36 PM,26.456,57.799,10,,TEH      ,ML    ,3.3
606509591,ke  ,TEH      ,5/15/2013,12:13:45 AM,26.71,57.679,8,,TEH      ,ML    ,3
602953982,se  ,ISC      ,5/15/2013,4:09:03 PM,26.6079,57.8568,10,TRUE,ISC      ,mb    ,4.5
602954456,se  ,ISC      ,5/15/2013,6:51:18 PM,26.6231,58.0077,12.1,,ISC      ,mb    ,4
604842922,ke  ,TEH      ,5/16/2013,12:18:32 AM,26.766,57.887,22.9,,TEH      ,ML    ,3.4
606509594,ke  ,TEH      ,5/16/2013,1:26:30 AM,26.763,57.878,19.2,,TEH      ,ML    ,3
606509595,ke  ,TEH      ,5/16/2013,7:38:14 AM,26.757,57.878,17.2,,TEH      ,ML    ,3.4
606509596,ke  ,TEH      ,5/16/2013,9:32:48 AM,26.756,57.984,26.8,,TEH      ,ML    ,3
606509598,ke  ,TEH      ,5/16/2013,1:07:24 PM,26.669,57.68,8.8,,TEH      ,ML    ,3
603161013,ke  ,ISC      ,5/16/2013,2:11:38 PM,26.6492,57.7002,10,TRUE,ISC      ,mb    ,3.5
604842930,ke  ,ISC      ,5/16/2013,4:19:12 PM,26.6769,58.0084,10,TRUE,OMAN     ,ml    ,3.5
603161027,ke  ,ISC      ,5/16/2013,9:08:43 PM,26.7348,57.829,10,TRUE,ISC      ,mb    ,3.7
603161040,ke  ,ISC      ,5/17/2013,1:38:27 AM,26.6388,57.8081,10,TRUE,ISC      ,mb    ,3.7
604842937,ke  ,ISC      ,5/17/2013,12:10:36 PM,26.6082,57.838,10,TRUE,DSN      ,ML    ,3.5
602957578,se  ,ISC      ,5/17/2013,2:45:22 PM,26.6118,57.7994,21.4,,ISC      ,mb    ,4.4
606509603,ke  ,TEH      ,5/17/2013,2:58:35 PM,26.639,57.801,18.8,,TEH      ,ML    ,3.4
603161070,ke  ,ISC      ,5/17/2013,4:19:30 PM,26.4904,57.6361,10,TRUE,ISC      ,mb    ,3.3
602958630,fe  ,ISC      ,5/18/2013,10:03:18 AM,26.6877,57.8209,8.8,,ISC      ,mb    ,5.5
602958631,fe  ,ISC      ,5/18/2013,10:57:50 AM,26.6654,57.8031,12.6,,ISC      ,mb    ,5.5
602958636,se  ,ISC      ,5/18/2013,12:09:43 PM,26.6237,57.8324,10,TRUE,ISC      ,mb    ,4.5
606509604,ke  ,TEH      ,5/18/2013,12:26:55 PM,26.767,57.81,25.7,,TEH      ,ML    ,3.4
606509605,ke  ,TEH      ,5/18/2013,1:43:08 PM,26.751,57.86,8.5,,TEH      ,ML    ,3.4
606509606,ke  ,TEH      ,5/18/2013,1:45:04 PM,26.748,57.922,29.1,,TEH      ,ML    ,3.5
606509607,ke  ,TEH      ,5/18/2013,1:53:48 PM,26.791,57.825,20,,TEH      ,ML    ,3.1
602958643,se  ,ISC      ,5/18/2013,3:10:41 PM,26.6331,57.7701,10,TRUE,ISC      ,mb    ,4.1
606509609,ke  ,TEH      ,5/18/2013,3:56:16 PM,26.725,57.755,8,,TEH      ,ML    ,3.5
606509610,ke  ,TEH      ,5/18/2013,4:52:17 PM,26.776,57.945,10.7,,TEH      ,ML    ,3.5
606509611,ke  ,TEH      ,5/18/2013,7:53:47 PM,26.772,57.793,8.6,,TEH      ,ML    ,3.1
606509612,ke  ,TEH      ,5/18/2013,9:55:18 PM,26.949,57.727,7.5,,TEH      ,ML    ,3
606509613,ke  ,TEH      ,5/18/2013,11:32:16 PM,26.773,57.896,8,,TEH      ,ML    ,3.3
603161147,ke  ,ISC      ,5/19/2013,4:30:38 AM,26.5382,57.703,10,TRUE,ISC      ,mb    ,3.5
603161150,ke  ,ISC      ,5/19/2013,5:41:17 AM,26.5661,57.6218,10,TRUE,ISC      ,mb    ,3.5
604842956,ke  ,ISC      ,5/19/2013,10:06:43 AM,26.8549,58.0141,10,TRUE,DSN      ,ML    ,3.6
603161172,ke  ,ISC      ,5/19/2013,2:03:17 PM,26.541,57.5922,10,TRUE,ISC      ,mb    ,3.4
606509615,ke  ,TEH      ,5/19/2013,4:50:16 PM,26.721,57.914,30.1,,TEH      ,ML    ,3.6
606509619,ke  ,TEH      ,5/19/2013,10:25:29 PM,26.829,57.915,8,,TEH      ,ML    ,3.4
604842969,ke  ,TEH      ,5/20/2013,1:57:41 AM,26.675,57.986,18.8,,TEH      ,ML    ,3.4
604842970,ke  ,TEH      ,5/20/2013,4:33:34 AM,26.746,57.854,13.8,,TEH      ,ML    ,3.4
602960408,se  ,ISC      ,5/20/2013,7:02:28 AM,26.6633,57.7745,10,TRUE,ISC      ,mb    ,4.7
602972658,se  ,ISC      ,5/20/2013,9:16:28 AM,26.5728,57.7282,10,TRUE,ISC      ,mb    ,4.7
604842971,ke  ,ISC      ,5/20/2013,10:22:36 AM,26.6889,57.8979,10,TRUE,DSN      ,ML    ,3.6
606509621,ke  ,TEH      ,5/20/2013,10:47:49 AM,26.644,57.636,20.4,,TEH      ,ML    ,3.2
606509622,ke  ,TEH      ,5/20/2013,1:16:32 PM,26.679,57.791,19.8,,TEH      ,ML    ,3.2
603161255,ke  ,ISC      ,5/20/2013,6:20:24 PM,26.6185,57.9122,10,TRUE,ISC      ,mb    ,3.7
606509624,ke  ,TEH      ,5/20/2013,7:18:15 PM,26.618,57.636,7,,TEH      ,ML    ,3
606509625,ke  ,TEH      ,5/20/2013,7:53:14 PM,26.621,57.666,18.4,,TEH      ,ML    ,3.2
604842977,ke  ,ISC      ,5/20/2013,8:27:43 PM,26.5771,57.6473,10,TRUE,DSN      ,ML    ,3.5
602985263,se  ,ISC      ,5/20/2013,8:33:45 PM,26.5993,57.8219,10,TRUE,ISC      ,mb    ,4.1
604842978,ke  ,ISC      ,5/20/2013,11:27:52 PM,26.9356,57.9604,10,TRUE,DSN      ,ML    ,3.3
603161317,ke  ,ISC      ,5/21/2013,5:41:52 PM,26.2618,57.9136,10,TRUE,ISC      ,mb    ,3.7
606509631,ke  ,TEH      ,5/21/2013,6:09:29 PM,26.758,57.932,25.2,,TEH      ,ML    ,3.3
606509632,ke  ,TEH      ,5/21/2013,6:30:01 PM,28.284,57.44,8,,TEH      ,ML    ,3.4
603161319,ke  ,ISC      ,5/21/2013,7:15:23 PM,28.3137,55.8807,10,TRUE,ISC      ,mb    ,3.6
602996444,se  ,ISC      ,5/21/2013,11:38:47 PM,26.6857,57.9064,10,TRUE,ISC      ,mb    ,4.5
606509636,ke  ,TEH      ,5/23/2013,12:06:30 PM,26.817,57.953,29,,TEH      ,ML    ,3
603006814,ke  ,ISC      ,5/23/2013,10:44:57 PM,27.1626,53.5637,20.4,,ISC      ,mb    ,5.1
603006859,se  ,ISC      ,5/24/2013,8:19:56 AM,28.5572,53.5498,12.8,,ISC      ,mb    ,4.5
606509640,ke  ,TEH      ,5/25/2013,5:33:59 AM,26.723,57.782,30.6,,TEH      ,ML    ,3.5
604843021,ke  ,TEH      ,5/26/2013,12:06:52 AM,26.759,57.862,36,,TEH      ,ML    ,3.2
604843022,ke  ,ISC      ,5/26/2013,12:28:36 AM,26.6583,57.9151,10,TRUE,DSN      ,ML    ,3.8
604843023,ke  ,TEH      ,5/26/2013,4:18:39 AM,26.719,57.88,34.4,,TEH      ,ML    ,3.4
606509646,ke  ,TEH      ,5/26/2013,4:46:23 AM,26.664,57.656,27.4,,TEH      ,ML    ,3
606509648,ke  ,TEH      ,5/26/2013,10:23:54 AM,26.811,57.978,30,,TEH      ,ML    ,3
604843028,ke  ,ISC      ,5/26/2013,8:05:23 PM,26.742,57.9561,10,TRUE,DSN      ,ML    ,3.5
603009231,ke  ,ISC      ,5/26/2013,10:45:32 PM,26.643,57.9325,10,TRUE,ISC      ,mb    ,3.5
606509651,ke  ,TEH      ,5/26/2013,10:50:22 PM,26.69,57.689,18.4,,TEH      ,ML    ,3.2
604843053,ke  ,ISC      ,5/27/2013,1:32:38 PM,26.7127,57.7916,10,TRUE,DSN      ,ML    ,3.8
606509654,ke  ,TEH      ,5/28/2013,3:27:13 AM,26.759,57.806,8,,TEH      ,ML    ,3.1
605194888,ke  ,DSN      ,5/29/2013,9:22:20 AM,26.9549,57.8426,10,,DSN      ,ML    ,2.9
606509663,ke  ,TEH      ,5/30/2013,5:19:42 AM,26.687,57.659,14,,TEH      ,ML    ,3.3
604843093,ke  ,ISC      ,5/30/2013,4:14:57 PM,26.5309,55.1063,11.4,,OMAN     ,ml    ,3.2
603027580,se  ,ISC      ,5/30/2013,5:18:29 PM,26.6398,57.7039,20.8,,ISC      ,mb    ,4
603028158,se  ,ISC      ,5/30/2013,7:15:28 PM,26.3599,57.8386,10,TRUE,ISC      ,mb    ,4.1
604843094,ke  ,TEH      ,5/30/2013,7:31:31 PM,26.757,57.798,10.3,,TEH      ,ML    ,3.4
604843095,ke  ,TEH      ,5/30/2013,11:30:28 PM,26.646,57.544,25.5,,TEH      ,ML    ,3.2
603028177,se  ,ISC      ,5/31/2013,5:20:04 AM,26.5854,57.8021,10,TRUE,ISC      ,mb    ,4.6
603041815,se  ,ISC      ,6/1/2013,12:06:31 PM,26.9116,53.855,19,TRUE,ISC      ,mb    ,4.1
605302795,ke  ,OMAN     ,6/1/2013,7:26:04 PM,26.4954,57.8057,50,TRUE,OMAN     ,ml    ,2.5
605302805,ke  ,OMAN     ,6/2/2013,6:57:12 PM,27.1123,57.5702,15.9,,OMAN     ,ml    ,2.9
604843125,ke  ,ISC      ,6/3/2013,7:36:57 AM,28.3975,57.2844,10,TRUE,DSN      ,ML    ,3.8
605302807,ke  ,OMAN     ,6/3/2013,8:42:12 PM,27.9758,56.8543,35.4,,OMAN     ,ml    ,2.8
604843132,ke  ,ISC      ,6/4/2013,12:48:08 PM,26.5017,58.1465,10,TRUE,OMAN     ,ml    ,3.1
604843150,ke  ,ISC      ,6/5/2013,3:32:56 AM,26.6463,57.8242,10,TRUE,DSN      ,ML    ,3.3
606509677,ke  ,TEH      ,6/5/2013,5:22:35 AM,26.785,57.895,8,,TEH      ,ML    ,3.2
603051433,se  ,ISC      ,6/5/2013,5:34:38 AM,26.6437,57.9774,10,TRUE,ISC      ,mb    ,4.2
603264563,ke  ,ISC      ,6/5/2013,9:33:51 AM,26.551,58.0351,10,TRUE,ISC      ,mb    ,3.6
604843161,ke  ,ISC      ,6/6/2013,4:56:11 PM,26.7251,57.9661,10,TRUE,DSN      ,ML    ,3.8
603264647,ke  ,ISC      ,6/7/2013,7:06:15 PM,28.2106,55.9999,10,TRUE,ISC      ,mb    ,3.7
605302815,ke  ,OMAN     ,6/8/2013,1:17:09 AM,26.2688,57.2497,28,TRUE,OMAN     ,ml    ,2.2
604843185,ke  ,ISC      ,6/9/2013,2:06:10 AM,26.6481,57.728,10,TRUE,DSN      ,ML    ,3.4
605194891,ke  ,DSN      ,6/10/2013,4:42:16 AM,25.0638,56.0788,0,,DSN      ,ML    ,1.6
605194892,ke  ,DSN      ,6/10/2013,5:54:46 AM,25.1831,56.0699,0,,DSN      ,ML    ,1.6
603264766,ke  ,ISC      ,6/11/2013,12:09:43 AM,26.5676,57.9393,10,TRUE,ISC      ,mb    ,3.4
606509684,ke  ,TEH      ,6/11/2013,1:27:14 AM,27.128,57.787,10,,TEH      ,ML    ,3
604843217,ke  ,ISC      ,6/12/2013,6:35:11 AM,26.6824,57.7266,10,TRUE,DSN      ,ML    ,3.6
604843220,ke  ,ISC      ,6/12/2013,5:23:55 PM,26.6018,57.8109,10,TRUE,DSN      ,ML    ,3.7
605194894,ke  ,OMAN     ,6/12/2013,6:35:04 PM,25.0168,56.9126,26.5,TRUE,OMAN     ,ml    ,2.3
605302820,ke  ,OMAN     ,6/14/2013,12:58:18 AM,25.9741,57.4327,10,,OMAN     ,ml    ,2.2
604843248,ke  ,TEH      ,6/14/2013,5:27:27 AM,26.286,57.294,10,,TEH      ,ML    ,3
605194896,ke  ,DSN      ,6/14/2013,6:27:17 AM,25.952,57.2334,11,,DSN      ,ML    ,2.5
605194897,ke  ,DSN      ,6/15/2013,1:00:55 AM,26.3651,57.8775,11,,DSN      ,ML    ,2.6
603076360,ke  ,ISC      ,6/16/2013,3:12:03 AM,26.5885,57.8166,10,TRUE,ISC      ,mb    ,3.7
606509697,ke  ,TEH      ,6/16/2013,2:05:42 PM,27.937,57.035,10,,TEH      ,ML    ,3.4
606509698,ke  ,TEH      ,6/16/2013,3:03:07 PM,27.955,57.084,10,,TEH      ,ML    ,3.1
603076376,ke  ,ISC      ,6/16/2013,10:39:43 PM,26.6615,57.8052,10,TRUE,ISC      ,mb    ,3.5
603265171,ke  ,ISC      ,6/18/2013,9:50:55 PM,26.4144,58.0139,10,TRUE,ISC      ,mb    ,3.6
604843277,ke  ,ISC      ,6/19/2013,1:26:38 PM,26.6253,57.55,10,TRUE,ISC      ,mb    ,3.7
603265220,se  ,ISC      ,6/19/2013,8:05:20 PM,26.3758,57.8252,10,TRUE,ISC      ,mb    ,3.7
606509705,ke  ,TEH      ,6/20/2013,12:30:15 AM,26.848,57.853,12.4,,TEH      ,ML    ,3
606509706,ke  ,TEH      ,6/20/2013,7:22:51 AM,26.754,57.799,9,,TEH      ,ML    ,3.3
606509709,ke  ,TEH      ,6/21/2013,1:12:28 AM,26.765,57.964,16,,TEH      ,ML    ,3.2
604843287,ke  ,ISC      ,6/21/2013,5:35:38 PM,26.5627,57.7269,10,TRUE,TEH      ,ML    ,3.2
603265292,ke  ,ISC      ,6/22/2013,7:22:28 AM,26.5981,57.7553,10,TRUE,ISC      ,mb    ,3.5
603265312,ke  ,ISC      ,6/22/2013,6:26:18 PM,26.3596,57.9984,10,TRUE,ISC      ,mb    ,3.6
605194899,ke  ,OMAN     ,6/22/2013,10:02:21 PM,26.7841,58.0497,12,TRUE,OMAN     ,ml    ,2.5
606509711,ke  ,TEH      ,6/23/2013,3:41:34 AM,27.054,57.468,13.9,,TEH      ,ML    ,3.3
606509712,ke  ,TEH      ,6/23/2013,8:23:19 AM,27.068,57.512,5.2,,TEH      ,ML    ,3.2
606509713,ke  ,TEH      ,6/23/2013,12:21:25 PM,26.639,57.717,20.1,,TEH      ,ML    ,3.2
604843301,ke  ,ISC      ,6/24/2013,3:48:46 AM,26.5599,57.8764,10,TRUE,DSN      ,ML    ,3.7
605194900,ke  ,DSN      ,6/25/2013,10:50:58 AM,26.4246,57.8677,10,,DSN      ,ML    ,2.6
605194901,ke  ,DSN      ,6/25/2013,10:23:37 PM,25.429,56.2767,5.4,,DSN      ,ML    ,2.5
603254585,ke  ,ISC      ,6/25/2013,10:35:46 PM,26.5854,57.7882,10,TRUE,ISC      ,mb    ,3.6
605194903,ke  ,DSN      ,6/26/2013,5:59:39 AM,25.0506,56.0682,0,,DSN      ,ML    ,1.8
605194904,ke  ,DSN      ,6/26/2013,6:53:03 PM,26.9203,56.2076,10,,DSN      ,ML    ,3.1
604843313,ke  ,ISC      ,6/27/2013,4:38:00 AM,26.5266,57.7011,10,TRUE,DSN      ,ML    ,3.4
604843314,ke  ,TEH      ,6/27/2013,3:18:49 PM,26.616,57.687,5,,TEH      ,ML    ,3.3
606509717,ke  ,TEH      ,6/28/2013,2:43:01 AM,26.511,57.716,9.5,,TEH      ,ML    ,3.4
606509718,ke  ,TEH      ,6/28/2013,5:09:42 AM,26.609,57.598,5.3,,TEH      ,ML    ,3
606509720,ke  ,TEH      ,6/28/2013,3:32:07 PM,27.099,54.704,25,,TEH      ,ML    ,3.2
603162048,se  ,ISC      ,6/30/2013,4:25:33 PM,26.6295,57.9591,10,TRUE,ISC      ,mb    ,4.2
604843343,ke  ,TEH      ,7/1/2013,5:16:58 AM,26.763,57.611,10,,TEH      ,ML    ,3.2
603172110,se  ,ISC      ,7/1/2013,7:03:54 PM,28.2531,57.3723,5,,ISC      ,mb    ,4.3
605194905,ke  ,DSN      ,7/1/2013,7:33:01 PM,26.0988,57.9709,10,,DSN      ,ML    ,2.6
603173680,se  ,ISC      ,7/2/2013,1:33:43 AM,28.297,57.3943,10,TRUE,ISC      ,mb    ,4.3
606509724,ke  ,TEH      ,7/2/2013,7:26:38 AM,27.482,55.693,10,,TEH      ,ML    ,3.3
604843348,ke  ,TEH      ,7/2/2013,9:46:15 AM,27.478,54.081,5,,TEH      ,ML    ,3.2
603174269,ke  ,ISC      ,7/2/2013,11:18:33 AM,27.1845,54.982,14.2,,ISC      ,mb    ,5
603366864,ke  ,ISC      ,7/2/2013,1:07:22 PM,27.2733,55.0153,10,TRUE,ISC      ,mb    ,3.7
603174413,se  ,ISC      ,7/2/2013,2:08:52 PM,27.1835,54.9605,20,TRUE,ISC      ,mb    ,4.4
603229891,se  ,ISC      ,7/2/2013,2:14:22 PM,27.1776,54.9871,17,TRUE,ISC      ,mb    ,3.9
606509725,ke  ,TEH      ,7/2/2013,2:26:50 PM,27.274,55.062,10,,TEH      ,ML    ,3.2
603366868,ke  ,ISC      ,7/2/2013,4:04:45 PM,27.2688,55.0141,20,TRUE,ISC      ,mb    ,3.6
606509726,ke  ,TEH      ,7/2/2013,11:44:27 PM,27.329,54.993,10,,TEH      ,ML    ,3
603175433,ke  ,ISC      ,7/3/2013,11:30:24 AM,27.1901,54.9657,17,TRUE,ISC      ,mb    ,3.9
603175597,se  ,ISC      ,7/3/2013,12:05:48 PM,27.2357,54.9537,17,TRUE,ISC      ,mb    ,4.3
605194906,ke  ,DSN      ,7/3/2013,10:05:59 PM,25.1167,56.187,5,,DSN      ,ML    ,2.2
606509727,ke  ,TEH      ,7/4/2013,2:26:53 PM,27.342,54.986,20,,TEH      ,ML    ,3.1
606509728,ke  ,TEH      ,7/5/2013,11:34:03 PM,26.665,57.923,8,,TEH      ,ML    ,3
606509729,ke  ,TEH      ,7/6/2013,5:42:23 AM,27.111,57.813,10,,TEH      ,ML    ,3.1
605302862,ke  ,OMAN     ,7/7/2013,5:47:14 AM,25.1231,56.0263,2.8,TRUE,OMAN     ,ml    ,1.3
603367003,ke  ,ISC      ,7/7/2013,9:15:40 AM,27.3468,55.0612,15,TRUE,ISC      ,mb    ,3.6
603367026,ke  ,ISC      ,7/8/2013,1:59:13 AM,28.1713,57.2475,10,TRUE,ISC      ,mb    ,3.7
605302863,ke  ,OMAN     ,7/8/2013,4:39:40 AM,25.2783,56.0734,1,TRUE,OMAN     ,ml    ,1.6
604843380,ke  ,TEH      ,7/8/2013,10:24:51 AM,27.782,56.596,21.1,,TEH      ,ML    ,3.2
607925042,ke  ,THR      ,7/8/2013,9:09:15 PM,27.13,55.1,16.9,,THR      ,ML    ,2.7
603212881,se  ,ISC      ,7/9/2013,5:05:12 PM,28.1363,55.9502,22.7,,ISC      ,mb    ,4.1
607925044,ke  ,THR      ,7/9/2013,6:24:47 PM,27.96,56.31,14.1,,THR      ,ML    ,2.9
605194913,ke  ,DSN      ,7/10/2013,12:06:55 PM,25.7,57.5126,10,,DSN      ,ML    ,2.6
605302865,ke  ,OMAN     ,7/11/2013,4:07:20 PM,26.3777,57.9949,16,TRUE,OMAN     ,ml    ,2.5
603367181,ke  ,ISC      ,7/12/2013,2:03:31 PM,26.4209,57.8126,10,TRUE,ISC      ,mb    ,3.7
603367190,ke  ,ISC      ,7/12/2013,8:33:06 PM,27.353,55.099,20,TRUE,ISC      ,mb    ,3.6
603306035,ke  ,ISC      ,7/12/2013,9:23:14 PM,27.2297,55.1054,20,TRUE,ISC      ,mb    ,3.5
603230874,se  ,ISC      ,7/13/2013,12:52:58 AM,27.2605,55.0394,10,TRUE,ISC      ,mb    ,4.2
606509739,ke  ,TEH      ,7/13/2013,9:20:03 AM,27.086,54.394,14.8,,TEH      ,ML    ,3.6
605194914,ke  ,DSN      ,7/14/2013,4:43:48 PM,25.73,57.5462,10.4,,DSN      ,ML    ,2.4
603367320,ke  ,ISC      ,7/16/2013,6:49:58 AM,26.5013,57.691,10,TRUE,ISC      ,mb    ,3.8
603236652,se  ,ISC      ,7/17/2013,11:55:30 AM,26.5674,57.882,27,,ISC      ,mb    ,4.1
606509741,ke  ,TEH      ,7/18/2013,4:04:29 AM,26.822,57.897,5,,TEH      ,ML    ,3.3
603236885,se  ,ISC      ,7/18/2013,4:55:30 AM,26.6522,57.9034,46.5,,ISC      ,mb    ,3.7
604843414,ke  ,ISC      ,7/18/2013,9:53:26 AM,26.6082,57.9303,10,TRUE,DSN      ,ML    ,3.7
604843415,ke  ,ISC      ,7/18/2013,4:24:51 PM,26.7222,57.9308,10,TRUE,OMAN     ,ml    ,3.2
604843417,ke  ,ISC      ,7/18/2013,8:49:36 PM,26.743,57.7949,10,TRUE,THR      ,ML    ,3.2
603367444,ke  ,ISC      ,7/19/2013,9:05:47 PM,26.5273,57.7893,10,TRUE,ISC      ,mb    ,3.7
604843420,ke  ,ISC      ,7/20/2013,2:43:25 AM,26.6986,57.9878,10,TRUE,TEH      ,ML    ,3.3
606509751,ke  ,TEH      ,7/22/2013,6:39:51 PM,28.402,54.078,10,,TEH      ,ML    ,3.1
606509752,ke  ,TEH      ,7/23/2013,7:44:22 AM,28.412,54.04,20,,TEH      ,ML    ,3.2
606509753,ke  ,TEH      ,7/23/2013,7:54:42 AM,28.377,54.04,20,,TEH      ,ML    ,3.2
605194966,ke  ,DSN      ,7/25/2013,3:36:44 AM,25.5083,56.3096,0,,DSN      ,ML    ,1.2
603367771,ke  ,ISC      ,7/27/2013,12:29:47 PM,27.3307,55.1752,10,TRUE,ISC      ,mb    ,3.4
606509758,ke  ,TEH      ,7/28/2013,2:34:05 PM,27.874,56.971,10,,TEH      ,ML    ,3
603306150,ke  ,ISC      ,7/30/2013,10:40:07 PM,27.3423,54.9354,20,TRUE,ISC      ,mb    ,3.7
603295568,se  ,ISC      ,7/31/2013,10:09:05 PM,26.6258,57.7362,10,TRUE,ISC      ,mb    ,4.1
606509765,ke  ,TEH      ,8/2/2013,3:45:59 AM,27.653,54.31,10,,TEH      ,ML    ,3.2
606509767,ke  ,TEH      ,8/2/2013,11:21:22 PM,27.302,55.017,20,,TEH      ,ML    ,3
605194969,ke  ,DSN      ,8/4/2013,5:55:52 PM,26.0667,57.4344,10,,DSN      ,ML    ,3.1
604843551,ke  ,TEH      ,8/6/2013,12:08:14 AM,26.798,55.886,8,,TEH      ,ML    ,3.3
605302883,ke  ,OMAN     ,8/6/2013,3:21:19 AM,25.9486,57.3872,5.9,,OMAN     ,ml    ,2.5
605194970,ke  ,THR      ,8/6/2013,4:28:48 PM,27.91,56.91,14.1,,THR      ,ML    ,3.1
605302886,ke  ,ISC      ,8/9/2013,9:17:24 PM,27.8329,56.3875,28,TRUE,THR      ,ML    ,2.9
604645801,ke  ,ISC      ,8/9/2013,11:30:48 PM,27.981,56.6593,10,TRUE,ISC      ,mb    ,3.6
604645851,ke  ,IDC      ,8/11/2013,7:54:34 AM,27.6248,55.7293,0,TRUE,IDC      ,mb    ,3.4
605194971,ke  ,DSN      ,8/12/2013,1:31:27 AM,25.2996,56.1665,0,,DSN      ,ML    ,1.5
605194972,ke  ,DSN      ,8/12/2013,10:04:18 AM,26.0178,57.4711,10,,DSN      ,ML    ,2.9
605194973,ke  ,DSN      ,8/12/2013,10:08:58 AM,26.0128,57.4749,10,,DSN      ,ML    ,2.8
605194975,ke  ,ISC      ,8/15/2013,6:15:45 AM,27.1944,57.3766,10,TRUE,THR      ,ML    ,3.3
605194976,ke  ,DSN      ,8/17/2013,12:04:15 PM,26.8955,56.194,10,,DSN      ,ML    ,2.7
607925100,ke  ,THR      ,8/20/2013,12:37:41 AM,28.78,57.28,14.1,,THR      ,ML    ,2.7
604646394,ke  ,ISC      ,8/23/2013,3:57:13 PM,27.8936,56.669,10,TRUE,ISC      ,mb    ,3.6
604646441,ke  ,ISC      ,8/24/2013,10:33:56 PM,26.9053,54.9674,15.4,,ISC      ,mb    ,3.5
605194979,ke  ,DSN      ,8/25/2013,6:54:27 AM,25.0557,56.0085,0,,DSN      ,ML    ,2.2
606509802,ke  ,TEH      ,8/25/2013,1:21:49 PM,27.068,54.012,17.2,,TEH      ,ML    ,3.3
604843720,ke  ,ISC      ,8/26/2013,12:40:52 PM,26.6621,57.8156,10,TRUE,THR      ,ML    ,3.3
604646510,ke  ,ISC      ,8/26/2013,9:06:35 PM,26.9422,54.9449,17,TRUE,ISC      ,mb    ,3.5
605194981,ke  ,DSN      ,8/27/2013,12:54:40 PM,26.2402,57.4763,10,,DSN      ,ML    ,2.6
604646545,ke  ,ISC      ,8/27/2013,5:05:08 PM,28.213,55.1605,10,TRUE,ISC      ,mb    ,3.3
606509809,ke  ,TEH      ,8/29/2013,7:53:55 PM,27.801,56.916,10,,TEH      ,ML    ,3
605194982,ke  ,DSN      ,8/31/2013,1:06:28 AM,26.7772,57.9045,10,,DSN      ,ML    ,2.6
606509810,ke  ,TEH      ,8/31/2013,9:10:14 PM,28.335,54.063,7.1,,TEH      ,ML    ,3
605194991,ke  ,ISC      ,9/1/2013,1:32:00 AM,27.2567,54.1964,19,TRUE,THR      ,ML    ,3.4
606509811,ke  ,TEH      ,9/1/2013,2:16:40 AM,28.313,54.03,5,,TEH      ,ML    ,3.2
606509816,ke  ,TEH      ,9/5/2013,2:59:08 AM,27.897,56.841,8,,TEH      ,ML    ,3.4
605194992,ke  ,OMAN     ,9/7/2013,1:13:48 PM,27.0174,56.6543,30,TRUE,OMAN     ,ml    ,3.4
605194993,ke  ,OMAN     ,9/13/2013,3:46:33 PM,26.5455,57.6643,34,TRUE,OMAN     ,ml    ,2.5
605195433,ke  ,OMAN     ,9/16/2013,1:01:25 PM,26.9607,57.9269,35.2,,OMAN     ,ml    ,3.3
606509829,ke  ,TEH      ,9/16/2013,10:20:41 PM,27.525,55.479,10,,TEH      ,ML    ,3
605195434,ke  ,DSN      ,9/17/2013,5:46:59 AM,25.0567,56.0559,0,,DSN      ,ML    ,2
603987874,ke  ,ISC      ,9/17/2013,4:19:41 PM,26.5879,55.8474,10.1,,ISC      ,mb    ,3.9
604843937,ke  ,ISC      ,9/17/2013,5:28:17 PM,26.684,56.0113,10,TRUE,OMAN     ,ml    ,3.6
605302893,ke  ,OMAN     ,9/19/2013,4:23:41 AM,25.1938,56.3222,4.7,,OMAN     ,ml    ,1.3
605302895,ke  ,OMAN     ,9/19/2013,8:36:10 PM,26.2311,57.7315,32,TRUE,OMAN     ,ml    ,2
603468760,ke  ,ISC      ,9/21/2013,6:27:45 AM,28.4429,57.137,15.3,,ISC      ,mb    ,4.2
604844008,ke  ,ISC      ,9/24/2013,4:43:29 AM,28.8765,57.4904,10,TRUE,THR      ,ML    ,3.2
604844011,ke  ,ISC      ,9/24/2013,7:36:46 PM,27.5418,57.6562,10,TRUE,OMAN     ,ml    ,3.4
605195437,ke  ,DSN      ,9/25/2013,4:31:30 AM,26.9216,55.871,15,,DSN      ,ML    ,3.2
603482862,ke  ,ISC      ,9/25/2013,4:18:38 PM,27.7064,57.5815,25,TRUE,ISC      ,mb    ,4.2
605232776,ke  ,DSN      ,10/1/2013,10:26:26 AM,26.7118,56.7172,10,,DSN      ,ML    ,3.4
606509852,ke  ,TEH      ,10/3/2013,4:05:58 AM,27.741,54.973,8.8,,TEH      ,ML    ,3.1
605302914,ke  ,ISC      ,10/3/2013,10:12:38 PM,28.7367,57.264,35,TRUE,THR      ,ML    ,2.9
605302919,ke  ,OMAN     ,10/5/2013,11:03:20 PM,27.2741,57.3572,5.4,TRUE,OMAN     ,ml    ,2.5
605302921,ke  ,OMAN     ,10/6/2013,12:28:04 AM,27.0527,56.834,27.1,TRUE,OMAN     ,ml    ,2.8
605302922,ke  ,OMAN     ,10/6/2013,4:53:07 AM,25.6473,57.5863,29.5,,OMAN     ,ml    ,2.2
606509918,ke  ,ISC      ,10/7/2013,12:16:05 AM,26.9521,57.286,10,TRUE,OMAN     ,ml    ,3.8
603769993,ke  ,ISC      ,10/7/2013,2:40:10 AM,28.3031,53.8933,24,TRUE,ISC      ,mb    ,3.8
609095249,ke  ,ISC      ,10/8/2013,2:52:09 AM,27.2544,55.8269,14.3,,ISC      ,mb    ,4.8
604844108,ke  ,ISC      ,10/8/2013,4:14:34 PM,26.9336,57.2049,10,TRUE,TEH      ,ML    ,3.3
605302931,ke  ,OMAN     ,10/9/2013,6:51:01 AM,25.033,56.1248,4.6,,OMAN     ,ml    ,1.7
606509920,ke  ,TEH      ,10/9/2013,6:49:39 PM,27.885,56.622,10,,TEH      ,ML    ,3.1
604844120,ke  ,ISC      ,10/10/2013,3:03:02 AM,27.2093,56.19,14,TRUE,TEH      ,ML    ,3.3
605302934,ke  ,OMAN     ,10/10/2013,5:22:03 AM,25.1786,56.0614,2.2,TRUE,OMAN     ,ml    ,1.2
603734554,ke  ,ISC      ,10/12/2013,8:18:17 AM,28.0007,54.4921,17,TRUE,ISC      ,mb    ,4.2
605237798,ke  ,DSN      ,10/14/2013,12:45:06 PM,26.0468,57.4456,10,,DSN      ,ML    ,2.3
605302943,ke  ,OMAN     ,10/14/2013,4:06:21 PM,26.9343,56.0255,8,TRUE,OMAN     ,ml    ,2.4
605302945,ke  ,OMAN     ,10/14/2013,5:50:36 PM,26.9005,57.09,4,TRUE,OMAN     ,ml    ,2.4
603989215,ke  ,ISC      ,10/15/2013,12:52:18 PM,28.4668,57.3354,10,TRUE,ISC      ,mb    ,3.7
605302951,ke  ,OMAN     ,10/15/2013,10:19:08 PM,27.777,56.2125,69,,OMAN     ,ml    ,2.4
604844160,ke  ,ISC      ,10/16/2013,3:44:14 AM,26.7739,58.0523,10,TRUE,DSN      ,ML    ,3.6
603989306,ke  ,ISC      ,10/16/2013,2:43:07 PM,27.8244,56.2381,10,TRUE,ISC      ,mb    ,3.6
605238371,ke  ,OMAN     ,10/16/2013,6:46:22 PM,28.4299,53.6877,20,TRUE,OMAN     ,ml    ,2.8
604844179,ke  ,ISC      ,10/18/2013,7:35:14 AM,27.9201,56.176,16,TRUE,THR      ,ML    ,3.1
605302962,ke  ,OMAN     ,10/18/2013,11:45:11 AM,26.3373,57.2961,2,TRUE,OMAN     ,ml    ,1.9
605239347,ke  ,DSN      ,10/19/2013,12:42:24 AM,25.0991,56.2173,0,,DSN      ,ML    ,1.3
605302964,ke  ,OMAN     ,10/20/2013,5:00:17 AM,25.0837,56.2972,9,TRUE,OMAN     ,ml    ,1.2
605302974,ke  ,OMAN     ,10/23/2013,4:30:02 AM,25.1064,56.3488,16.6,,OMAN     ,ml    ,1.7
605302975,ke  ,OMAN     ,10/23/2013,5:45:07 AM,26.8618,55.829,4,TRUE,OMAN     ,ml    ,2.8
605302978,ke  ,OMAN     ,10/24/2013,4:22:45 AM,25.3971,56.0468,17.9,TRUE,OMAN     ,ml    ,1.4
605240977,ke  ,DSN      ,10/24/2013,1:02:44 PM,26.064,57.4621,10,,DSN      ,ML    ,2.8
605240978,ke  ,DSN      ,10/24/2013,1:43:58 PM,26.0942,57.4303,10,,DSN      ,ML    ,2.7
604844235,ke  ,ISC      ,10/26/2013,2:58:00 AM,27.9379,56.8628,10,TRUE,DSN      ,ML    ,3.9
605241540,ke  ,DSN      ,10/26/2013,4:48:43 PM,25.6127,56.6138,10.1,,DSN      ,ML    ,1.9
605302983,ke  ,OMAN     ,10/27/2013,4:05:30 AM,25.3325,56.0599,1.2,,OMAN     ,ml    ,1.3
603989935,ke  ,ISC      ,10/27/2013,5:57:41 PM,28.2441,54.1061,10,TRUE,IDC      ,mb    ,3.4
603989986,ke  ,ISC      ,10/28/2013,3:46:59 PM,27.675,55.6447,10,TRUE,ISC      ,mb    ,3.7
605243049,ke  ,DSN      ,10/30/2013,4:05:54 AM,25.939,56.0671,6,,DSN      ,ML    ,2.3
605302999,ke  ,OMAN     ,10/31/2013,5:04:31 AM,25.0326,56.1176,6,TRUE,OMAN     ,ml    ,1.2
605303002,ke  ,OMAN     ,11/1/2013,12:25:18 AM,27.3816,57.9888,32,TRUE,OMAN     ,ml    ,2.8
605303007,ke  ,OMAN     ,11/4/2013,11:17:25 PM,26.6582,57.662,35.2,TRUE,OMAN     ,ml    ,2.8
605244124,ke  ,DSN      ,11/7/2013,9:53:23 PM,28.8039,55.1453,10,,DSN      ,ML    ,3.3
603779195,ke  ,ISC      ,11/7/2013,11:38:53 PM,26.5977,57.8439,22.1,,ISC      ,mb    ,3.7
605303018,ke  ,OMAN     ,11/8/2013,8:04:10 PM,26.9497,55.2606,33.8,,OMAN     ,ml    ,2.5
605303020,ke  ,OMAN     ,11/9/2013,8:08:34 AM,27.0614,57.347,33.8,TRUE,OMAN     ,ml    ,2.6
605303063,ke  ,OMAN     ,11/11/2013,4:29:47 AM,25.1279,56.304,1,TRUE,OMAN     ,ml    ,1.6
605303064,ke  ,OMAN     ,11/11/2013,4:48:09 AM,25.0893,56.3305,1.5,TRUE,OMAN     ,ml    ,1.5
605244153,ke  ,DSN      ,11/11/2013,7:15:05 AM,27.0643,56.6454,10,,DSN      ,ML    ,3.2
605303066,ke  ,OMAN     ,11/11/2013,9:30:34 AM,27.673,56.3191,17.9,,OMAN     ,ml    ,2.7
604844363,ke  ,ISC      ,11/11/2013,9:33:41 PM,27.7884,56.7366,28,TRUE,THR      ,ML    ,3
604844382,ke  ,TEH      ,11/14/2013,3:11:20 AM,26.699,55.713,14.6,,TEH      ,ML    ,3
605244175,ke  ,DSN      ,11/14/2013,11:34:13 PM,25.6881,56.1589,5,,DSN      ,ML    ,1.9
606509977,ke  ,TEH      ,11/16/2013,1:44:10 PM,26.653,55.826,21,,TEH      ,ML    ,3
603991078,ke  ,ISC      ,11/17/2013,2:55:47 PM,27.3515,54.8693,20,TRUE,ISC      ,mb    ,3.5
605303080,ke  ,OMAN     ,11/18/2013,4:35:36 AM,25.1911,56.2775,0,,OMAN     ,ml    ,1.4
605244202,ke  ,DSN      ,11/19/2013,10:34:26 PM,26.7528,56.2417,10,,DSN      ,ML    ,2.9
603798196,ke  ,ISC      ,11/20/2013,8:20:21 AM,27.4815,56.1441,15,TRUE,ISC      ,mb    ,4.1
604844426,ke  ,ISC      ,11/22/2013,11:32:46 PM,28.3706,54.0572,10,TRUE,TEH      ,ML    ,3.2
605244222,ke  ,DSN      ,11/23/2013,4:31:30 PM,28.0875,56.559,10,,DSN      ,ML    ,3.2
605303090,ke  ,OMAN     ,11/25/2013,10:21:12 PM,26.9269,56.4793,4,TRUE,OMAN     ,ml    ,2.2
603991546,ke  ,ISC      ,11/26/2013,4:28:40 AM,28.4779,56.6712,10,TRUE,IDC      ,mb    ,3.8
605303091,ke  ,OMAN     ,11/26/2013,4:34:55 AM,25.3308,56.1513,0,,OMAN     ,ml    ,0.7
605303092,ke  ,OMAN     ,11/27/2013,4:30:15 AM,25.1953,56.3335,3.9,,OMAN     ,ml    ,1.4
603816236,ke  ,ISC      ,11/27/2013,7:25:42 AM,26.8111,56.9015,10,TRUE,ISC      ,mb    ,4.6
606510093,ke  ,TEH      ,11/27/2013,2:43:59 PM,28.314,54.029,5,,TEH      ,ML    ,3.3
604844446,ke  ,ISC      ,11/27/2013,10:18:53 PM,27.5982,54.0848,10,TRUE,DSN      ,ML    ,3.7
604844462,ke  ,ISC      ,11/29/2013,7:38:22 AM,26.6555,57.7997,10,TRUE,TEH      ,ML    ,3.1
604844477,ke  ,ISC      ,12/1/2013,10:14:35 AM,26.8596,57.576,10,TRUE,THR      ,ML    ,3.4
604844484,ke  ,TEH      ,12/2/2013,11:14:42 AM,27.82,56.867,5,,TEH      ,ML    ,3.2
604844485,ke  ,TEH      ,12/2/2013,12:19:30 PM,26.869,55.96,17,,TEH      ,ML    ,3.2
604844486,ke  ,ISC      ,12/2/2013,11:53:00 PM,27.7808,56.7462,10,TRUE,THR      ,ML    ,3.5
605244287,ke  ,DSN      ,12/3/2013,1:20:59 PM,25.6923,56.1719,0,,DSN      ,ML    ,1.7
606510268,ke  ,TEH      ,12/6/2013,9:06:39 AM,27.466,56.905,15.1,,TEH      ,ML    ,3.1
605244339,ke  ,DSN      ,12/7/2013,8:18:16 AM,27.4085,55.6137,10,,DSN      ,ML    ,3.1
605303103,ke  ,ISC      ,12/7/2013,11:34:10 AM,27.6565,56.2609,14,TRUE,THR      ,ML    ,3
605303107,ke  ,OMAN     ,12/9/2013,10:28:09 PM,27.506,57.0169,18.5,TRUE,OMAN     ,ml    ,3
605303112,ke  ,OMAN     ,12/12/2013,5:54:24 AM,25.2057,56.0229,15.9,,OMAN     ,ml    ,1.2
606510288,ke  ,TEH      ,12/15/2013,8:05:50 PM,28.2,56.01,5,,TEH      ,ML    ,3.1
605303122,ke  ,OMAN     ,12/17/2013,10:19:34 PM,27.3393,57.0493,20,TRUE,OMAN     ,ml    ,2.6
605244455,ke  ,DSN      ,12/18/2013,4:35:26 AM,25.2477,56.1359,0,,DSN      ,ML    ,1.7
604844587,ke  ,ISC      ,12/18/2013,2:04:00 PM,27.2944,57.7327,10,TRUE,DSN      ,ML    ,3.4
605303124,ke  ,OMAN     ,12/19/2013,4:49:59 AM,25.1826,56.0777,12,TRUE,OMAN     ,ml    ,1.2
605303125,ke  ,OMAN     ,12/19/2013,5:28:38 AM,25.0373,56.2939,10,TRUE,OMAN     ,ml    ,1.4
604007233,ke  ,ISC      ,12/20/2013,4:50:02 PM,27.5111,56.9039,26.3,,ISC      ,mb    ,3.8
606510296,ke  ,TEH      ,12/21/2013,6:30:37 AM,26.735,57.76,8,,TEH      ,ML    ,3
606510302,ke  ,ISC      ,12/24/2013,10:53:54 AM,28.8762,57.7089,10,TRUE,TEH      ,ML    ,3.5
604844600,ke  ,ISC      ,12/25/2013,5:52:09 AM,27.0211,55.8741,5.2,,OMAN     ,ml    ,3.5
604005108,ke  ,ISC      ,12/25/2013,5:55:58 AM,27.0084,55.9002,14.3,,ISC      ,mb    ,3.9
605303131,ke  ,OMAN     ,12/25/2013,11:14:44 PM,26.4962,57.6461,20,TRUE,OMAN     ,ml    ,2.6
605303133,ke  ,OMAN     ,12/26/2013,4:53:04 AM,25.2011,56.3326,0.1,TRUE,OMAN     ,ml    ,1.4
606510309,ke  ,TEH      ,12/28/2013,4:04:08 AM,28.939,57.716,9.3,,TEH      ,ML    ,3
606510310,ke  ,TEH      ,12/28/2013,7:35:12 AM,28.275,56.947,14.7,,TEH      ,ML    ,3.2
605303136,ke  ,OMAN     ,12/29/2013,4:23:43 AM,25.5712,56.1028,12.2,TRUE,OMAN     ,ml    ,1.6
604844611,ke  ,ISC      ,12/29/2013,4:29:36 PM,26.4768,54.2261,10,TRUE,TEH      ,ML    ,3.1
604844612,ke  ,TEH      ,12/30/2013,1:38:13 AM,28.554,57.248,5,,TEH      ,ML    ,3
605303140,ke  ,OMAN     ,12/30/2013,9:10:17 PM,26.7928,55.0618,58.5,,OMAN     ,ml    ,2.1
604844615,ke  ,TEH      ,12/31/2013,7:25:28 PM,26.524,55.156,19,,TEH      ,ML    ,3.3
604844616,ke  ,TEH      ,12/31/2013,7:34:47 PM,26.489,54.959,9.8,,TEH      ,ML    ,3.1
605244556,ke  ,DSN      ,12/31/2013,9:59:21 PM,26.9474,56.1942,10,,DSN      ,ML    ,3
603877190,se  ,ISC      ,1/1/2014,6:08:30 AM,28.3045,54.2578,10,TRUE,ISC      ,mb    ,4.1
603878116,ke  ,ISC      ,1/2/2014,3:13:56 AM,27.1767,54.407,9.1,,ISC      ,mb    ,5.3
606909042,ke  ,ISC      ,1/2/2014,3:23:18 AM,27.1846,54.349,18,TRUE,ISC      ,mb    ,3.7
603878117,se  ,ISC      ,1/2/2014,3:24:22 AM,27.1021,54.4882,27.5,,ISC      ,mb    ,4.3
603878118,ke  ,ISC      ,1/2/2014,3:37:42 AM,27.8302,56.2708,10,TRUE,ISC      ,mb    ,3.7
608794694,ke  ,TEH      ,1/2/2014,3:49:51 AM,27.119,54.544,7.5,,TEH      ,ML    ,3.2
608794695,ke  ,TEH      ,1/2/2014,4:58:56 AM,27.119,54.554,10,,TEH      ,ML    ,3.2
606909045,ke  ,ISC      ,1/2/2014,5:57:13 AM,26.9788,54.376,18,TRUE,ISC      ,mb    ,3.5
608794696,ke  ,TEH      ,1/2/2014,6:00:08 AM,27.174,54.479,13.4,,TEH      ,ML    ,3.2
608794697,ke  ,TEH      ,1/2/2014,6:49:09 AM,27.106,54.535,10,,TEH      ,ML    ,3.5
604160029,ke  ,ISC      ,1/2/2014,6:58:50 AM,27.1382,54.4335,18,TRUE,ISC      ,mb    ,4
606909047,se  ,ISC      ,1/2/2014,8:59:32 AM,27.0566,54.436,18,TRUE,ISC      ,mb    ,3.9
603879019,se  ,ISC      ,1/2/2014,10:50:20 AM,27.0416,54.3273,29.6,,ISC      ,mb    ,4.5
606909058,ke  ,ISC      ,1/2/2014,1:43:33 PM,26.9059,54.3545,18,TRUE,ISC      ,mb    ,3.8
608794699,ke  ,TEH      ,1/2/2014,2:53:01 PM,27.241,54.57,18,,TEH      ,ML    ,2.7
608794700,ke  ,TEH      ,1/2/2014,10:00:25 PM,27.127,54.559,15,,TEH      ,ML    ,2.8
608794706,ke  ,TEH      ,1/3/2014,12:54:43 AM,27.117,54.485,20,,TEH      ,ML    ,3.3
608794710,ke  ,TEH      ,1/3/2014,5:37:50 AM,27.155,54.493,26.4,,TEH      ,ML    ,3.1
608732636,ke  ,DSN      ,1/3/2014,6:00:07 AM,27.3773,54.5192,15,,DSN      ,ML    ,3
608732637,ke  ,TEH      ,1/3/2014,6:24:06 AM,27.117,54.508,20,,TEH      ,ML    ,3.4
606909102,ke  ,ISC      ,1/3/2014,12:47:42 PM,26.9308,54.4197,18,TRUE,ISC      ,mb    ,3.8
608794713,ke  ,ISC      ,1/3/2014,5:36:01 PM,27.1534,54.5022,18,TRUE,DSN      ,ML    ,3.7
608732639,ke  ,ISC      ,1/3/2014,7:03:41 PM,28.7769,57.5027,10,TRUE,TEH      ,ML    ,3.5
608794720,ke  ,ISC      ,1/4/2014,9:58:46 AM,27.6434,56.9883,25.3,,OMAN     ,ml    ,3.2
603928277,se  ,ISC      ,1/4/2014,9:20:40 PM,27.1504,54.2863,18,TRUE,ISC      ,mb    ,4.1
608732686,ke  ,DSN      ,1/5/2014,5:49:30 AM,25.2439,56.2802,0,,DSN      ,ML    ,1.3
609632267,ke  ,OMAN     ,1/5/2014,9:24:33 AM,26.7715,56.3845,10,TRUE,OMAN     ,ml    ,2.2
608794723,ke  ,ISC      ,1/5/2014,11:52:21 AM,27.0744,54.3937,18,TRUE,TEH      ,ML    ,3
608732733,ke  ,DSN      ,1/6/2014,11:32:42 AM,27.4153,54.6174,10,,DSN      ,ML    ,3.2
609632270,ke  ,OMAN     ,1/7/2014,1:47:08 PM,25.6652,56.2466,2.4,TRUE,OMAN     ,ml    ,1.8
606909271,ke  ,ISC      ,1/7/2014,10:13:06 PM,27.1504,54.4373,18,TRUE,ISC      ,mb    ,3.7
603944486,se  ,ISC      ,1/9/2014,6:13:05 AM,26.6753,53.8058,24,TRUE,ISC      ,mb    ,4.3
603944496,ke  ,ISC      ,1/9/2014,8:31:31 AM,26.6973,53.8564,23.4,,ISC      ,mb    ,4.9
609632275,ke  ,OMAN     ,1/9/2014,8:23:06 PM,25.6659,56.369,4.2,,OMAN     ,ml    ,0.9
608794760,ke  ,TEH      ,1/10/2014,1:06:01 AM,27.448,56.935,22.4,,TEH      ,ML    ,2.5
603950833,se  ,ISC      ,1/10/2014,8:12:47 AM,26.6703,53.8522,26.7,,ISC      ,mb    ,4.4
606909369,ke  ,IDC      ,1/10/2014,12:51:24 PM,26.4316,54.0226,0,TRUE,IDC      ,mb    ,3.5
604060609,se  ,ISC      ,1/10/2014,2:30:41 PM,26.7512,53.9618,10.8,,ISC      ,mb    ,4.1
609632279,ke  ,OMAN     ,1/11/2014,1:28:17 AM,28.3748,56.7317,33,TRUE,OMAN     ,ml    ,2.6
604160525,se  ,ISC      ,1/11/2014,9:02:24 PM,26.7634,53.9651,10,TRUE,ISC      ,mb    ,3.9
608732900,ke  ,OMAN     ,1/11/2014,10:39:31 PM,26.5775,53.6767,30,TRUE,OMAN     ,ml    ,2.8
608794779,ke  ,TEH      ,1/12/2014,4:17:40 PM,28.188,56.363,6.4,,TEH      ,ML    ,2.6
609632286,ke  ,OMAN     ,1/13/2014,5:26:28 AM,25.3038,56.1042,7.1,,OMAN     ,ml    ,1.3
606909490,ke  ,ISC      ,1/13/2014,12:50:50 PM,27.1401,54.5039,18.2,,ISC      ,mb    ,3.8
608794795,ke  ,TEH      ,1/14/2014,2:17:45 AM,27.294,54.211,28,,TEH      ,ML    ,3
609632287,ke  ,OMAN     ,1/14/2014,5:24:03 AM,25.5302,56.1149,30,TRUE,OMAN     ,ml    ,1.4
609632288,ke  ,OMAN     ,1/14/2014,5:42:46 AM,25.2686,56.31,9.8,,OMAN     ,ml    ,0.9
608733025,ke  ,DSN      ,1/15/2014,2:34:37 AM,25.4939,56.6674,3.9,,DSN      ,ML    ,2.5
608733026,ke  ,DSN      ,1/15/2014,2:42:02 AM,25.5008,56.2417,3.9,,DSN      ,ML    ,1.2
608733027,ke  ,DSN      ,1/15/2014,3:19:36 AM,25.4851,56.4834,3.4,,DSN      ,ML    ,2.6
609632295,ke  ,OMAN     ,1/16/2014,3:47:38 AM,25.5451,56.0119,14.2,,OMAN     ,ml    ,1.2
609632297,ke  ,OMAN     ,1/16/2014,7:08:00 AM,25.2542,56.2877,4.7,,OMAN     ,ml    ,1.2
609632298,ke  ,OMAN     ,1/16/2014,11:34:50 PM,27.5363,56.0365,25,TRUE,OMAN     ,ml    ,2.5
608733114,ke  ,ISC      ,1/17/2014,5:07:47 AM,27.0935,55.795,10,TRUE,TEH      ,ML    ,3.2
609632301,ke  ,OMAN     ,1/18/2014,4:39:42 AM,26.6302,55.1183,12,,OMAN     ,ml    ,2.5
606909696,ke  ,ISC      ,1/18/2014,12:33:29 PM,26.8356,53.9327,15.9,,ISC      ,mb    ,3.6
608794852,ke  ,TEH      ,1/21/2014,3:14:38 AM,26.644,57.629,5.3,,TEH      ,ML    ,2.9
608794856,ke  ,TEH      ,1/21/2014,5:54:57 PM,27.607,54.158,22,,TEH      ,ML    ,2.8
603983761,se  ,ISC      ,1/22/2014,3:26:41 AM,27.4888,54.0158,23,TRUE,ISC      ,mb    ,4.2
604161092,se  ,ISC      ,1/22/2014,3:32:09 AM,27.6297,54.0256,23,TRUE,ISC      ,mb    ,3.9
606909858,se  ,ISC      ,1/22/2014,3:32:36 AM,27.5239,53.9584,23,TRUE,ISC      ,mb    ,4.3
608794864,ke  ,TEH      ,1/22/2014,9:25:41 PM,28.561,56.921,20,,TEH      ,ML    ,2.6
608794871,ke  ,TEH      ,1/23/2014,4:14:04 PM,27.204,54.487,10,,TEH      ,ML    ,3.3
608794888,ke  ,TEH      ,1/25/2014,4:47:21 AM,27.835,56.299,5,,TEH      ,ML    ,2.8
608733399,ke  ,DSN      ,1/25/2014,6:40:58 AM,25.3118,56.1451,0,,DSN      ,ML    ,2
608794909,ke  ,TEH      ,1/27/2014,11:52:23 AM,27.132,54.513,16.5,,TEH      ,ML    ,3.5
608794910,ke  ,ISC      ,1/27/2014,1:40:55 PM,27.5321,56.7741,24,,THR      ,ML    ,3.5
608733442,ke  ,DSN      ,1/27/2014,5:23:57 PM,25.5119,56.25,0,,DSN      ,ML    ,2.4
608794938,ke  ,TEH      ,1/30/2014,11:12:57 PM,27.551,54.107,31.4,,TEH      ,ML    ,2.9
606910286,ke  ,IDC      ,2/1/2014,9:48:51 AM,26.087,54.0119,0,TRUE,IDC      ,mb    ,3.6
609846671,ke  ,TEH      ,2/2/2014,2:09:02 PM,28.441,57.215,10,,TEH      ,ML    ,2.7
604062325,ke  ,ISC      ,2/2/2014,2:26:48 PM,26.624,57.7799,19.3,,ISC      ,mb    ,5.3
609757795,ke  ,OMAN     ,2/2/2014,2:38:57 PM,26.8433,57.9363,65.7,,OMAN     ,ml    ,2.9
604367784,se  ,ISC      ,2/2/2014,2:46:11 PM,26.5491,57.7159,10,TRUE,ISC      ,mb    ,3.6
606910374,se  ,ISC      ,2/2/2014,2:46:42 PM,26.4486,57.3182,10,TRUE,ISC      ,mb    ,3.8
608733599,ke  ,TEH      ,2/2/2014,3:05:30 PM,26.733,57.766,8,,TEH      ,ML    ,3.2
608733600,ke  ,ISC      ,2/2/2014,3:16:22 PM,26.6201,57.7156,16.7,,DSN      ,ML    ,3.7
608794961,ke  ,ISC      ,2/2/2014,3:46:07 PM,26.5773,57.8221,34,,TEH      ,ML    ,3.3
604030843,se  ,ISC      ,2/2/2014,6:15:44 PM,28.1276,57.1757,25.8,,ISC      ,mb    ,4.2
609757796,ke  ,OMAN     ,2/2/2014,6:26:52 PM,26.4441,57.8017,20,TRUE,OMAN     ,ml    ,2.5
606910397,ke  ,ISC      ,2/2/2014,11:56:35 PM,26.5682,57.7377,10,TRUE,ISC      ,mb    ,3.1
609757836,ke  ,OMAN     ,2/3/2014,3:30:29 AM,26.3553,57.7381,15,TRUE,OMAN     ,ml    ,2.8
609757837,ke  ,OMAN     ,2/3/2014,3:54:29 AM,26.6985,57.8193,15,TRUE,OMAN     ,ml    ,3.1
608733617,ke  ,ISC      ,2/3/2014,4:59:58 AM,26.5347,57.5999,3.4,,DSN      ,ML    ,3.7
604033960,se  ,ISC      ,2/3/2014,7:00:28 PM,26.6464,57.7901,10,TRUE,ISC      ,mb    ,4.2
609849038,ke  ,TEH      ,2/4/2014,8:30:23 PM,27.708,56.844,22,,TEH      ,ML    ,2.6
606910557,ke  ,ISC      ,2/4/2014,10:42:59 PM,28.2918,57.3399,10,TRUE,ISC      ,mb    ,3.3
606910560,ke  ,ISC      ,2/4/2014,10:43:22 PM,28.2028,57.1776,24,TRUE,ISC      ,mb    ,3.8
606910570,ke  ,ISC      ,2/5/2014,2:00:04 AM,27.4781,53.7885,16,TRUE,ISC      ,mb    ,3.6
608794984,ke  ,TEH      ,2/5/2014,8:30:11 AM,26.77,57.814,24.4,,TEH      ,ML    ,3.3
608733672,ke  ,ISC      ,2/5/2014,10:59:43 AM,26.6254,57.799,10.3,,DSN      ,ML    ,3.9
604036087,ke  ,ISC      ,2/6/2014,2:09:35 AM,29.1771,52.751,17,,ISC      ,mb    ,4.3
608794988,ke  ,ISC      ,2/6/2014,3:40:05 AM,26.6096,57.7575,10,TRUE,TEH      ,ML    ,3.4
609849044,ke  ,TEH      ,2/6/2014,11:28:53 AM,28.374,57.121,8,,TEH      ,ML    ,3.2
609849045,ke  ,TEH      ,2/6/2014,11:42:13 AM,27.685,55.199,7.1,,TEH      ,ML    ,3.2
604038844,se  ,ISC      ,2/7/2014,7:43:31 PM,26.6867,57.7647,13.3,,ISC      ,mb    ,4.1
609758066,ke  ,OMAN     ,2/9/2014,5:20:07 AM,25.1922,56.133,17.7,,OMAN     ,ml    ,1.3
609758067,ke  ,OMAN     ,2/9/2014,5:45:32 AM,25.1943,56.0591,16,,OMAN     ,ml    ,1.7
606910734,ke  ,ISC      ,2/9/2014,11:59:27 AM,26.6857,54.5415,10,TRUE,ISC      ,mb    ,3.3
609758069,ke  ,OMAN     ,2/9/2014,6:14:08 PM,27.1473,55.6381,1.8,,OMAN     ,ml    ,2.3
608795027,ke  ,TEH      ,2/10/2014,1:45:07 AM,27.748,56.817,14.8,,TEH      ,ML    ,2.9
608733811,ke  ,DSN      ,2/10/2014,6:14:57 PM,25.5981,56.4287,9.3,,DSN      ,ML    ,1.8
606910786,ke  ,ISC      ,2/11/2014,12:46:46 AM,26.5256,57.8218,22.1,,ISC      ,mb    ,3.5
609849070,ke  ,TEH      ,2/11/2014,1:22:44 AM,28.19,55.124,16.1,,TEH      ,ML    ,2.7
608795035,ke  ,ISC      ,2/11/2014,4:09:24 AM,26.4459,58.121,10,TRUE,TEH      ,ML    ,3.1
608795038,ke  ,TEH      ,2/11/2014,11:17:13 AM,26.597,57.855,14,,TEH      ,ML    ,3
608733838,ke  ,OMAN     ,2/11/2014,6:23:39 PM,26.5615,57.8626,19,TRUE,OMAN     ,ml    ,2.6
609849073,ke  ,TEH      ,2/11/2014,6:25:14 PM,27.532,56.915,24.3,,TEH      ,ML    ,2.7
608795049,ke  ,ISC      ,2/13/2014,5:12:57 AM,26.6477,57.7453,10,TRUE,TEH      ,ML    ,3.3
609849089,ke  ,TEH      ,2/13/2014,10:08:11 PM,27.719,56.808,17.4,,TEH      ,ML    ,2.5
608795055,ke  ,ISC      ,2/13/2014,10:40:46 PM,26.5724,57.7965,10,TRUE,OMAN     ,ml    ,2.6
608795058,ke  ,TEH      ,2/14/2014,12:18:53 AM,27.092,55.799,25.3,,TEH      ,ML    ,3.1
609758275,ke  ,OMAN     ,2/15/2014,2:59:28 PM,26.0722,57.4276,25,TRUE,OMAN     ,ml    ,2.4
609849104,ke  ,TEH      ,2/15/2014,9:16:20 PM,27.366,56.954,15.9,,TEH      ,ML    ,2.9
609758344,ke  ,OMAN     ,2/17/2014,4:02:28 AM,25.9167,57.4534,46.4,,OMAN     ,ml    ,2.4
608795087,ke  ,ISC      ,2/17/2014,9:34:40 AM,27.4647,57.4923,25,TRUE,TEH      ,ML    ,3.4
609849108,ke  ,TEH      ,2/17/2014,11:45:54 PM,27.696,56.843,20.2,,TEH      ,ML    ,2.7
609758385,ke  ,OMAN     ,2/18/2014,4:44:05 AM,25.1812,56.1747,15.7,,OMAN     ,ml    ,1.6
606911151,ke  ,ISC      ,2/19/2014,1:04:02 AM,26.5296,57.767,10,TRUE,ISC      ,mb    ,3.5
608795107,ke  ,ISC      ,2/19/2014,10:24:28 PM,26.6818,57.8768,10,TRUE,TEH      ,ML    ,2.9
608795111,ke  ,ISC      ,2/20/2014,10:06:43 AM,28.4847,57.3633,10,TRUE,TEH      ,ML    ,3.5
609849122,ke  ,TEH      ,2/21/2014,5:45:48 AM,26.639,57.867,14,,TEH      ,ML    ,3
604061193,se  ,ISC      ,2/22/2014,5:29:11 PM,28.0498,56.8553,24,TRUE,ISC      ,mb    ,4.2
609849131,ke  ,TEH      ,2/23/2014,9:38:17 PM,28.012,57.197,15,,TEH      ,ML    ,3
609849133,ke  ,TEH      ,2/24/2014,11:05:25 AM,28.978,55.414,10,,TEH      ,ML    ,2.9
609758656,ke  ,OMAN     ,2/25/2014,4:52:16 AM,25.2017,56.3967,9,,OMAN     ,ml    ,1.7
609849136,ke  ,TEH      ,2/25/2014,10:58:37 AM,28.077,57.413,10,,TEH      ,ML    ,2.7
606911424,ke  ,ISC      ,2/25/2014,7:14:24 PM,27.9618,56.7951,24,TRUE,ISC      ,mb    ,3.8
604067415,se  ,ISC      ,2/26/2014,8:08:05 AM,27.7803,58.0663,50,TRUE,ISC      ,mb    ,3.8
608795149,ke  ,ISC      ,2/26/2014,7:06:06 PM,26.5278,57.7253,10,TRUE,TEH      ,ML    ,3.7
608795177,ke  ,ISC      ,3/1/2014,2:30:34 PM,26.5923,57.7854,13.4,,TEH      ,ML    ,3.1
609849158,ke  ,TEH      ,3/1/2014,8:36:41 PM,26.717,57.849,13.8,,TEH      ,ML    ,3
606911644,ke  ,ISC      ,3/2/2014,4:11:52 AM,28.1224,57.4449,10,TRUE,ISC      ,mb    ,3.6
609758833,ke  ,OMAN     ,3/2/2014,7:05:27 AM,25.1199,56.129,19.1,,OMAN     ,ml    ,1.7
609849164,ke  ,TEH      ,3/2/2014,6:39:54 PM,27.658,57.458,12,,TEH      ,ML    ,3
609758835,ke  ,OMAN     ,3/2/2014,10:48:28 PM,25.6869,56.3567,13.8,TRUE,OMAN     ,ml    ,1
606911701,ke  ,ISC      ,3/3/2014,4:29:04 AM,27.0773,54.4778,18,TRUE,ISC      ,mb    ,3.7
609758868,ke  ,OMAN     ,3/3/2014,4:40:15 AM,25.2075,56.3554,8.5,,OMAN     ,ml    ,1.5
609849176,ke  ,TEH      ,3/3/2014,1:42:56 PM,27.798,54.755,17,,TEH      ,ML    ,2.9
609849187,ke  ,TEH      ,3/4/2014,4:33:45 AM,28.423,57.352,17.4,,TEH      ,ML    ,2.7
608795194,ke  ,ISC      ,3/4/2014,6:11:06 AM,26.7397,54.1093,24,TRUE,TEH      ,ML    ,3.5
609849208,ke  ,TEH      ,3/5/2014,2:22:00 AM,27.695,57.453,13.1,,TEH      ,ML    ,2.6
609758912,ke  ,OMAN     ,3/5/2014,4:25:52 AM,25.1078,56.275,9.7,,OMAN     ,ml    ,1.6
609849235,ke  ,TEH      ,3/6/2014,5:11:14 AM,27.562,54.044,22.7,,TEH      ,ML    ,3.1
609849237,ke  ,TEH      ,3/6/2014,12:47:12 PM,27.351,54.473,13.5,,TEH      ,ML    ,2.7
609849238,ke  ,TEH      ,3/6/2014,5:00:05 PM,28.018,57.856,31.2,,TEH      ,ML    ,3.4
609849239,ke  ,TEH      ,3/6/2014,7:04:35 PM,28.052,57.197,10,,TEH      ,ML    ,2.5
608734623,ke  ,DSN      ,3/9/2014,4:35:44 AM,25.192,56.3394,0,,DSN      ,ML    ,1.8
608734624,ke  ,DSN      ,3/9/2014,5:39:09 AM,25.3357,56.0415,0,,DSN      ,ML    ,1.8
609849280,ke  ,TEH      ,3/9/2014,7:09:03 PM,26.249,57.994,10,,TEH      ,ML    ,2.6
608734625,ke  ,DSN      ,3/9/2014,7:46:30 PM,25.5844,56.2737,5.7,,DSN      ,ML    ,2.8
609759013,ke  ,OMAN     ,3/10/2014,4:37:58 AM,25.208,56.4167,16.7,,OMAN     ,ml    ,1.5
609759014,ke  ,OMAN     ,3/10/2014,4:43:27 AM,25.0545,56.4299,0.2,,OMAN     ,ml    ,1.7
609759036,ke  ,OMAN     ,3/11/2014,10:26:44 AM,26.6424,57.7848,25,TRUE,OMAN     ,ml    ,2.7
608734663,ke  ,ISC      ,3/11/2014,6:41:44 PM,26.5288,57.8491,13.8,,DSN      ,ML    ,3.8
609759054,ke  ,OMAN     ,3/12/2014,4:36:42 AM,25.1968,56.3762,9.4,,OMAN     ,ml    ,1.6
609759056,ke  ,OMAN     ,3/12/2014,4:59:41 AM,25.0953,56.3854,3.6,,OMAN     ,ml    ,1.7
604115138,se  ,ISC      ,3/12/2014,8:22:00 PM,28.309,56.9913,19.1,,ISC      ,mb    ,4.2
609759081,ke  ,OMAN     ,3/13/2014,6:20:20 PM,25.6321,57.636,16.3,,OMAN     ,ml    ,2
609849357,ke  ,TEH      ,3/13/2014,10:19:19 PM,28.398,54.105,10,,TEH      ,ML    ,2.8
609759126,ke  ,OMAN     ,3/16/2014,12:01:18 PM,27.2465,57.9802,32.4,TRUE,OMAN     ,ml    ,3.2
604172020,se  ,ISC      ,3/16/2014,2:34:41 PM,28.1831,57.8087,10,TRUE,ISC      ,mb    ,4.2
608734822,ke  ,ISC      ,3/16/2014,10:25:01 PM,27.8142,56.5216,10,TRUE,DSN      ,ML    ,3.7
609759144,ke  ,OMAN     ,3/17/2014,8:02:45 AM,25.2678,56.2579,6.3,,OMAN     ,ml    ,1.3
609759166,ke  ,OMAN     ,3/18/2014,12:03:44 AM,25.588,56.3289,25.2,,         ,      ,
608734891,ke  ,ISC      ,3/18/2014,5:04:38 AM,26.5056,58.1158,4.8,,TEH      ,ML    ,3.6
609849481,ke  ,TEH      ,3/19/2014,11:34:29 AM,26.542,57.71,10,,TEH      ,ML    ,2.9
608734934,ke  ,DSN      ,3/20/2014,12:06:05 AM,25.0493,56.2582,0,,DSN      ,ML    ,1
609759201,ke  ,OMAN     ,3/20/2014,4:24:24 AM,25.1932,56.3397,6.7,,OMAN     ,ml    ,1.3
608766249,ke  ,ISC      ,3/20/2014,9:15:40 PM,28.2863,57.2702,35,TRUE,THR      ,ML    ,3.4
609849507,ke  ,TEH      ,3/20/2014,9:26:48 PM,27.674,55.902,10,,TEH      ,ML    ,2.5
609849530,ke  ,TEH      ,3/21/2014,4:05:47 PM,27.693,56.808,10,,TEH      ,ML    ,2.8
609849558,ke  ,TEH      ,3/22/2014,3:44:15 AM,26.816,57.742,10,,TEH      ,ML    ,2.5
609849559,ke  ,TEH      ,3/22/2014,4:09:40 AM,28.472,57.142,8.4,,TEH      ,ML    ,3.2
609759328,ke  ,OMAN     ,3/24/2014,5:13:54 AM,25.2657,56.2523,6.4,,OMAN     ,ml    ,1.1
609759354,ke  ,OMAN     ,3/25/2014,4:10:37 AM,25.2183,56.1036,7.3,,OMAN     ,ml    ,1
609759355,ke  ,OMAN     ,3/25/2014,4:19:02 AM,25.3026,56.2158,0.8,,OMAN     ,ml    ,0.7
609759357,ke  ,OMAN     ,3/25/2014,5:33:22 AM,25.2588,56.3021,4.5,,OMAN     ,ml    ,1.1
604371484,se  ,ISC      ,3/25/2014,11:08:47 AM,26.9865,54.9111,32.8,,ISC      ,mb    ,4.1
609849631,ke  ,TEH      ,3/25/2014,7:35:56 PM,28.212,57.095,10,,TEH      ,ML    ,2.5
609849641,ke  ,TEH      ,3/26/2014,5:52:17 AM,28.237,57.109,16,,TEH      ,ML    ,2.5
609849642,ke  ,TEH      ,3/26/2014,9:07:45 AM,27.502,57.722,12,,TEH      ,ML    ,3.4
609849646,ke  ,TEH      ,3/26/2014,11:34:40 PM,28.052,57.001,10,,TEH      ,ML    ,2.7
609849654,ke  ,TEH      ,3/27/2014,4:36:02 AM,28.063,56.946,10,,TEH      ,ML    ,2.6
609759404,ke  ,OMAN     ,3/27/2014,5:52:35 AM,25.3634,56.2987,16.9,,OMAN     ,ml    ,1.5
609849655,ke  ,TEH      ,3/27/2014,7:23:43 AM,28.023,57.127,10,,TEH      ,ML    ,2.8
609849657,ke  ,TEH      ,3/27/2014,9:27:33 AM,28.068,56.92,10,,TEH      ,ML    ,2.5
608735188,ke  ,OMAN     ,3/27/2014,11:44:32 AM,25.2466,56.2924,2.3,,OMAN     ,ml    ,1.9
609849681,ke  ,TEH      ,3/28/2014,12:02:24 PM,28.883,54.043,15.6,,TEH      ,ML    ,2.7
609759433,ke  ,OMAN     ,3/28/2014,4:42:13 PM,27.1336,56.6245,3,,OMAN     ,ml    ,2.1
606913116,ke  ,ISC      ,3/28/2014,10:52:36 PM,27.019,59.1741,10,TRUE,ISC      ,mb    ,3.6
608766295,ke  ,TEH      ,3/28/2014,11:43:11 PM,28.53,57.413,10.4,,TEH      ,ML    ,3
609849748,ke  ,TEH      ,3/31/2014,1:02:59 PM,28.154,57.862,3.4,,TEH      ,ML    ,2.5
604377321,se  ,ISC      ,4/1/2014,6:37:19 AM,28.1763,57.7724,10,TRUE,ISC      ,mb    ,4.4
606913258,se  ,ISC      ,4/1/2014,6:40:20 AM,28.2485,57.8652,7.7,,ISC      ,mb    ,3.9
608766313,ke  ,ISC      ,4/1/2014,9:58:14 AM,28.2298,58.094,10,TRUE,THR      ,ML    ,3.4
609759542,ke  ,OMAN     ,4/2/2014,4:30:58 AM,25.3038,56.0949,8.2,,OMAN     ,ml    ,1.2
609849786,ke  ,TEH      ,4/2/2014,9:35:44 PM,27.635,54.09,19.7,,TEH      ,ML    ,2.6
606913545,ke  ,ISC      ,4/3/2014,5:53:27 AM,26.752,55.1021,17.8,,ISC      ,mb    ,3.6
609849812,ke  ,TEH      ,4/4/2014,3:12:17 AM,28.141,57.157,10,,TEH      ,ML    ,2.8
606913631,ke  ,ISC      ,4/4/2014,3:46:10 AM,28.1632,57.4754,30,TRUE,ISC      ,mb    ,3.4
609849826,ke  ,TEH      ,4/5/2014,5:27:12 PM,28.961,57.069,21.1,,TEH      ,ML    ,3
609849828,ke  ,TEH      ,4/6/2014,12:14:53 AM,27.71,56.774,9.5,,TEH      ,ML    ,2.8
609849829,ke  ,TEH      ,4/6/2014,1:45:09 AM,27.719,56.769,7.8,,TEH      ,ML    ,2.8
609849833,ke  ,TEH      ,4/6/2014,6:06:01 AM,27.71,56.768,9.2,,TEH      ,ML    ,2.5
609849845,ke  ,TEH      ,4/7/2014,8:45:20 AM,28.527,57.34,14.8,,TEH      ,ML    ,3
608735569,ke  ,ISC      ,4/7/2014,9:44:58 AM,26.6339,55.0722,17,TRUE,DSN      ,ML    ,3.8
609849847,ke  ,TEH      ,4/7/2014,10:13:11 PM,27.598,54.11,22.7,,TEH      ,ML    ,3.1
609849859,ke  ,TEH      ,4/8/2014,4:54:27 AM,27.678,56.765,10,,TEH      ,ML    ,2.5
609759658,ke  ,OMAN     ,4/8/2014,6:03:04 AM,25.0286,56.1595,17.2,,OMAN     ,ml    ,1.6
609759659,ke  ,OMAN     ,4/8/2014,6:16:59 AM,25.2638,56.3193,6.9,,OMAN     ,ml    ,1.3
609849860,ke  ,TEH      ,4/8/2014,10:58:20 AM,27.429,54.507,10,,TEH      ,ML    ,3.2
608735659,ke  ,DSN      ,4/9/2014,7:06:44 AM,26.838,56.1682,10.3,,DSN      ,ML    ,2.9
606913885,ke  ,ISC      ,4/9/2014,9:45:59 AM,28.1302,56.8841,24,TRUE,ISC      ,mb    ,3.6
609759704,ke  ,OMAN     ,4/10/2014,4:35:38 AM,25.0961,56.3317,9.8,,OMAN     ,ml    ,1.8
608735695,ke  ,OMAN     ,4/10/2014,5:20:20 AM,25.2646,56.3237,5.4,,OMAN     ,ml    ,1.4
608735743,ke  ,OMAN     ,4/11/2014,4:12:43 AM,26.9873,54.0259,26,TRUE,OMAN     ,ml    ,3.1
608766370,ke  ,TEH      ,4/11/2014,11:31:27 PM,28.807,56.694,8,,TEH      ,ML    ,3.1
608766372,ke  ,TEH      ,4/12/2014,1:41:42 AM,27.736,55.595,19,,TEH      ,ML    ,3.4
609759736,ke  ,OMAN     ,4/12/2014,5:54:11 AM,25.252,56.3421,7.1,,OMAN     ,ml    ,1.5
608735806,ke  ,ISC      ,4/12/2014,6:02:19 AM,27.2995,56.7564,10,TRUE,TEH      ,ML    ,3.5
609849904,ke  ,TEH      ,4/12/2014,2:33:45 PM,28.103,56.921,10,,TEH      ,ML    ,2.6
606914296,ke  ,ISC      ,4/13/2014,6:11:17 AM,27.5185,55.2972,10,TRUE,ISC      ,mb    ,3.1
609759763,ke  ,OMAN     ,4/14/2014,3:32:57 AM,25.5746,56.0389,10.9,,OMAN     ,ml    ,1.1
609759764,ke  ,OMAN     ,4/14/2014,4:44:35 AM,25.2035,56.3586,8.8,,OMAN     ,ml    ,1.4
609759815,ke  ,OMAN     ,4/17/2014,4:23:57 AM,25.2931,56.1223,11.1,,OMAN     ,ml    ,1.3
608735991,ke  ,OMAN     ,4/17/2014,8:48:27 AM,25.244,56.2966,1.5,,OMAN     ,ml    ,1.8
609849971,ke  ,TEH      ,4/18/2014,9:51:12 AM,28.136,56.666,15.9,,TEH      ,ML    ,2.9
609849975,ke  ,TEH      ,4/19/2014,3:45:31 AM,27.957,54.537,10,,TEH      ,ML    ,2.6
609759931,ke  ,OMAN     ,4/19/2014,4:15:02 AM,26.727,57.9785,14.9,,OMAN     ,ml    ,2.8
608766398,ke  ,TEH      ,4/19/2014,6:37:39 AM,28.203,57.237,14,,TEH      ,ML    ,2.8
609849977,ke  ,TEH      ,4/19/2014,12:41:31 PM,27.301,56.105,6.1,,TEH      ,ML    ,2.8
608736127,ke  ,OMAN     ,4/21/2014,2:36:38 AM,26.8082,57.7729,30,TRUE,OMAN     ,ml    ,2.2
608736128,ke  ,DSN      ,4/21/2014,10:09:04 PM,25.3018,56.1793,2,,DSN      ,ML    ,0.5
609849993,ke  ,TEH      ,4/22/2014,4:04:15 AM,28.085,56.973,8.2,,TEH      ,ML    ,2.5
609849994,ke  ,TEH      ,4/22/2014,7:28:28 AM,28.068,57.073,12,,TEH      ,ML    ,2.8
609760050,ke  ,OMAN     ,4/23/2014,7:44:26 AM,25.2561,56.2692,1.9,,OMAN     ,ml    ,1.5
609760091,ke  ,OMAN     ,4/24/2014,6:17:57 AM,25.261,56.3231,7.5,,OMAN     ,ml    ,1.7
608736234,ke  ,DSN      ,4/24/2014,4:03:20 PM,27.067,55.3655,10,,DSN      ,ML    ,2.6
609760136,ke  ,OMAN     ,4/25/2014,7:53:20 AM,26.5688,54.7207,17.3,TRUE,OMAN     ,ml    ,3.1
604484937,ke  ,ISC      ,4/25/2014,8:59:49 PM,26.6983,53.8386,15.4,,ISC      ,mb    ,4.9
608766435,ke  ,ISC      ,4/26/2014,12:40:39 AM,26.4704,56.7395,10,TRUE,OMAN     ,ml    ,2.3
608736301,ke  ,DSN      ,4/26/2014,8:53:34 AM,25.261,56.285,1,,DSN      ,ML    ,1.8
608766439,ke  ,TEH      ,4/26/2014,6:14:08 PM,26.711,53.909,19,,TEH      ,ML    ,3.4
609760187,ke  ,OMAN     ,4/27/2014,7:51:22 PM,26.5706,54.772,88.3,,OMAN     ,ml    ,2.4
608766448,ke  ,TEH      ,4/28/2014,10:04:06 PM,26.707,53.942,11.3,,TEH      ,ML    ,3.4
609760259,ke  ,OMAN     ,4/30/2014,4:37:55 AM,25.2094,56.3519,14.3,,OMAN     ,ml    ,1.4
608736433,ke  ,OMAN     ,4/30/2014,7:07:59 AM,25.2634,56.3361,6.1,,OMAN     ,ml    ,2
609850097,ke  ,TEH      ,5/1/2014,4:17:09 AM,28.936,57.797,13.7,,TEH      ,ML    ,2.9
609850099,ke  ,TEH      ,5/1/2014,4:20:44 PM,28.086,56.856,10,,TEH      ,ML    ,2.9
609850121,ke  ,TEH      ,5/4/2014,2:47:30 AM,28.208,55.157,10,,TEH      ,ML    ,2.7
609850135,ke  ,TEH      ,5/5/2014,7:36:47 PM,27.369,54.369,8,,TEH      ,ML    ,2.9
609850172,ke  ,TEH      ,5/7/2014,12:28:10 AM,28.363,57.36,10,,TEH      ,ML    ,2.6
609850173,ke  ,TEH      ,5/7/2014,1:40:00 PM,27.967,54.473,8.9,,TEH      ,ML    ,3.2
606916100,ke  ,ISC      ,5/7/2014,3:04:29 PM,26.7572,53.7836,17.3,,ISC      ,mb    ,3.6
609850199,ke  ,TEH      ,5/8/2014,4:44:49 PM,27.097,57.966,10,,TEH      ,ML    ,2.7
609850200,ke  ,TEH      ,5/8/2014,4:51:18 PM,28.261,55.166,10,,TEH      ,ML    ,3.1
604543382,se  ,ISC      ,5/9/2014,12:08:45 AM,27.8047,57.4835,28.9,,ISC      ,mb    ,4.6
609850206,ke  ,TEH      ,5/9/2014,12:28:05 AM,27.951,57.501,10,,TEH      ,ML    ,2.7
604543396,se  ,ISC      ,5/9/2014,6:17:27 AM,27.8501,57.5435,24.2,,ISC      ,mb    ,4.2
609850210,ke  ,TEH      ,5/9/2014,3:55:38 PM,27.441,55.519,9,,TEH      ,ML    ,2.6
609850212,ke  ,TEH      ,5/9/2014,8:54:46 PM,28.188,55.154,10,,TEH      ,ML    ,2.9
608736675,ke  ,OMAN     ,5/10/2014,7:16:45 AM,25.2581,56.3216,4.3,,OMAN     ,ml    ,1.8
609850220,ke  ,TEH      ,5/10/2014,1:11:48 PM,28.056,57.662,14.7,,TEH      ,ML    ,2.8
609850224,ke  ,TEH      ,5/11/2014,12:07:40 AM,27.3,57.804,6,,TEH      ,ML    ,2.9
608736686,ke  ,DSN      ,5/11/2014,7:08:55 AM,25.244,56.2869,0,,DSN      ,ML    ,1.6
609850237,ke  ,TEH      ,5/12/2014,12:25:02 PM,28.51,56.216,10,,TEH      ,ML    ,2.5
609760673,ke  ,OMAN     ,5/13/2014,3:48:09 AM,25.286,56.1441,17.9,,OMAN     ,ml    ,1.1
609850302,ke  ,TEH      ,5/15/2014,9:08:37 PM,27.593,56.95,10,,TEH      ,ML    ,2.6
604584433,ke  ,ISC      ,5/16/2014,3:29:04 AM,27.0841,54.4392,18,TRUE,ISC      ,mb    ,4.4
606916590,ke  ,ISC      ,5/17/2014,7:50:49 PM,27.1597,54.4439,18,TRUE,ISC      ,mb    ,3.6
609760802,ke  ,OMAN     ,5/18/2014,4:42:34 AM,25.2665,56.3076,5.2,,OMAN     ,ml    ,1
608766549,ke  ,TEH      ,5/18/2014,6:56:18 PM,27.087,54.549,7.5,,TEH      ,ML    ,3.4
609850321,ke  ,TEH      ,5/18/2014,9:17:48 PM,28.763,57.823,10,,TEH      ,ML    ,2.5
609714783,ke  ,OMAN     ,5/20/2014,6:09:58 AM,25.2835,56.2806,11.2,,OMAN     ,ml    ,1
609714785,ke  ,OMAN     ,5/21/2014,4:16:41 AM,25.5408,56.0446,16,,OMAN     ,ml    ,1.5
609714787,ke  ,OMAN     ,5/21/2014,4:43:53 AM,25.113,56.1009,0.6,,OMAN     ,ml    ,1.4
609714791,ke  ,OMAN     ,5/21/2014,6:45:01 AM,25.2417,56.3068,4.7,,OMAN     ,ml    ,0.9
609850365,ke  ,TEH      ,5/21/2014,8:15:38 PM,27.925,56.545,10,,TEH      ,ML    ,2.8
609714792,ke  ,OMAN     ,5/22/2014,3:44:58 AM,25.5334,56.1182,23.4,,OMAN     ,ml    ,1.2
604651584,se  ,ISC      ,5/22/2014,9:26:04 AM,27.1329,54.3738,18,TRUE,ISC      ,mb    ,3.9
609850376,ke  ,TEH      ,5/23/2014,5:53:50 AM,28.332,56.631,2.7,,TEH      ,ML    ,2.9
608766608,ke  ,ISC      ,5/25/2014,2:20:09 AM,27.489,56.9271,35,TRUE,TEH      ,ML    ,3
609850392,ke  ,TEH      ,5/25/2014,2:21:41 AM,27.714,56.709,10,,TEH      ,ML    ,2.6
608766620,ke  ,ISC      ,5/27/2014,1:40:00 AM,27.6059,56.4805,12,,TEH      ,ML    ,2.9
608660833,ke  ,DSN      ,5/27/2014,4:50:30 AM,26.6248,55.9715,10,,DSN      ,ML    ,3
608660834,ke  ,DSN      ,5/27/2014,5:00:26 AM,26.7598,56.037,10,,DSN      ,ML    ,2.4
608660835,ke  ,DSN      ,5/27/2014,5:07:22 AM,26.6254,56.0664,10,,DSN      ,ML    ,2.6
604656778,ke  ,ISC      ,5/27/2014,5:44:31 AM,26.5909,55.7932,11.7,,ISC      ,mb    ,5
609742527,ke  ,OMAN     ,5/27/2014,5:54:31 AM,26.6538,56.1519,1.9,,OMAN     ,ml    ,2.9
608660836,ke  ,DSN      ,5/27/2014,6:26:56 AM,26.5332,56.0218,10,,DSN      ,ML    ,2.8
608766622,ke  ,TEH      ,5/27/2014,5:38:06 PM,27.552,56.91,16.1,,TEH      ,ML    ,3.4
608660837,ke  ,DSN      ,5/27/2014,7:27:04 PM,26.6026,56.2158,10,,DSN      ,ML    ,2.9
608660851,ke  ,TEH      ,5/29/2014,11:17:12 PM,26.782,57.821,20,,TEH      ,ML    ,3.2
604662875,ke  ,ISC      ,5/30/2014,9:26:17 AM,26.7512,53.9325,19.7,,ISC      ,mb    ,4.7
609850415,ke  ,TEH      ,5/30/2014,2:20:04 PM,28.162,57.13,7.4,,TEH      ,ML    ,3.2
609850417,ke  ,TEH      ,5/30/2014,9:06:23 PM,28.432,56.948,10,,TEH      ,ML    ,2.5
609850418,ke  ,TEH      ,5/30/2014,10:25:38 PM,28.461,57.011,8,,TEH      ,ML    ,2.5
608661477,ke  ,DSN      ,5/31/2014,6:54:52 AM,26.5557,56.0402,12,,DSN      ,ML    ,2.8
608661478,ke  ,DSN      ,5/31/2014,1:07:42 PM,26.4757,56.4028,12,,DSN      ,ML    ,2.5
604681309,se  ,ISC      ,5/31/2014,4:53:29 PM,26.8025,53.9419,19.6,,ISC      ,mb    ,4.2
609742710,ke  ,OMAN     ,6/2/2014,4:37:02 AM,25.2465,56.3618,20.2,,OMAN     ,ml    ,1
604679133,ke  ,ISC      ,6/2/2014,10:51:17 PM,27.8063,57.2653,17.4,,ISC      ,mb    ,4.7
609850435,ke  ,TEH      ,6/3/2014,10:24:19 PM,28.666,57.268,10,,TEH      ,ML    ,2.5
608766659,ke  ,ISC      ,6/4/2014,12:56:31 PM,28.0514,56.7858,24,TRUE,THR      ,ML    ,3.1
609850438,ke  ,TEH      ,6/4/2014,1:33:34 PM,27.836,56.516,10,,TEH      ,ML    ,2.9
608766670,ke  ,TEH      ,6/6/2014,11:21:28 PM,27.146,54.439,5,,TEH      ,ML    ,3.2
608661567,ke  ,DSN      ,6/7/2014,4:56:26 AM,25.0824,56.1156,0,,DSN      ,ML    ,1.7
609742871,ke  ,OMAN     ,6/8/2014,3:46:04 AM,25.2164,56.0212,1.7,,OMAN     ,ml    ,1.1
609742872,ke  ,OMAN     ,6/8/2014,4:28:08 AM,25.1945,56.339,1.7,,OMAN     ,ml    ,1.4
609742873,ke  ,OMAN     ,6/8/2014,5:25:00 AM,25.0268,56.1084,0.1,,OMAN     ,ml    ,1.4
604718283,se  ,ISC      ,6/8/2014,6:09:56 AM,27.602,54.2665,0.9,,ISC      ,mb    ,3.9
606917620,ke  ,ISC      ,6/8/2014,5:32:58 PM,28.8113,55.9532,10,TRUE,ISC      ,mb    ,3.7
609850458,ke  ,TEH      ,6/9/2014,10:50:31 PM,28.143,57.426,10,,TEH      ,ML    ,2.8
609850459,ke  ,TEH      ,6/10/2014,9:46:09 AM,28.205,57.318,10,,TEH      ,ML    ,2.7
609742944,ke  ,OMAN     ,6/11/2014,4:22:48 AM,25.2021,56.3452,10.5,,OMAN     ,ml    ,1.1
609742947,ke  ,OMAN     ,6/11/2014,6:06:32 AM,25.2688,56.3261,0.8,,OMAN     ,ml    ,1.5
604785626,se  ,ISC      ,6/11/2014,6:06:37 AM,28.2934,57.0349,31,TRUE,ISC      ,mb    ,3.9
608661577,ke  ,DSN      ,6/11/2014,8:40:11 AM,26.5703,56.1334,15,,DSN      ,ML    ,2.7
609850468,ke  ,TEH      ,6/12/2014,3:09:26 AM,27.717,56.806,10,,TEH      ,ML    ,2.9
608661587,ke  ,OMAN     ,6/12/2014,7:52:53 AM,26.6754,56.1089,3.3,,OMAN     ,ml    ,3
608766703,ke  ,ISC      ,6/13/2014,3:58:18 AM,26.8659,54.7439,18,TRUE,TEH      ,ML    ,3.4
609743010,ke  ,OMAN     ,6/14/2014,5:27:40 AM,25.2859,56.2918,1.2,,OMAN     ,ml    ,1.1
608661597,ke  ,DSN      ,6/14/2014,6:59:15 AM,25.1736,56.2525,0,,DSN      ,ML    ,1.4
608766717,ke  ,TEH      ,6/14/2014,6:40:50 PM,28.005,57.016,15.2,,TEH      ,ML    ,3.2
608661610,ke  ,DSN      ,6/16/2014,9:50:47 AM,26.6874,56.3715,5,,DSN      ,ML    ,2.8
604747174,ke  ,ISC      ,6/16/2014,10:54:58 AM,28.3482,57.1689,10,TRUE,ISC      ,mb    ,3.7
609850497,ke  ,TEH      ,6/16/2014,3:58:04 PM,28.53,56.035,10,,TEH      ,ML    ,2.8
608766745,ke  ,TEH      ,6/16/2014,11:35:42 PM,27.646,57.459,10,,TEH      ,ML    ,3.4
609743144,ke  ,OMAN     ,6/18/2014,10:17:26 PM,26.4834,57.9459,10,TRUE,OMAN     ,ml    ,2.4
609850517,ke  ,TEH      ,6/20/2014,7:19:25 AM,27.525,56.966,10,,TEH      ,ML    ,2.9
608661647,ke  ,ISC      ,6/22/2014,11:58:16 PM,26.9011,55.8127,7.4,,OMAN     ,ml    ,2.7
606918280,ke  ,ISC      ,6/23/2014,4:21:20 AM,28.7111,58.0708,6.5,,ISC      ,mb    ,3.3
608661651,ke  ,DSN      ,6/23/2014,7:46:57 PM,27.4226,55.6113,10,,DSN      ,ML    ,3.1
608661662,ke  ,TEH      ,6/24/2014,8:40:53 AM,27.618,56.87,17.3,,TEH      ,ML    ,3.1
609743414,ke  ,OMAN     ,6/25/2014,4:27:24 AM,25.1853,56.4083,1.6,,OMAN     ,ml    ,1.3
609850540,ke  ,TEH      ,6/25/2014,11:02:59 AM,27.539,55.481,8.8,,TEH      ,ML    ,3.3
608766795,ke  ,ISC      ,6/25/2014,2:20:14 PM,27.9351,58.086,10,TRUE,THR      ,ML    ,3.6
609850544,ke  ,TEH      ,6/25/2014,9:03:20 PM,27.212,56.83,10,,TEH      ,ML    ,2.5
609850547,ke  ,TEH      ,6/26/2014,12:21:40 AM,27.564,56.898,10,,TEH      ,ML    ,2.6
609743462,ke  ,OMAN     ,6/26/2014,4:24:17 AM,25.1493,56.0992,8.4,,OMAN     ,ml    ,1.3
609743465,ke  ,OMAN     ,6/26/2014,4:24:54 AM,25.3125,56.0881,5.8,,OMAN     ,ml    ,1.6
608661670,ke  ,ISC      ,6/26/2014,4:13:21 PM,27.4259,56.7627,6.2,,TEH      ,ML    ,3.5
608766805,ke  ,ISC      ,6/26/2014,4:18:59 PM,27.4796,56.7367,10,TRUE,TEH      ,ML    ,3.2
608766807,ke  ,ISC      ,6/26/2014,4:28:38 PM,27.4778,56.7073,10,TRUE,TEH      ,ML    ,3.2
609850549,ke  ,TEH      ,6/27/2014,12:27:42 AM,28.225,54.577,6.8,,TEH      ,ML    ,2.9
608766816,ke  ,ISC      ,6/27/2014,4:32:16 AM,27.1414,57.7858,10,TRUE,TEH      ,ML    ,3.3
609850553,ke  ,TEH      ,6/27/2014,4:45:08 AM,28.311,57.103,10,,TEH      ,ML    ,2.5
609850554,ke  ,TEH      ,6/27/2014,9:57:13 AM,27.576,56.91,32.2,,TEH      ,ML    ,3.3
609743484,ke  ,OMAN     ,6/27/2014,11:54:28 PM,27.2096,57.7703,0,,OMAN     ,ml    ,2.5
609850560,ke  ,TEH      ,6/28/2014,1:20:09 PM,28.031,56.764,10,,TEH      ,ML    ,2.7
608661679,ke  ,ISC      ,6/29/2014,6:41:37 PM,28.175,57.6094,30,TRUE,DSN      ,ML    ,3.7
608766840,ke  ,ISC      ,6/30/2014,1:45:00 AM,27.1619,57.926,10,TRUE,THR      ,ML    ,3.6
609850573,ke  ,TEH      ,6/30/2014,1:55:54 AM,27.197,57.881,10,,TEH      ,ML    ,3.4
609743618,ke  ,OMAN     ,7/2/2014,4:01:27 AM,25.1366,56.3213,25,TRUE,OMAN     ,ml    ,1.7
605141855,se  ,ISC      ,7/3/2014,4:20:02 AM,26.9156,55.4254,17.5,,ISC      ,mb    ,3.9
609850586,ke  ,TEH      ,7/3/2014,9:08:29 AM,27.997,55.79,13.2,,TEH      ,ML    ,3.2
609850587,ke  ,TEH      ,7/3/2014,9:21:43 AM,27.854,55.712,21.2,,TEH      ,ML    ,3.1
604793452,ke  ,ISC      ,7/5/2014,3:11:49 AM,28.3676,55.0511,10,TRUE,ISC      ,mb    ,4.7
606919252,ke  ,ISC      ,7/5/2014,9:53:44 PM,27.311,54.4133,10,TRUE,ISC      ,mb    ,3.4
609743682,ke  ,OMAN     ,7/6/2014,3:44:12 AM,25.2034,56.3748,12.8,,OMAN     ,ml    ,1.5
609850597,ke  ,TEH      ,7/6/2014,9:41:19 AM,28.526,55.227,15.5,,TEH      ,ML    ,2.8
609850599,ke  ,TEH      ,7/6/2014,11:18:58 PM,28.348,55.421,10,,TEH      ,ML    ,2.8
608766876,ke  ,ISC      ,7/7/2014,2:11:13 AM,27.4719,56.9156,2.9,,TEH      ,ML    ,3.2
609850607,ke  ,TEH      ,7/7/2014,3:10:04 AM,27.285,56.975,10,,TEH      ,ML    ,2.7
609850608,ke  ,TEH      ,7/7/2014,7:07:42 AM,27.609,56.863,8,,TEH      ,ML    ,3
608661763,ke  ,ISC      ,7/11/2014,5:36:19 PM,26.9346,55.9513,2.7,,DSN      ,ML    ,3.5
609850628,ke  ,TEH      ,7/12/2014,6:34:30 AM,27.779,57.829,12.2,,TEH      ,ML    ,2.6
609850631,ke  ,TEH      ,7/13/2014,1:34:20 PM,28.253,56.899,10,,TEH      ,ML    ,2.5
608661768,ke  ,DSN      ,7/14/2014,3:29:38 PM,26.6773,56.0639,10,,DSN      ,ML    ,3.1
608766909,ke  ,TEH      ,7/14/2014,9:00:02 PM,28.038,56.881,8.1,,TEH      ,ML    ,3.1
609850650,ke  ,TEH      ,7/15/2014,12:16:17 AM,28.526,56.885,10,,TEH      ,ML    ,2.6
608661776,ke  ,TEH      ,7/15/2014,11:24:31 AM,26.426,55.762,17.3,,TEH      ,ML    ,3.4
608766917,ke  ,ISC      ,7/15/2014,6:42:03 PM,28.7841,57.3723,10,TRUE,TEH      ,ML    ,3.1
606919881,ke  ,ISC      ,7/16/2014,3:10:38 AM,26.9256,56.0376,14.3,,ISC      ,mb    ,3.6
609743976,ke  ,OMAN     ,7/16/2014,4:40:23 AM,25.1412,56.0208,6,,OMAN     ,ml    ,1.4
608661784,ke  ,ISC      ,7/16/2014,8:19:33 AM,27.0177,56.013,2.5,,ISC      ,mb    ,3.7
604848970,se  ,ISC      ,7/17/2014,6:14:11 PM,28.4265,54.2784,10,TRUE,ISC      ,mb    ,4.3
606919966,ke  ,IDC      ,7/17/2014,6:15:44 PM,28.118,54.2775,0,TRUE,IDC      ,mb    ,3.7
609850664,ke  ,TEH      ,7/19/2014,1:04:36 AM,28.33,54.246,5.7,,TEH      ,ML    ,3.3
609850665,ke  ,TEH      ,7/19/2014,5:24:51 AM,28.311,54.233,15.8,,TEH      ,ML    ,3
609850666,ke  ,TEH      ,7/19/2014,7:12:10 AM,28.769,55.977,10,,TEH      ,ML    ,2.6
606920109,ke  ,ISC      ,7/21/2014,3:21:26 AM,28.1252,54.7325,10,TRUE,ISC      ,mb    ,3.4
606920190,ke  ,ISC      ,7/22/2014,6:50:45 AM,26.8248,54.2516,19,TRUE,ISC      ,mb    ,3.5
605136096,se  ,ISC      ,7/22/2014,8:01:56 AM,26.8817,54.2793,18,TRUE,ISC      ,mb    ,4.1
604947638,ke  ,ISC      ,7/22/2014,3:22:43 PM,27.6336,57.3514,31,,ISC      ,mb    ,4.9
608661804,ke  ,ISC      ,7/22/2014,3:33:15 PM,27.6132,57.6158,10,TRUE,TEH      ,ML    ,3.6
609850682,ke  ,TEH      ,7/23/2014,1:09:38 AM,27.788,57.305,10,,TEH      ,ML    ,2.8
606920237,ke  ,ISC      ,7/23/2014,4:01:56 AM,27.3264,54.5109,10,TRUE,ISC      ,mb    ,3.2
609850685,ke  ,TEH      ,7/23/2014,8:38:38 PM,27.577,57.393,10,,TEH      ,ML    ,2.6
605098938,se  ,ISC      ,7/24/2014,6:04:27 AM,27.0017,54.5524,10,TRUE,ISC      ,mb    ,4.1
606920294,ke  ,ISC      ,7/24/2014,12:54:31 PM,26.8934,54.865,12.9,,ISC      ,mb    ,3.8
609850691,ke  ,TEH      ,7/25/2014,7:54:11 AM,27.548,57.377,10,,TEH      ,ML    ,2.8
606920378,ke  ,IDC      ,7/26/2014,3:05:31 AM,26.3556,55.5622,0,TRUE,IDC      ,mb    ,3.3
605136129,se  ,ISC      ,7/26/2014,10:48:40 AM,26.7092,57.1767,10,TRUE,ISC      ,mb    ,3.8
609744218,ke  ,OMAN     ,7/26/2014,11:07:18 AM,26.2363,57.7068,10,TRUE,OMAN     ,ml    ,2.6
608661818,ke  ,ISC      ,7/26/2014,11:21:24 AM,26.743,57.1064,10,TRUE,OMAN     ,ml    ,3.1
605099791,ke  ,ISC      ,7/28/2014,12:00:43 AM,26.8964,54.2037,10,TRUE,ISC      ,mb    ,4.5
609850714,ke  ,TEH      ,7/28/2014,4:02:16 PM,28.518,55.11,10,,TEH      ,ML    ,2.6
609850715,ke  ,TEH      ,7/28/2014,4:30:38 PM,26.831,54.341,8,,TEH      ,ML    ,3.2
605136166,se  ,ISC      ,7/29/2014,3:32:04 PM,26.8007,54.2353,19,TRUE,ISC      ,mb    ,3.8
609850723,ke  ,ISC      ,7/29/2014,3:40:16 PM,26.8102,54.2718,18,TRUE,ISC      ,mb    ,3.5
608459595,ke  ,ISC      ,7/30/2014,1:32:11 AM,26.4139,53.5233,13.7,,ISC      ,mb    ,5.5
608766973,ke  ,ISC      ,7/30/2014,7:46:13 AM,27.7858,57.852,6,,OMAN     ,ml    ,3.3
606920595,ke  ,ISC      ,7/30/2014,7:58:16 AM,27.9676,54.9005,10,TRUE,ISC      ,mb    ,3.7
609850735,ke  ,TEH      ,7/31/2014,10:40:46 PM,26.792,54.274,15.2,,TEH      ,ML    ,3
609744353,ke  ,OMAN     ,8/1/2014,7:19:45 PM,26.5431,57.8432,10,TRUE,OMAN     ,ml    ,2.5
609850739,ke  ,TEH      ,8/1/2014,8:41:23 PM,26.897,54.322,10,,TEH      ,ML    ,3
609850742,ke  ,TEH      ,8/2/2014,12:41:54 AM,28.457,57.221,10,,TEH      ,ML    ,2.5
608766988,ke  ,ISC      ,8/2/2014,11:53:47 AM,28.1776,57.4396,35,TRUE,TEH      ,ML    ,3.3
609850748,ke  ,TEH      ,8/3/2014,1:55:39 PM,27.901,56.959,10,,TEH      ,ML    ,2.6
609850751,ke  ,TEH      ,8/3/2014,9:43:35 PM,26.854,54.31,8,,TEH      ,ML    ,3.4
609850752,ke  ,TEH      ,8/3/2014,10:53:22 PM,27.098,54.399,10,,TEH      ,ML    ,2.5
608661852,ke  ,DSN      ,8/4/2014,11:41:53 AM,25.3623,56.6596,0,,DSN      ,ML    ,2.1
608661865,ke  ,ISC      ,8/6/2014,3:55:31 PM,28.4608,57.1904,10,TRUE,TEH      ,ML    ,3.7
608661875,ke  ,DSN      ,8/9/2014,5:29:22 AM,24.9888,56.3566,0,,DSN      ,ML    ,1.4
609850774,ke  ,TEH      ,8/9/2014,9:23:06 AM,28.982,57.746,8,,TEH      ,ML    ,2.8
609850794,ke  ,TEH      ,8/13/2014,7:15:36 PM,27.885,55.963,10,,TEH      ,ML    ,2.6
609850797,ke  ,TEH      ,8/14/2014,7:47:51 PM,27.57,57.412,10,,TEH      ,ML    ,2.6
609850801,ke  ,TEH      ,8/15/2014,12:07:47 PM,28.966,57.77,8,,TEH      ,ML    ,2.6
609744762,ke  ,OMAN     ,8/15/2014,1:01:47 PM,28.0825,56.1523,10,TRUE,OMAN     ,ml    ,3.3
609850802,ke  ,TEH      ,8/15/2014,10:03:22 PM,27.174,56.87,18.4,,TEH      ,ML    ,2.8
608767043,ke  ,ISC      ,8/16/2014,7:42:14 AM,27.0193,58.9752,10,TRUE,THR      ,ML    ,3.2
608767071,ke  ,ISC      ,8/18/2014,5:10:38 PM,27.5776,57.5121,10,TRUE,OMAN     ,ml    ,3
609850840,ke  ,TEH      ,8/19/2014,1:03:31 AM,27.965,57.431,10,,TEH      ,ML    ,3
609744921,ke  ,OMAN     ,8/20/2014,5:35:36 AM,25.2669,56.3252,5.9,,OMAN     ,ml    ,1.7
608661952,ke  ,DSN      ,8/23/2014,5:17:52 AM,25.2204,56.3001,0,,DSN      ,ML    ,2
609745005,ke  ,OMAN     ,8/23/2014,8:26:20 AM,26.2095,56.2456,18.4,,OMAN     ,ml    ,2.2
609745018,ke  ,OMAN     ,8/24/2014,4:51:09 AM,25.2539,56.0968,1.7,TRUE,OMAN     ,ml    ,1.6
609850986,ke  ,TEH      ,8/24/2014,6:29:25 AM,28.532,57.244,10,,TEH      ,ML    ,3.3
609850987,ke  ,TEH      ,8/24/2014,6:32:52 AM,28.576,57.129,8,,TEH      ,ML    ,3.1
609851025,ke  ,TEH      ,8/25/2014,9:32:34 PM,28.201,55.913,10,,TEH      ,ML    ,2.7
609851047,ke  ,TEH      ,8/27/2014,1:05:20 AM,28.818,57.149,10,,TEH      ,ML    ,2.5
609851055,ke  ,TEH      ,8/27/2014,9:11:55 PM,28.379,57.12,10,,TEH      ,ML    ,2.8
608767326,ke  ,ISC      ,8/28/2014,1:49:42 PM,28.0275,56.7803,28,TRUE,TEH      ,ML    ,3.7
609851071,ke  ,TEH      ,8/28/2014,8:25:41 PM,28.522,55.935,12.1,,TEH      ,ML    ,2.5
609851072,ke  ,TEH      ,8/28/2014,8:41:33 PM,28.116,56.922,7.3,,TEH      ,ML    ,2.5
609851079,ke  ,TEH      ,8/29/2014,10:52:40 AM,27.89,57.257,10,,TEH      ,ML    ,2.8
609851101,ke  ,TEH      ,8/31/2014,7:01:09 AM,28.539,57.104,10,,TEH      ,ML    ,2.7
605406519,se  ,ISC      ,8/31/2014,12:14:42 PM,27.705,57.6607,16,,ISC      ,mb    ,3.8
608661994,ke  ,DSN      ,8/31/2014,3:47:39 PM,26.6607,55.9688,3.3,,DSN      ,ML    ,2.4
608767379,ke  ,ISC      ,9/2/2014,4:53:41 PM,28.0062,58.3905,10,TRUE,OMAN     ,ml    ,3
609851126,ke  ,TEH      ,9/3/2014,2:52:38 AM,27.36,56.004,10,,TEH      ,ML    ,2.8
609851133,ke  ,TEH      ,9/3/2014,10:59:52 PM,28.831,57.831,10,,TEH      ,ML    ,2.9
608767398,ke  ,TEH      ,9/4/2014,8:30:59 PM,28.51,53.947,15,,TEH      ,ML    ,3.2
609851142,ke  ,TEH      ,9/4/2014,11:00:23 PM,27.893,54.588,19,,TEH      ,ML    ,3
605477712,se  ,ISC      ,9/5/2014,1:13:57 AM,27.6396,56.825,10,TRUE,ISC      ,mb    ,3.9
608662030,ke  ,OMAN     ,9/6/2014,6:08:17 AM,25.2704,56.3221,6.2,,OMAN     ,ml    ,1.5
609851160,ke  ,TEH      ,9/7/2014,9:56:36 AM,28.061,57.402,10,,TEH      ,ML    ,2.6
608662041,ke  ,DSN      ,9/8/2014,9:21:08 AM,25.0776,56.6891,0,,DSN      ,ML    ,2.4
609851183,ke  ,TEH      ,9/9/2014,1:54:18 PM,27.788,56.749,10,,TEH      ,ML    ,2.7
608662068,ke  ,DSN      ,9/11/2014,12:34:17 AM,25.4285,57.0317,10,,DSN      ,ML    ,1.2
608767456,ke  ,TEH      ,9/12/2014,12:57:51 AM,27.673,56.726,15.9,,TEH      ,ML    ,3.2
609851199,ke  ,TEH      ,9/12/2014,2:50:58 AM,28.852,57.272,9,,TEH      ,ML    ,2.7
609851203,ke  ,TEH      ,9/12/2014,7:37:23 PM,28.13,57.239,24,,TEH      ,ML    ,2.9
605597129,ke  ,ISC      ,9/14/2014,3:40:21 AM,27.5432,57.3767,14,,ISC      ,mb    ,3.7
609745563,ke  ,OMAN     ,9/15/2014,8:06:09 AM,25.2816,56.3483,7.3,,OMAN     ,ml    ,2
608662094,ke  ,OMAN     ,9/15/2014,2:11:32 PM,25.682,56.3421,0,,OMAN     ,ml    ,1.3
609745616,ke  ,OMAN     ,9/17/2014,1:46:54 PM,27.1477,56.8357,35,,OMAN     ,mb    ,4.5
608767492,ke  ,ISC      ,9/18/2014,3:57:48 AM,27.6141,56.2919,4.5,,TEH      ,ML    ,2.7
609851231,ke  ,TEH      ,9/18/2014,11:22:38 AM,27.905,56.603,10,,TEH      ,ML    ,2.5
608767513,ke  ,ISC      ,9/21/2014,1:17:08 AM,27.6614,57.2619,10,TRUE,OMAN     ,ml    ,3
609851247,ke  ,TEH      ,9/21/2014,11:55:38 AM,27.752,56.734,5.7,,TEH      ,ML    ,2.7
608662151,ke  ,DSN      ,9/24/2014,2:09:53 PM,26.8541,56.2175,10,,DSN      ,ML    ,3
605564970,se  ,ISC      ,9/24/2014,2:22:23 PM,26.8505,55.9369,17.2,,ISC      ,mb    ,4.1
605564971,se  ,ISC      ,9/24/2014,2:25:45 PM,26.7693,55.9282,12.2,,ISC      ,mb    ,3.9
609851266,ke  ,TEH      ,9/24/2014,3:56:18 PM,28.154,57.422,14,,TEH      ,ML    ,3.2
605477808,se  ,ISC      ,9/24/2014,4:54:25 PM,27.1977,54.9587,17,TRUE,ISC      ,mb    ,4
605391646,se  ,ISC      ,9/24/2014,6:44:10 PM,27.6628,57.7267,15.6,,ISC      ,mb    ,3.9
608662160,ke  ,DSN      ,9/25/2014,5:14:28 AM,25.2408,56.3252,0,,DSN      ,ML    ,1.7
609851286,ke  ,TEH      ,9/28/2014,1:50:07 AM,27.929,56.855,10,,TEH      ,ML    ,2.9
609851287,ke  ,TEH      ,9/28/2014,3:33:43 AM,27.916,57.458,7,,TEH      ,ML    ,2.7
609851292,ke  ,TEH      ,9/29/2014,4:34:52 AM,28.103,57.345,10,,TEH      ,ML    ,3
609851310,ke  ,TEH      ,10/1/2014,2:33:10 AM,28.247,57.47,10,,TEH      ,ML    ,2.7
609851313,ke  ,TEH      ,10/1/2014,2:21:52 PM,28.196,57.133,10,,TEH      ,ML    ,2.7
608662211,ke  ,DSN      ,10/3/2014,10:22:06 AM,26.9343,56.3049,10,,DSN      ,ML    ,2.8
605725097,ke  ,ISC      ,10/4/2014,6:28:35 AM,28.4902,57.4014,10,TRUE,ISC      ,mb    ,3.6
605725153,ke  ,ISC      ,10/5/2014,12:18:19 AM,28.1109,54.0011,10,TRUE,THR      ,ML    ,3.4
609851358,ke  ,TEH      ,10/6/2014,10:45:11 PM,28.689,57.232,19.6,,TEH      ,ML    ,2.9
609851363,ke  ,TEH      ,10/7/2014,5:38:48 PM,27.785,57.679,26.2,,TEH      ,ML    ,3
609851364,ke  ,TEH      ,10/7/2014,5:44:09 PM,27.893,57.544,10,,TEH      ,ML    ,2.6
608767618,ke  ,ISC      ,10/7/2014,5:49:49 PM,27.8167,57.6371,19.1,,TEH      ,ML    ,3.3
609851365,ke  ,TEH      ,10/7/2014,7:10:12 PM,27.879,57.456,10,,TEH      ,ML    ,2.7
609851373,ke  ,TEH      ,10/8/2014,5:47:29 AM,27.936,57.51,10,,TEH      ,ML    ,2.8
608662250,ke  ,ISC      ,10/8/2014,5:59:37 AM,27.7605,57.6833,5.1,,DSN      ,ML    ,4
609851374,ke  ,TEH      ,10/8/2014,6:01:58 AM,27.936,57.527,10,,TEH      ,ML    ,2.9
609851386,ke  ,TEH      ,10/10/2014,11:01:36 AM,27.984,57.447,10,,TEH      ,ML    ,2.5
608662271,ke  ,ISC      ,10/11/2014,11:04:07 AM,26.785,55.0483,17,TRUE,OMAN     ,ml    ,3.1
608662272,ke  ,ISC      ,10/11/2014,7:34:38 PM,26.9852,56.0141,10,TRUE,DSN      ,ML    ,3
608767645,ke  ,TEH      ,10/11/2014,9:38:47 PM,28.183,57.61,10,,TEH      ,ML    ,3.1
609851402,ke  ,TEH      ,10/12/2014,2:39:48 AM,28.051,56.889,10,,TEH      ,ML    ,2.6
608767652,ke  ,TEH      ,10/12/2014,11:47:20 PM,26.683,55.049,13.7,,TEH      ,ML    ,3.1
609746287,ke  ,OMAN     ,10/13/2014,10:06:33 PM,26.6095,54.8666,0,,OMAN     ,ml    ,2.4
609851441,ke  ,TEH      ,10/15/2014,6:23:06 PM,28.203,57.818,10,,TEH      ,ML    ,2.8
605569703,se  ,ISC      ,10/15/2014,9:31:42 PM,28.2393,55.4059,0.9,,ISC      ,mb    ,4.3
608662344,ke  ,ISC      ,10/17/2014,1:39:20 AM,27.5361,57.6258,10,TRUE,TEH      ,ML    ,3.7
608662352,ke  ,DSN      ,10/18/2014,6:02:15 AM,25.2603,56.3747,0,,DSN      ,ML    ,1.9
608767731,ke  ,TEH      ,10/19/2014,2:56:14 AM,27.189,55.255,10.6,,TEH      ,ML    ,3.4
608662386,ke  ,DSN      ,10/20/2014,12:28:53 PM,26.9095,56.1812,10,,DSN      ,ML    ,3.1
608662387,ke  ,DSN      ,10/20/2014,3:11:10 PM,26.336,57.3946,10,,DSN      ,ML    ,2.6
605570893,se  ,ISC      ,10/21/2014,10:47:01 PM,27.4869,57.5082,16.7,,ISC      ,mb    ,4.2
605726190,ke  ,ISC      ,10/22/2014,1:27:30 PM,28.2172,55.8881,10,TRUE,ISC      ,mb    ,3.8
609851530,ke  ,TEH      ,10/22/2014,9:49:56 PM,28.811,57.674,8,,TEH      ,ML    ,2.5
608662432,ke  ,TEH      ,10/23/2014,1:23:15 AM,26.741,57.838,8,,TEH      ,ML    ,3.4
608662433,ke  ,OMAN     ,10/23/2014,10:35:42 PM,25.7888,57.9006,33,,OMAN     ,ml    ,2.6
605605638,ke  ,ISC      ,10/24/2014,12:38:56 PM,27.7605,57.3775,23.2,,ISC      ,mb    ,5.1
608767777,ke  ,ISC      ,10/24/2014,1:39:36 PM,27.8141,57.2876,10,TRUE,TEH      ,ML    ,3.4
609851549,ke  ,TEH      ,10/24/2014,7:11:53 PM,27.999,57.776,21.4,,TEH      ,ML    ,2.5
609851558,ke  ,TEH      ,10/25/2014,5:16:42 AM,28.491,56.2,11.1,,TEH      ,ML    ,2.6
605699731,ke  ,ISC      ,10/25/2014,12:40:58 PM,27.4782,57.5057,10,TRUE,ISC      ,mb    ,3.6
608767785,ke  ,TEH      ,10/26/2014,12:09:50 AM,28.028,56.641,10,,TEH      ,ML    ,2.8
608767788,ke  ,ISC      ,10/26/2014,10:13:48 AM,27.9678,57.8708,27,,THR      ,ML    ,3.6
609851564,ke  ,TEH      ,10/26/2014,1:38:11 PM,28.534,57.312,10,,TEH      ,ML    ,2.9
609851567,ke  ,TEH      ,10/26/2014,11:58:20 PM,27.872,56.928,20.5,,TEH      ,ML    ,2.7
609851568,ke  ,TEH      ,10/26/2014,11:59:27 PM,27.934,56.901,4,,TEH      ,ML    ,2.7
609851573,ke  ,TEH      ,10/27/2014,4:28:35 AM,28.015,56.906,10,,TEH      ,ML    ,2.8
608662479,ke  ,DSN      ,10/28/2014,10:37:07 AM,25.2627,56.2368,0,,DSN      ,ML    ,1.7
608662499,ke  ,ISC      ,10/29/2014,12:34:41 AM,27.6203,56.9978,10,TRUE,DSN      ,ML    ,3.7
609851593,ke  ,TEH      ,10/29/2014,8:10:16 AM,28.427,57.196,8.3,,TEH      ,ML    ,2.7
609851597,ke  ,TEH      ,10/30/2014,4:55:33 AM,28.402,57.697,12,,TEH      ,ML    ,3
608662545,ke  ,DSN      ,11/1/2014,7:10:20 AM,25.2591,56.3756,0,,DSN      ,ML    ,2.2
609851616,ke  ,TEH      ,11/1/2014,6:20:24 PM,27.608,57.529,14.5,,TEH      ,ML    ,2.7
605648898,se  ,ISC      ,11/2/2014,11:55:17 AM,27.2588,54.8085,17.3,,ISC      ,mb    ,4.1
605653561,se  ,ISC      ,11/6/2014,1:14:27 AM,27.6834,54.0371,10,TRUE,ISC      ,mb    ,4.2
606620996,ke  ,ISC      ,11/6/2014,1:20:47 AM,27.7563,54.0283,10,TRUE,ISC      ,mb    ,3.7
608662582,ke  ,DSN      ,11/6/2014,5:35:53 AM,25.2439,56.3326,0,,DSN      ,ML    ,1.9
605648969,ke  ,ISC      ,11/6/2014,6:43:33 PM,27.1523,55.1523,13.5,,ISC      ,mb    ,4.7
608662583,ke  ,ISC      ,11/6/2014,7:29:20 PM,25.6002,57.5351,7.4,,DSN      ,ML    ,2.8
609851660,ke  ,TEH      ,11/8/2014,11:14:14 AM,27.244,54.486,10,,TEH      ,ML    ,3.1
609851661,ke  ,TEH      ,11/8/2014,11:44:14 AM,27.675,54.109,15,,TEH      ,ML    ,2.9
606621174,ke  ,ISC      ,11/8/2014,10:13:02 PM,27.7576,54.1148,10,TRUE,ISC      ,mb    ,3.6
605654166,se  ,ISC      ,11/9/2014,7:58:06 AM,27.7299,54.1506,10,TRUE,ISC      ,mb    ,3.9
605700638,ke  ,ISC      ,11/10/2014,1:52:38 PM,27.8789,55.9038,11.3,,ISC      ,mb    ,5.3
608662653,ke  ,DSN      ,11/11/2014,4:41:39 AM,25.2528,56.2922,0,,DSN      ,ML    ,1.4
609851685,ke  ,TEH      ,11/11/2014,7:03:31 AM,28.996,56.695,12,,TEH      ,ML    ,2.5
605655056,ke  ,ISC      ,11/11/2014,10:05:44 AM,27.8805,55.9642,19,,ISC      ,mb    ,5
609851697,ke  ,TEH      ,11/12/2014,10:33:53 PM,28.318,57.292,10,,TEH      ,ML    ,3
605657566,ke  ,ISC      ,11/13/2014,12:39:02 AM,26.72,53.8661,10.8,,ISC      ,mb    ,4.7
609851703,ke  ,TEH      ,11/13/2014,5:35:09 PM,28.495,56.868,10,,TEH      ,ML    ,2.6
609851704,ke  ,TEH      ,11/13/2014,11:36:42 PM,27.851,56.113,10,,TEH      ,ML    ,2.7
609851709,ke  ,TEH      ,11/14/2014,1:17:47 PM,27.995,57.332,10,,TEH      ,ML    ,2.8
606621632,ke  ,ISC      ,11/15/2014,7:44:38 AM,27.7331,54.1233,10,TRUE,ISC      ,mb    ,3.7
606621657,ke  ,ISC      ,11/15/2014,11:07:55 AM,27.6267,54.0457,10,TRUE,ISC      ,mb    ,3.6
605660441,ke  ,ISC      ,11/15/2014,7:56:22 PM,28.2264,55.3679,22,TRUE,ISC      ,mb    ,4.7
605660447,se  ,ISC      ,11/15/2014,10:29:24 PM,27.771,54.0768,10,TRUE,ISC      ,mb    ,3.8
609851721,ke  ,TEH      ,11/16/2014,12:12:20 AM,27.782,54.218,15,,TEH      ,ML    ,2.5
605660456,ke  ,ISC      ,11/16/2014,5:13:05 AM,28.2314,56.4151,16.9,,ISC      ,mb    ,4.6
609851724,ke  ,TEH      ,11/16/2014,5:19:19 AM,28.308,56.573,10,,TEH      ,ML    ,2.8
609851725,ke  ,TEH      ,11/16/2014,5:21:35 AM,28.32,56.483,8,,TEH      ,ML    ,3
606621801,se  ,ISC      ,11/16/2014,11:46:25 AM,27.7513,54.0607,10,TRUE,ISC      ,mb    ,3.9
608662717,ke  ,ISC      ,11/17/2014,3:45:18 PM,26.9247,55.9071,9.8,,TEH      ,ML    ,3.1
608662729,ke  ,ISC      ,11/18/2014,1:07:50 AM,28.4542,57.3381,10,TRUE,THR      ,ML    ,3
609851789,ke  ,TEH      ,11/18/2014,1:30:07 AM,27.896,55.995,8,,TEH      ,ML    ,2.7
609851793,ke  ,TEH      ,11/18/2014,8:55:06 PM,28.134,57.744,10,,TEH      ,ML    ,2.7
606622128,ke  ,ISC      ,11/19/2014,5:21:41 AM,27.7446,57.4982,17,,ISC      ,mb    ,3.6
608767925,ke  ,ISC      ,11/19/2014,11:11:16 AM,27.9339,56.9553,10,TRUE,TEH      ,ML    ,3.5
609851797,ke  ,TEH      ,11/19/2014,5:13:13 PM,27.71,54.15,17.7,,TEH      ,ML    ,2.7
609851805,ke  ,TEH      ,11/20/2014,1:20:36 AM,27.259,56.485,5,,TEH      ,ML    ,2.8
606622218,ke  ,ISC      ,11/20/2014,2:10:56 AM,27.9584,54.2022,26,TRUE,ISC      ,mb    ,4
609851807,ke  ,TEH      ,11/20/2014,2:38:57 AM,27.849,54.132,9.6,,TEH      ,ML    ,3.1
609851808,ke  ,TEH      ,11/20/2014,4:14:56 AM,27.852,54.098,3.2,,TEH      ,ML    ,2.9
609851814,ke  ,TEH      ,11/21/2014,2:57:52 AM,27.991,57.375,9.5,,TEH      ,ML    ,3
606622345,ke  ,ISC      ,11/21/2014,4:34:33 PM,27.7416,54.2076,10,TRUE,ISC      ,mb    ,3.6
609851819,ke  ,TEH      ,11/21/2014,10:51:48 PM,27.772,54.396,10,,TEH      ,ML    ,2.6
609851824,ke  ,TEH      ,11/22/2014,5:08:06 PM,27.895,55.935,9.8,,TEH      ,ML    ,2.6
608662775,ke  ,DSN      ,11/22/2014,10:05:15 PM,26.6244,55.9627,10,,DSN      ,ML    ,2.8
605673698,se  ,ISC      ,11/23/2014,1:18:00 PM,26.4887,56.5887,10.7,,ISC      ,mb    ,4.8
609851836,ke  ,TEH      ,11/24/2014,5:42:19 PM,27.937,57.356,10,,TEH      ,ML    ,2.7
609851850,ke  ,TEH      ,11/26/2014,5:29:53 PM,27.557,57.351,10,,TEH      ,ML    ,2.7
609851852,ke  ,TEH      ,11/27/2014,4:37:06 AM,28.246,57.205,10,,TEH      ,ML    ,2.6
606623044,ke  ,ISC      ,11/29/2014,3:20:33 AM,28.9071,57.1671,10,TRUE,ISC      ,mb    ,3.8
606623049,ke  ,ISC      ,11/29/2014,3:42:11 AM,28.2513,56.4371,10,TRUE,ISC      ,mb    ,3.5
609851865,ke  ,TEH      ,11/29/2014,5:02:25 AM,28.949,57.065,14,,TEH      ,ML    ,3.1
606179225,ke  ,ISC      ,11/29/2014,5:40:00 PM,28.1985,55.3014,10,TRUE,ISC      ,mb    ,3.5
609747268,ke  ,OMAN     ,11/30/2014,4:46:29 PM,27.3582,55.4938,35.6,,OMAN     ,ml    ,2.7
609851886,ke  ,TEH      ,12/1/2014,4:22:34 AM,28.281,57.27,10,,TEH      ,ML    ,2.5
609851894,ke  ,TEH      ,12/2/2014,6:50:08 AM,28.32,56.53,8,,TEH      ,ML    ,2.8
609851895,ke  ,TEH      ,12/2/2014,12:16:35 PM,28.02,56,10,,TEH      ,ML    ,2.9
606928758,se  ,ISC      ,12/3/2014,9:22:03 PM,28.3057,55.5476,10,TRUE,ISC      ,mb    ,3.9
609851910,ke  ,TEH      ,12/4/2014,11:58:28 AM,27.849,54.204,8,,TEH      ,ML    ,3
609851911,ke  ,TEH      ,12/4/2014,7:18:03 PM,28.443,55.823,10,,TEH      ,ML    ,2.5
609851912,ke  ,TEH      ,12/4/2014,9:00:13 PM,28.129,55.326,7.3,,TEH      ,ML    ,2.8
609851913,ke  ,TEH      ,12/4/2014,9:44:41 PM,28.432,57.38,10,,TEH      ,ML    ,2.5
606185911,se  ,ISC      ,12/5/2014,12:20:27 AM,28.4064,57.2263,10,TRUE,ISC      ,mb    ,4
611129444,ke  ,OMAN     ,12/6/2014,9:30:48 PM,25.7721,56.5499,30,,OMAN     ,ml    ,1.3
609851931,ke  ,TEH      ,12/7/2014,11:59:42 AM,28.542,57.355,7.7,,TEH      ,ML    ,2.5
611129648,ke  ,OMAN     ,12/8/2014,2:37:18 AM,27.0973,56.3898,34.9,,OMAN     ,ml    ,2.6
606347553,se  ,ISC      ,12/8/2014,6:38:17 AM,27.5577,56.18,14.1,,ISC      ,mb    ,4.2
609851940,ke  ,TEH      ,12/8/2014,8:07:21 PM,28.126,56.974,12,,TEH      ,ML    ,3
606929109,se  ,ISC      ,12/8/2014,10:34:05 PM,28.094,56.8794,10,TRUE,ISC      ,mb    ,3.9
606929110,ke  ,ISC      ,12/8/2014,10:37:41 PM,28.1046,56.9119,10,TRUE,ISC      ,mb    ,3.8
609851949,ke  ,TEH      ,12/9/2014,1:31:37 PM,27.826,56.599,10,,TEH      ,ML    ,2.9
606929195,ke  ,ISC      ,12/10/2014,5:47:20 AM,28.3965,55.5271,22,TRUE,ISC      ,mb    ,3.6
608768040,ke  ,TEH      ,12/10/2014,11:53:47 AM,28.138,56.949,14,,TEH      ,ML    ,3.4
608768041,ke  ,ISC      ,12/10/2014,4:06:12 PM,27.7072,57.0082,10,TRUE,OMAN     ,ml    ,3
611130101,ke  ,OMAN     ,12/13/2014,8:15:41 PM,25.9051,57.2813,29.8,,OMAN     ,ml    ,1.9
609851985,ke  ,TEH      ,12/16/2014,3:15:05 PM,28.393,55.78,5,,TEH      ,ML    ,2.8
609852002,ke  ,TEH      ,12/18/2014,11:34:03 PM,28.311,56.678,10,,TEH      ,ML    ,2.9
608663057,ke  ,TEH      ,12/19/2014,4:02:28 AM,27.754,55.485,24.3,,TEH      ,ML    ,3.3
611130817,ke  ,OMAN     ,12/19/2014,8:31:44 AM,26.8684,55.4518,35.5,,OMAN     ,ml    ,2.8
608663058,ke  ,ISC      ,12/19/2014,3:53:33 PM,26.6057,55.4046,3.1,,OMAN     ,ml    ,3.5
608768067,ke  ,TEH      ,12/19/2014,4:08:43 PM,26.596,55.372,14.2,,TEH      ,ML    ,3.2
608663062,ke  ,DSN      ,12/20/2014,5:13:13 AM,25.2661,56.3256,0,,DSN      ,ML    ,1.6
608663064,ke  ,ISC      ,12/20/2014,10:07:36 PM,28.2788,54.3809,10,TRUE,TEH      ,ML    ,3.2
609852021,ke  ,TEH      ,12/22/2014,12:52:01 AM,27.77,54.027,5.4,,TEH      ,ML    ,3
608768080,ke  ,ISC      ,12/22/2014,1:40:58 AM,27.717,53.9887,23,TRUE,TEH      ,ML    ,3.1
609852023,ke  ,TEH      ,12/22/2014,9:32:14 AM,28.544,57.349,15,,TEH      ,ML    ,2.5
608768083,ke  ,ISC      ,12/22/2014,1:27:22 PM,27.2115,54.0588,19,TRUE,TEH      ,ML    ,3.2
609852024,ke  ,TEH      ,12/22/2014,1:29:13 PM,27.181,54.09,6,,TEH      ,ML    ,3.5
608768087,ke  ,ISC      ,12/22/2014,6:50:22 PM,26.6591,57.7638,4.5,,TEH      ,ML    ,3.1
611131546,ke  ,OMAN     ,12/23/2014,1:14:50 AM,26.1482,57.4194,10,TRUE,OMAN     ,ml    ,2.1
609852029,ke  ,TEH      ,12/23/2014,10:30:43 AM,27.557,57.431,8,,TEH      ,ML    ,2.9
609852035,ke  ,TEH      ,12/24/2014,10:27:30 AM,28.13,56.689,15,,TEH      ,ML    ,2.5
609852060,ke  ,TEH      ,12/27/2014,2:28:49 AM,28.963,57.066,28,,TEH      ,ML    ,2.5
606930311,ke  ,ISC      ,12/27/2014,11:36:17 AM,27.7499,54.12,10,TRUE,ISC      ,mb    ,3.8
606419227,se  ,ISC      ,12/27/2014,12:00:14 PM,27.7703,53.9767,10,TRUE,ISC      ,mb    ,4.1
611131796,ke  ,OMAN     ,12/28/2014,1:10:27 PM,27.0537,57.9479,0,,OMAN     ,ml    ,2.9
606930551,ke  ,ISC      ,12/30/2014,7:41:19 PM,26.9696,54.5769,18,TRUE,ISC      ,mb    ,3.7
611131902,ke  ,OMAN     ,1/1/2015,2:04:16 AM,26.2441,57.8065,10,TRUE,OMAN     ,ml    ,2.3
611131909,ke  ,OMAN     ,1/2/2015,10:13:06 PM,26.55,56.5358,7,TRUE,OMAN     ,ml    ,1.8
608663141,ke  ,DSN      ,1/8/2015,7:23:51 AM,25.2588,56.2462,0,,DSN      ,ML    ,1.9
611131984,ke  ,OMAN     ,1/13/2015,9:53:49 AM,26.1871,57.3499,20.8,,OMAN     ,ml    ,2.8
608663143,ke  ,OMAN     ,1/15/2015,6:24:58 AM,25.2711,56.2806,10.4,,OMAN     ,ml    ,1.7
610994454,ke  ,ISC      ,1/18/2015,4:12:41 AM,26.7212,58.0585,10,TRUE,OMAN     ,ml    ,3.1
611054318,ke  ,TEH      ,1/20/2015,2:28:53 AM,27.828,54.149,8,,TEH      ,ML    ,3
611132029,ke  ,OMAN     ,1/20/2015,4:42:12 AM,28.5689,57.6709,42.6,,         ,      ,
606931861,ke  ,ISC      ,1/20/2015,5:32:08 AM,27.3195,55.8089,10.4,,ISC      ,mb    ,3.7
608663144,ke  ,ISC      ,1/21/2015,6:38:57 AM,28.9503,56.1703,10,TRUE,THR      ,ML    ,3.1
611132036,ke  ,OMAN     ,1/21/2015,8:37:24 PM,28.68,56.1274,10,TRUE,OMAN     ,ml    ,2.4
611132045,ke  ,OMAN     ,1/22/2015,12:53:37 AM,28.7041,56.0154,10,TRUE,OMAN     ,ml    ,2.2
608663146,ke  ,DSN      ,1/22/2015,8:20:30 AM,25.2554,56.363,0,,DSN      ,ML    ,1.9
610994489,ke  ,TEH      ,1/23/2015,7:57:09 PM,27.935,56.529,7.3,,TEH      ,ML    ,3
606596159,se  ,ISC      ,1/25/2015,8:11:22 PM,27.4617,56.2011,22.7,,ISC      ,mb    ,4.8
606597196,ke  ,ISC      ,1/25/2015,9:45:13 PM,27.4966,56.1795,3.1,,ISC      ,mb    ,3.6
611132064,ke  ,OMAN     ,1/25/2015,10:00:00 PM,26.675,55.0224,10,TRUE,OMAN     ,ml    ,2.6
606932224,ke  ,ISC      ,1/26/2015,2:52:01 AM,27.4678,56.1585,2.8,,ISC      ,mb    ,3.4
606932315,ke  ,ISC      ,1/27/2015,3:12:20 PM,27.4258,56.1744,10,TRUE,ISC      ,mb    ,3.5
606932332,se  ,ISC      ,1/27/2015,9:07:26 PM,27.4487,56.1806,7,,ISC      ,mb    ,4.2
608911527,ke  ,TEH      ,1/27/2015,11:36:16 PM,27.454,56.188,10,,TEH      ,ML    ,3.4
608911533,ke  ,ISC      ,1/28/2015,12:50:50 AM,27.4412,56.1353,4.4,,TEH      ,ML    ,3.4
608911534,ke  ,ISC      ,1/28/2015,6:52:20 AM,28.0129,57.2053,10,TRUE,OMAN     ,ml    ,3.4
608911547,ke  ,TEH      ,1/29/2015,10:00:37 AM,27.462,56.165,8,,TEH      ,ML    ,3.3
606932515,ke  ,ISC      ,1/30/2015,2:32:48 PM,27.4675,56.1645,8,,ISC      ,mb    ,3.5
606932755,se  ,ISC      ,2/2/2015,2:07:40 PM,27.4727,56.1872,9.4,,ISC      ,mb    ,3.9
611135841,ke  ,OMAN     ,2/3/2015,6:07:27 PM,28.1712,55.2438,10,TRUE,OMAN     ,ml    ,2.9
611135843,ke  ,OMAN     ,2/6/2015,1:58:37 AM,27.4859,54.4112,10,TRUE,OMAN     ,ml    ,2.3
606933004,ke  ,ISC      ,2/6/2015,2:19:38 AM,27.9335,55.2151,26,TRUE,ISC      ,mb    ,3.7
611135845,ke  ,OMAN     ,2/6/2015,2:47:46 PM,26.6534,56.2202,4,TRUE,OMAN     ,ml    ,2.6
608663149,ke  ,ISC      ,2/6/2015,2:55:17 PM,26.5993,56.015,5.2,,DSN      ,ML    ,3.2
611135846,ke  ,OMAN     ,2/7/2015,7:52:34 PM,28.488,56.1669,0.9,,         ,      ,
611135847,ke  ,OMAN     ,2/7/2015,11:07:18 PM,26.0155,57.3949,10,TRUE,OMAN     ,ml    ,1.8
608911613,ke  ,THR      ,2/8/2015,6:01:47 PM,27.867,56.34,14.1,,THR      ,ML    ,3.1
608911630,ke  ,ISC      ,2/10/2015,6:49:49 PM,28.0263,57.2882,10,TRUE,TEH      ,ML    ,3.6
606933326,ke  ,ISC      ,2/11/2015,8:31:51 AM,28.0164,56.0674,16,TRUE,ISC      ,mb    ,3.5
611139769,ke  ,OMAN     ,2/14/2015,7:03:48 AM,25.2722,56.3195,5,,OMAN     ,ml    ,1.5
606728471,ke  ,ISC      ,2/14/2015,7:19:29 AM,27.4846,56.2242,5.7,,ISC      ,mb    ,3.7
611139775,ke  ,OMAN     ,2/18/2015,1:07:29 AM,28.3276,56.801,10,TRUE,OMAN     ,ml    ,3
606733938,se  ,ISC      ,2/18/2015,5:28:53 PM,27.4763,56.2141,0.1,,ISC      ,mb    ,4
606742356,se  ,ISC      ,2/20/2015,6:16:26 PM,27.0988,54.7993,17.6,,ISC      ,mb    ,4.3
611055637,ke  ,TEH      ,2/22/2015,10:30:13 PM,27.365,54.431,8.9,,TEH      ,ML    ,3.2
611055759,ke  ,TEH      ,2/25/2015,8:49:22 PM,27.275,54.484,10,,TEH      ,ML    ,3.1
611055840,ke  ,TEH      ,2/27/2015,12:49:21 AM,27.499,54.24,12,,TEH      ,ML    ,3.1
611055841,ke  ,TEH      ,2/27/2015,3:12:41 PM,28.14,55.718,5,,TEH      ,ML    ,3.3
611055884,ke  ,TEH      ,2/28/2015,1:18:55 AM,28.426,57.385,8,,TEH      ,ML    ,3
611055886,ke  ,TEH      ,3/1/2015,12:02:25 PM,27.394,57.971,8,,TEH      ,ML    ,3.1
611139781,ke  ,OMAN     ,3/2/2015,5:22:50 PM,27.1971,56.9761,5.4,,OMAN     ,ml    ,2.5
608911823,ke  ,ISC      ,3/4/2015,4:08:48 PM,27.9031,56.6728,10,TRUE,TEH      ,ML    ,3.1
611139782,ke  ,OMAN     ,3/4/2015,4:11:45 PM,26.6698,56.5661,10,TRUE,OMAN     ,ml    ,2.8
608911825,ke  ,ISC      ,3/5/2015,11:25:20 AM,28.1072,57.2441,10,TRUE,TEH      ,ML    ,3.1
606792814,se  ,ISC      ,3/5/2015,7:31:12 PM,27.4826,56.1912,12.6,,ISC      ,mb    ,3.8
609816077,ke  ,ISC      ,3/5/2015,10:54:49 PM,28.0631,56.8411,14.5,,ISC      ,mb    ,5.2
611056136,ke  ,TEH      ,3/7/2015,4:03:00 AM,28.049,56.943,7.3,,TEH      ,ML    ,3.3
611056209,ke  ,TEH      ,3/9/2015,12:23:18 AM,27.201,54.384,8.2,,TEH      ,ML    ,3.4
608911878,ke  ,ISC      ,3/10/2015,6:20:33 PM,27.6463,55.3599,15,TRUE,OMAN     ,ml    ,3.2
607188160,se  ,ISC      ,3/10/2015,9:32:23 PM,26.1711,58.2937,7.8,,ISC      ,mb    ,3.7
607188333,ke  ,ISC      ,3/13/2015,6:00:34 AM,27.506,57.4727,13.7,,ISC      ,mb    ,3.6
607188364,ke  ,ISC      ,3/13/2015,3:26:12 PM,26.6069,54.7628,30.9,,ISC      ,mb    ,3.7
607188482,ke  ,ISC      ,3/15/2015,9:26:56 AM,28.3382,57.0365,17.8,,ISC      ,mb    ,3.7
608911884,ke  ,ISC      ,3/18/2015,8:35:19 AM,26.8675,57.451,19.1,,TEH      ,ML    ,3.3
608663156,ke  ,ISC      ,3/19/2015,8:33:08 PM,27.9997,56.4597,10.9,,TEH      ,ML    ,3.1
611139791,ke  ,OMAN     ,3/21/2015,5:33:36 AM,25.2709,56.2364,2.8,,OMAN     ,ml    ,1.7
607181445,ke  ,ISC      ,3/23/2015,2:20:35 AM,28.2661,57.4775,10,TRUE,ISC      ,mb    ,3.8
611885440,ke  ,KISR     ,3/23/2015,3:42:22 PM,26.118,54.508,0,,KISR     ,ML    ,4.3
607181514,ke  ,ISC      ,3/24/2015,8:14:39 AM,27.2776,56.0028,14.9,,ISC      ,mb    ,3.6
610994792,ke  ,TEH      ,3/25/2015,1:14:23 PM,28.856,54.765,14.8,,TEH      ,ML    ,3.3
608663160,ke  ,DSN      ,3/28/2015,5:06:32 AM,25.2754,56.2332,0,,DSN      ,ML    ,1.8
610994830,ke  ,ISC      ,3/29/2015,12:29:39 AM,27.2343,54.4876,18,TRUE,TEH      ,ML    ,3
606950104,ke  ,ISC      ,3/29/2015,4:16:18 AM,26.9892,57.766,27.3,,ISC      ,mb    ,4.9
611139798,ke  ,OMAN     ,3/29/2015,6:16:15 PM,28.7316,57.6731,12,TRUE,OMAN     ,ml    ,3.1
607261910,ke  ,ISC      ,4/2/2015,2:39:39 AM,27.8557,56.1532,16,TRUE,ISC      ,mb    ,3.5
608663161,ke  ,ISC      ,4/2/2015,10:46:20 AM,26.4417,54.7867,17,TRUE,OMAN     ,ml    ,3.6
611057276,ke  ,TEH      ,4/3/2015,12:18:49 PM,27.515,56.629,11.4,,TEH      ,ML    ,3.1
611139805,ke  ,OMAN     ,4/3/2015,11:15:18 PM,26.7094,57.075,0.2,,OMAN     ,ml    ,2.7
610994901,ke  ,ISC      ,4/4/2015,4:31:09 PM,27.549,58.0712,10,TRUE,OMAN     ,mb    ,4.8
611057313,ke  ,TEH      ,4/4/2015,7:11:19 PM,27.504,57.782,9.4,,TEH      ,ML    ,3
611139812,ke  ,OMAN     ,4/9/2015,4:25:49 AM,25.5578,55.9444,0.4,,OMAN     ,ml    ,1.4
610994995,ke  ,TEH      ,4/10/2015,8:52:23 PM,26.756,57.885,8,,TEH      ,ML    ,3.3
610995009,ke  ,ISC      ,4/11/2015,1:41:43 PM,26.7419,58.1248,10,TRUE,TEH      ,ML    ,3.4
607262796,ke  ,ISC      ,4/13/2015,1:16:45 PM,27.893,53.5121,10,TRUE,ISC      ,mb    ,3.5
608663184,ke  ,DSN      ,4/17/2015,3:31:38 AM,25.2879,56.1797,3.8,,DSN      ,ML    ,2.1
611057867,ke  ,TEH      ,4/18/2015,10:58:54 AM,28.393,55.638,10,,TEH      ,ML    ,3
611057868,ke  ,TEH      ,4/18/2015,2:00:51 PM,28.349,55.553,5,,TEH      ,ML    ,3.4
607263297,se  ,ISC      ,4/20/2015,8:37:32 PM,28.4897,57.1412,10,TRUE,ISC      ,mb    ,3.7
611057978,ke  ,TEH      ,4/21/2015,5:56:37 PM,27.258,54.011,17.4,,TEH      ,ML    ,3
607259818,ke  ,ISC      ,4/22/2015,2:31:21 AM,27.7637,54.374,10,TRUE,ISC      ,mb    ,3.7
607259996,ke  ,ISC      ,4/25/2015,2:41:14 AM,27.8375,55.3907,22.5,,ISC      ,mb    ,3.7
607211844,se  ,ISC      ,4/27/2015,5:34:32 AM,26.3546,53.5078,27.8,,ISC      ,mb    ,4.8
608916134,ke  ,TEH      ,4/29/2015,1:47:38 AM,27.996,57.562,18.9,,TEH      ,ML    ,3.3
609816662,ke  ,ISC      ,4/29/2015,2:37:46 AM,27.4204,53.4398,11.9,,ISC      ,mb    ,4.9
607285796,ke  ,ISC      ,5/3/2015,12:02:43 AM,27.3421,56.01,5.5,,ISC      ,mb    ,3.8
611058645,ke  ,TEH      ,5/6/2015,2:03:36 AM,27.86,54.46,12,,TEH      ,ML    ,3.4
607241073,se  ,ISC      ,5/13/2015,8:27:20 PM,27.8346,57.8045,28.3,,ISC      ,mb    ,4.2
611140265,ke  ,OMAN     ,5/15/2015,4:08:50 AM,25.6569,57.6592,40.6,,         ,      ,
608919448,ke  ,TEH      ,5/15/2015,4:45:07 PM,27.355,56.405,8,,TEH      ,ML    ,3.4
608663318,ke  ,DSN      ,5/16/2015,5:25:06 AM,25.2539,56.3117,0,,DSN      ,ML    ,1.6
608663319,ke  ,DSN      ,5/16/2015,5:40:22 PM,27.1364,56.3684,15,,DSN      ,ML    ,2.3
608663325,ke  ,DSN      ,5/18/2015,2:44:24 AM,25.2954,56.1309,0,,DSN      ,ML    ,1.3
608663326,ke  ,DSN      ,5/18/2015,10:10:15 PM,26.6682,56.7041,10,,DSN      ,ML    ,2.1
608663334,ke  ,DSN      ,5/20/2015,6:44:26 PM,28.0985,57.917,10,,DSN      ,ML    ,3.5
608663338,ke  ,DSN      ,5/22/2015,7:09:55 PM,25.1103,55.6124,5,,DSN      ,ML    ,1.4
611059308,ke  ,TEH      ,5/22/2015,11:12:34 PM,28.123,54.453,11.2,,TEH      ,ML    ,3.4
607635543,ke  ,ISC      ,5/24/2015,12:39:14 AM,26.0691,57.3143,17.7,,ISC      ,mb    ,3.6
611140344,ke  ,OMAN     ,5/25/2015,7:23:03 PM,28.1959,56.8411,6,,OMAN     ,ml    ,3.1
608663366,ke  ,ISC      ,5/27/2015,7:16:56 PM,28.9536,56.2237,10,TRUE,THR      ,ML    ,3.1
607635792,ke  ,ISC      ,5/27/2015,9:11:14 PM,27.895,57.2688,10,TRUE,ISC      ,mb    ,3.6
607282743,ke  ,ISC      ,5/30/2015,9:07:13 AM,28.2353,55.2278,22,TRUE,ISC      ,mb    ,3.7
608925430,ke  ,ISC      ,5/30/2015,2:22:14 PM,28.4553,55.0692,10,TRUE,TEH      ,ML    ,3.3
608663374,ke  ,DSN      ,5/31/2015,2:41:03 AM,25.5718,55.9285,0,,DSN      ,ML    ,1.9
607514224,ke  ,ISC      ,6/2/2015,1:30:42 AM,28.7515,56.7196,17.7,,IDC      ,mb    ,3.7
608663383,ke  ,DSN      ,6/2/2015,3:08:05 AM,25.0646,56.2996,0,,DSN      ,ML    ,1.5
608663386,ke  ,DSN      ,6/2/2015,3:08:49 AM,25.5397,55.9655,0,,DSN      ,ML    ,2
611059701,ke  ,TEH      ,6/2/2015,7:18:44 PM,28.435,57.129,11,,TEH      ,ML    ,3.1
608953213,ke  ,TEH      ,6/4/2015,11:38:10 PM,28.417,56.069,8,,TEH      ,ML    ,3.4
608663395,ke  ,ISC      ,6/5/2015,2:13:37 AM,27.2146,54.9843,10,TRUE,OMAN     ,ml    ,3.6
608663396,ke  ,DSN      ,6/5/2015,5:05:28 AM,27.3898,55.0243,10,,DSN      ,ML    ,2.9
608663397,ke  ,DSN      ,6/5/2015,5:07:15 AM,27.693,55.0844,10,,DSN      ,ML    ,3.2
607514415,ke  ,ISC      ,6/5/2015,2:40:37 PM,28.186,57.5445,24.9,,ISC      ,mb    ,3.6
607514434,ke  ,ISC      ,6/5/2015,7:11:59 PM,27.1906,54.9845,3.3,,ISC      ,mb    ,3.4
608663401,ke  ,TEH      ,6/6/2015,2:06:52 PM,26.659,54.936,11.8,,TEH      ,ML    ,3.2
608663402,ke  ,ISC      ,6/6/2015,9:29:43 PM,26.4356,58.2996,9.4,,TEH      ,ML    ,3.2
608663406,ke  ,ISC      ,6/7/2015,4:40:44 AM,28.0225,57.6735,15.4,,TEH      ,ML    ,3.2
608663407,ke  ,ISC      ,6/7/2015,10:47:20 PM,27.766,55.1491,10,TRUE,DSN      ,ML    ,3.1
607514535,se  ,ISC      ,6/7/2015,11:56:04 PM,27.8349,55.1873,11.2,,ISC      ,mb    ,4
608663421,ke  ,DSN      ,6/12/2015,12:17:28 AM,26.9561,56.1954,10,,DSN      ,ML    ,2.7
607290740,se  ,ISC      ,6/12/2015,6:57:51 AM,28.2415,57.2084,10,TRUE,ISC      ,mb    ,4.5
607514988,ke  ,ISC      ,6/14/2015,3:48:49 PM,28.3471,57.1157,9.1,,ISC      ,mb    ,3.6
611140393,ke  ,OMAN     ,6/24/2015,3:20:38 PM,26.7968,55.66,0,,OMAN     ,ml    ,2.9
611060445,ke  ,TEH      ,6/25/2015,12:56:38 PM,27.884,54.478,8.2,,TEH      ,ML    ,3.1
611060519,ke  ,TEH      ,6/27/2015,10:01:40 AM,27.995,57.111,8.6,,TEH      ,ML    ,3
610995571,ke  ,ISC      ,6/28/2015,7:38:50 PM,28.1874,57.8014,10,TRUE,TEH      ,ML    ,3.1
607511236,ke  ,ISC      ,6/30/2015,2:45:35 PM,27.5095,56.2204,4.5,,ISC      ,mb    ,3.5
608663486,ke  ,OMAN     ,7/1/2015,1:48:29 AM,25.3339,56.2094,12.8,,OMAN     ,ml    ,2.3
611140396,ke  ,OMAN     ,7/1/2015,3:02:35 AM,25.3221,56.2117,10.3,,OMAN     ,ml    ,1.3
607324998,se  ,ISC      ,7/1/2015,6:43:26 AM,28.1785,57.5849,30,TRUE,ISC      ,mb    ,4.4
607675033,ke  ,ISC      ,7/1/2015,6:45:55 AM,28.2223,57.7095,30,TRUE,ISC      ,mb    ,4
608956577,ke  ,TEH      ,7/1/2015,7:04:52 AM,28.26,57.518,9.1,,TEH      ,ML    ,3.4
611140397,ke  ,OMAN     ,7/1/2015,6:17:15 PM,25.3349,56.1994,11.5,,OMAN     ,ml    ,1.2
607675135,ke  ,ISC      ,7/2/2015,10:50:11 AM,27.4156,54.9899,20,TRUE,ISC      ,mb    ,3.4
607675227,se  ,ISC      ,7/3/2015,12:37:38 PM,26.7223,54.8571,31.9,,ISC      ,mb    ,3.8
608956838,ke  ,ISC      ,7/3/2015,11:56:52 PM,27.4009,55.0752,20,TRUE,TEH      ,ML    ,3.2
608956952,ke  ,TEH      ,7/4/2015,10:44:02 PM,28.045,57.319,28,,TEH      ,ML    ,3.3
611140398,ke  ,OMAN     ,7/7/2015,7:02:40 AM,27.3248,54.0536,5.6,,OMAN     ,ml    ,2.6
611140400,ke  ,OMAN     ,7/10/2015,9:47:43 AM,27.4108,57.0984,35,,OMAN     ,ml    ,2.8
611140402,ke  ,OMAN     ,7/10/2015,9:09:11 PM,25.3125,56.2023,11.3,,         ,      ,
611140403,ke  ,OMAN     ,7/13/2015,9:05:01 AM,26.9125,55.2374,20.2,,OMAN     ,ml    ,2.8
608958246,ke  ,TEH      ,7/15/2015,1:21:36 AM,28.388,55.654,20,,TEH      ,ML    ,3.2
611140404,ke  ,OMAN     ,7/17/2015,2:48:51 AM,27.3478,56.7041,14.7,,         ,      ,
608958608,ke  ,TEH      ,7/18/2015,5:42:56 AM,28.455,57.241,8,,TEH      ,ML    ,3
608958732,ke  ,TEH      ,7/19/2015,12:55:02 AM,28.507,56.966,8,,TEH      ,ML    ,3.1
608958926,ke  ,THR      ,7/21/2015,9:29:12 AM,27.946,56.873,14.2,,THR      ,ML    ,3
608959034,ke  ,ISC      ,7/22/2015,10:36:57 PM,28.8402,54.6299,10,TRUE,TEH      ,ML    ,3.4
608959167,ke  ,TEH      ,7/23/2015,4:08:04 AM,28.438,55.514,8,,TEH      ,ML    ,3.1
611140409,ke  ,OMAN     ,7/26/2015,3:30:32 AM,25.5491,56.0356,8.4,,         ,      ,
611061550,ke  ,TEH      ,7/29/2015,5:11:58 AM,28.255,57.411,18.5,,TEH      ,ML    ,3
608606791,ke  ,ISC      ,7/31/2015,10:06:31 AM,30.045,57.6446,12.8,,ISC      ,mb    ,5.1
611140414,ke  ,OMAN     ,8/5/2015,10:39:23 AM,27.1593,56.3176,10,TRUE,OMAN     ,ml    ,3
608095461,ke  ,ISC      ,8/7/2015,4:25:18 AM,25.9745,57.3525,29.1,,ISC      ,mb    ,3.6
608664227,ke  ,ISC      ,8/7/2015,4:44:07 AM,25.9091,57.3081,6.9,,OMAN     ,ml    ,3
608664230,ke  ,ISC      ,8/8/2015,8:58:27 PM,26.7413,54.807,23.8,,OMAN     ,ml    ,2.6
608095550,ke  ,ISC      ,8/8/2015,10:12:12 PM,26.3935,55.8858,5.7,,ISC      ,mb    ,4
608095552,ke  ,ISC      ,8/8/2015,11:12:17 PM,27.3945,54.3826,13.9,,ISC      ,mb    ,3.5
607652948,se  ,ISC      ,8/10/2015,7:02:36 PM,27.4707,54.7068,16.6,,ISC      ,mb    ,4.1
608962800,ke  ,TEH      ,8/11/2015,2:59:49 AM,28.395,57.054,9.1,,TEH      ,ML    ,3.1
608962933,ke  ,TEH      ,8/12/2015,3:36:52 AM,26.775,55.309,17.2,,TEH      ,ML    ,3.3
608095798,ke  ,ISC      ,8/12/2015,9:24:47 PM,26.7102,54.8452,17,TRUE,ISC      ,mb    ,3.8
608664505,ke  ,DSN      ,8/12/2015,9:43:00 PM,25.3647,55.6545,5,,DSN      ,ML    ,2.5
608962934,ke  ,ISC      ,8/12/2015,10:10:34 PM,27.7539,57.8901,12.3,,OMAN     ,mb    ,4.8
608963063,ke  ,THR      ,8/13/2015,12:26:05 AM,27.909,57.71,14.2,,THR      ,ML    ,3.2
611140416,ke  ,OMAN     ,8/13/2015,6:10:21 AM,27.0476,55.26,5.4,,         ,      ,
611140417,ke  ,OMAN     ,8/13/2015,9:48:30 PM,28.0359,56.4413,10,TRUE,         ,      ,
608664510,ke  ,ISC      ,8/15/2015,11:26:13 PM,25.6583,57.6147,10,TRUE,DSN      ,ML    ,2.1
608096123,ke  ,ISC      ,8/19/2015,5:38:22 AM,27.7716,54.7315,17,TRUE,ISC      ,mb    ,3.7
608964604,ke  ,ISC      ,8/24/2015,7:58:33 PM,28.4133,57.4208,10,TRUE,TEH      ,ML    ,3.4
608096594,se  ,ISC      ,8/27/2015,12:24:22 AM,26.5827,55.8652,10,TRUE,ISC      ,mb    ,4
607726246,ke  ,ISC      ,8/27/2015,5:28:46 AM,27.5893,55.0128,20,TRUE,ISC      ,mb    ,3.7
608720568,ke  ,TEH      ,8/29/2015,5:49:02 AM,26.435,55.408,15.1,,TEH      ,ML    ,3.4
611065224,ke  ,TEH      ,8/29/2015,3:33:56 PM,26.427,55.291,16.8,,TEH      ,ML    ,3
608720870,ke  ,DSN      ,8/29/2015,9:55:11 PM,26.7549,55.4099,10,,DSN      ,ML    ,2.6
608965220,ke  ,THR      ,8/30/2015,12:23:57 AM,28.044,57.702,14.1,,THR      ,ML    ,3
608722118,ke  ,DSN      ,9/2/2015,7:06:22 AM,25.2572,56.3435,0,,DSN      ,ML    ,1.7
611140424,ke  ,OMAN     ,9/2/2015,10:27:08 PM,25.2452,56.8389,10,TRUE,OMAN     ,ml    ,1.4
608722760,ke  ,TEH      ,9/4/2015,4:28:27 AM,27.852,56.741,20,,TEH      ,ML    ,3.2
607735717,se  ,ISC      ,9/8/2015,1:18:28 AM,28.5902,57.2184,10.2,,ISC      ,mb    ,4.1
608724475,ke  ,DSN      ,9/9/2015,9:58:04 AM,27.4107,55.4684,10,,DSN      ,ML    ,2.7
607736245,se  ,ISC      ,9/11/2015,2:38:19 AM,27.4943,56.5485,15.3,,ISC      ,mb    ,4.3
607736246,se  ,ISC      ,9/11/2015,2:41:36 AM,27.5148,56.5619,16.4,,ISC      ,mb    ,4.2
611065598,ke  ,TEH      ,9/11/2015,2:43:21 AM,27.544,56.582,7.4,,TEH      ,ML    ,3.4
608724937,ke  ,DSN      ,9/11/2015,3:18:35 AM,27.565,56.2673,10,,DSN      ,ML    ,2.6
608725975,ke  ,DSN      ,9/14/2015,8:53:29 AM,25.7273,56.5228,5.4,,DSN      ,ML    ,1.9
608727097,ke  ,ISC      ,9/18/2015,1:10:44 AM,26.7003,54.1956,3.7,,DSN      ,ML    ,3.1
608727265,ke  ,ISC      ,9/18/2015,4:04:58 PM,28.0419,56.7665,24,TRUE,DSN      ,ML    ,2.5
608098585,ke  ,ISC      ,9/19/2015,10:23:48 PM,27.8288,57.5095,18,,ISC      ,mb    ,3.5
611065843,ke  ,TEH      ,9/20/2015,4:54:45 AM,26.645,54.946,11.9,,TEH      ,ML    ,3
608728124,ke  ,DSN      ,9/21/2015,3:06:31 AM,25.5619,55.9829,0,,DSN      ,ML    ,1.8
611099029,ke  ,OMAN     ,9/23/2015,11:59:35 PM,28.6301,54.526,8,TRUE,OMAN     ,mb    ,4.5
608973304,ke  ,TEH      ,9/27/2015,2:23:03 AM,26.963,55.134,19.3,,TEH      ,ML    ,3.2
608973318,ke  ,TEH      ,9/27/2015,5:24:13 AM,28.363,57.429,8.6,,TEH      ,ML    ,3.2
608973332,ke  ,TEH      ,9/27/2015,8:29:28 AM,28.38,57.451,9.4,,TEH      ,ML    ,3.2
608973595,ke  ,TEH      ,9/29/2015,2:20:01 PM,27.694,55.053,8.6,,TEH      ,ML    ,3.3
608099822,se  ,ISC      ,10/9/2015,2:28:02 AM,27.1465,54.487,18,TRUE,ISC      ,mb    ,4.1
608731460,ke  ,OMAN     ,10/9/2015,1:37:34 PM,27.0172,56.1845,3.6,,OMAN     ,ml    ,2.5
608731462,ke  ,OMAN     ,10/9/2015,9:30:01 PM,26.954,56.0299,15,TRUE,DSN      ,ML    ,2.4
611066551,ke  ,TEH      ,10/15/2015,10:30:50 AM,28.1,55.854,5,,TEH      ,ML    ,3
611066552,ke  ,TEH      ,10/15/2015,11:17:52 PM,27.221,54.936,11.6,,TEH      ,ML    ,3.1
611066586,ke  ,TEH      ,10/16/2015,4:22:01 AM,28.596,56.32,8.4,,TEH      ,ML    ,3
608731485,ke  ,ISC      ,10/18/2015,6:45:55 AM,28.8667,57.949,19,TRUE,DSN      ,ML    ,3.7
608100429,ke  ,ISC      ,10/21/2015,12:40:32 AM,27.1207,55.0658,15,,ISC      ,mb    ,4
608731491,ke  ,ISC      ,10/21/2015,1:17:52 AM,27.0879,55.0989,17.1,,THR      ,ML    ,3.3
608731492,ke  ,DSN      ,10/21/2015,3:30:19 AM,26.9433,56.0202,10,,DSN      ,ML    ,2.5
608100520,se  ,ISC      ,10/22/2015,2:58:13 AM,26.8546,54.3912,15.4,,ISC      ,mb    ,4.1
608731495,ke  ,DSN      ,10/22/2015,12:20:24 PM,25.323,56.2016,10,,DSN      ,ML    ,2.2
608731497,ke  ,ISC      ,10/22/2015,9:09:39 PM,29.0102,57.1278,10,TRUE,TEH      ,ML    ,4.2
608731500,ke  ,ISC      ,10/22/2015,11:15:41 PM,27.455,56.5731,11.8,,TEH      ,ML    ,3.1
608731502,ke  ,DSN      ,10/23/2015,3:12:59 AM,25.3098,56.1766,0,,DSN      ,ML    ,1.6
608100584,ke  ,ISC      ,10/23/2015,7:19:17 AM,28.2194,55.789,10,TRUE,ISC      ,mb    ,3.7
608731515,ke  ,TEH      ,10/26/2015,7:06:25 AM,27.345,56.068,8,,TEH      ,ML    ,3.1
608731516,ke  ,DSN      ,10/26/2015,3:37:11 PM,27.3767,56.0518,3,,DSN      ,ML    ,2.5
608979312,ke  ,TEH      ,10/27/2015,5:00:43 AM,27.734,54.367,11.7,,TEH      ,ML    ,3.1
608979483,ke  ,TEH      ,10/28/2015,8:08:20 AM,27.473,56.918,20,,TEH      ,ML    ,3.1
608731533,ke  ,OMAN     ,10/30/2015,2:46:56 AM,26.3146,57.4592,0,,OMAN     ,ml    ,2.2
608731538,ke  ,DSN      ,10/30/2015,12:38:52 PM,26.6798,55.0076,10,,DSN      ,ML    ,2.7
611067057,ke  ,TEH      ,10/31/2015,11:27:35 AM,28.866,54.318,5,,TEH      ,ML    ,3
611067142,ke  ,TEH      ,11/3/2015,1:53:15 PM,28.21,57.692,7.5,,TEH      ,ML    ,3.1
608731569,ke  ,DSN      ,11/5/2015,10:52:31 PM,27.3916,55.8585,15,,DSN      ,ML    ,2.5
608731578,ke  ,ISC      ,11/6/2015,5:58:26 AM,28.1726,57.4277,10,TRUE,OMAN     ,mb    ,4.6
608731585,ke  ,ISC      ,11/7/2015,12:05:54 AM,26.2796,55,6,,DSN      ,ML    ,2.2
608731587,ke  ,ISC      ,11/7/2015,9:17:32 AM,27.8405,58.0253,10,TRUE,DSN      ,ML    ,3
608128931,ke  ,ISC      ,11/9/2015,1:37:42 AM,27.6732,57.8208,10,TRUE,ISC      ,mb    ,3.9
608981793,ke  ,TEH      ,11/11/2015,10:26:58 AM,27.61,55.755,7.5,,TEH      ,ML    ,3.4
608129263,ke  ,ISC      ,11/13/2015,11:44:42 AM,28.3048,55.8436,10,TRUE,ISC      ,mb    ,3.7
608982762,ke  ,TEH      ,11/19/2015,7:14:13 AM,27.685,57.685,12,,TEH      ,ML    ,3
608731670,ke  ,DSN      ,11/22/2015,9:25:17 AM,27.8566,56.8164,10,,DSN      ,ML    ,2.9
608731680,ke  ,DSN      ,11/23/2015,6:39:19 PM,26.8102,56.2376,10,,DSN      ,ML    ,2.4
608731688,ke  ,DSN      ,11/24/2015,11:32:29 AM,26.7216,55.0426,10,,DSN      ,ML    ,2.7
608731701,ke  ,OMAN     ,11/26/2015,10:27:50 PM,27.2427,56.1202,5.1,,OMAN     ,ml    ,2.3
611067891,ke  ,TEH      ,11/26/2015,10:46:46 PM,27.583,57.687,12,,TEH      ,ML    ,3.1
608731702,ke  ,TEH      ,11/27/2015,4:18:44 AM,26.567,55.048,19.5,,TEH      ,ML    ,3
608983831,ke  ,ISC      ,11/27/2015,10:22:49 AM,27.0615,54.6149,18,TRUE,THR      ,ML    ,3.2
611067991,ke  ,TEH      ,11/30/2015,6:44:39 PM,28.594,54.67,18.3,,TEH      ,ML    ,3.2
608731723,ke  ,ISC      ,12/1/2015,4:04:58 PM,26.9339,54.1316,4.3,,TEH      ,ML    ,3.4
608731735,ke  ,DSN      ,12/4/2015,8:25:24 AM,25.351,55.6541,10,,DSN      ,ML    ,1.7
608083642,ke  ,ISC      ,12/5/2015,3:59:38 PM,28.2572,57.2381,10,TRUE,ISC      ,mb    ,4
608731768,ke  ,ISC      ,12/7/2015,10:15:05 PM,28.1248,57.504,27.4,,DSN      ,ML    ,3.2
608186944,ke  ,ISC      ,12/7/2015,10:18:01 PM,28.2304,57.3815,10,TRUE,ISC      ,mb    ,3.8
611068169,ke  ,TEH      ,12/9/2015,11:58:05 AM,28.267,57.412,8,,TEH      ,ML    ,3.1
608731784,ke  ,ISC      ,12/10/2015,7:48:17 PM,28.1441,57.447,26.3,,TEH      ,ML    ,3.7
608731791,ke  ,OMAN     ,12/13/2015,2:15:10 AM,25.9136,57.3361,11.2,,DSN      ,ML    ,2.8
608731832,ke  ,TEH      ,12/19/2015,1:05:23 PM,27.376,56.036,7.2,,TEH      ,ML    ,3.2
608731839,ke  ,OMAN     ,12/20/2015,4:11:53 PM,25.6692,57.1952,5,,DSN      ,ML    ,3
608731844,ke  ,OMAN     ,12/21/2015,3:26:19 PM,27.192,56.2458,5,,OMAN     ,ml    ,2.4
608731846,ke  ,OMAN     ,12/22/2015,12:11:41 AM,26.1773,57.4056,5.7,,OMAN     ,ml    ,2.3
608731854,ke  ,DSN      ,12/24/2015,12:46:50 AM,25.5853,56.282,9.3,,DSN      ,ML    ,2
608731855,ke  ,DSN      ,12/24/2015,5:11:45 AM,25.4258,56.0002,0,,DSN      ,ML    ,1.9
611099072,ke  ,OMAN     ,12/24/2015,7:22:02 AM,26.5954,55.8587,27.1,,OMAN     ,ml    ,2.3
611099074,ke  ,OMAN     ,12/25/2015,10:48:54 AM,27.4881,56.7431,2,,OMAN     ,ml    ,3
608731874,se  ,ISC      ,12/27/2015,1:52:00 AM,27.7781,57.9564,10,TRUE,ISC      ,mb    ,4
608185920,ke  ,ISC      ,12/27/2015,3:48:55 AM,27.8693,57.8043,10,TRUE,ISC      ,mb    ,4
608731877,ke  ,DSN      ,12/27/2015,7:32:09 PM,27.2366,55.3938,15,,DSN      ,ML    ,2.9
608731883,ke  ,DSN      ,12/29/2015,6:24:31 PM,27.8524,56.0435,10,,DSN      ,ML    ,2.9
608731885,ke  ,OMAN     ,12/30/2015,8:32:57 AM,26.3798,55.3635,18.3,,OMAN     ,ml    ,3
608731888,ke  ,ISC      ,12/31/2015,11:27:38 AM,26.6482,56.9316,14.5,,THR      ,ML    ,3.5
608731891,ke  ,OMAN     ,12/31/2015,8:12:36 PM,27.7611,56.1782,30,TRUE,OMAN     ,ml    ,2.9
608346781,se  ,ISC      ,1/1/2016,11:17:32 PM,26.5463,55.1824,28.1,,ISC      ,mb    ,4.2
611099079,ke  ,OMAN     ,1/1/2016,11:55:18 PM,26.8968,55.344,34.9,,OMAN     ,ml    ,2.2
612699999,ke  ,DSN      ,1/2/2016,6:48:18 AM,27.5611,55.1414,10,,DSN      ,ML    ,2.9
612700000,ke  ,DSN      ,1/2/2016,12:31:42 PM,27.7687,55.6113,10,,DSN      ,ML    ,3.1
608135803,se  ,ISC      ,1/4/2016,3:05:48 AM,26.5977,55.4156,13.5,,ISC      ,mb    ,4.2
612700001,ke  ,DSN      ,1/4/2016,7:35:23 AM,26.935,55.8386,10,,DSN      ,ML    ,3.2
611099081,ke  ,OMAN     ,1/5/2016,12:46:29 AM,27.3473,57.0323,10,,OMAN     ,ml    ,3
611068879,ke  ,ISC      ,1/5/2016,6:05:53 PM,27.1665,54.0474,19,TRUE,DSN      ,ML    ,3.2
611099082,ke  ,ISC      ,1/6/2016,12:46:29 AM,27.6413,54.9076,20,TRUE,OMAN     ,mb    ,5.1
608347121,ke  ,ISC      ,1/8/2016,12:51:36 AM,28.0822,55.8273,16,TRUE,ISC      ,mb    ,3.4
608347221,ke  ,ISC      ,1/9/2016,7:47:46 PM,28.3666,57.0122,50,TRUE,ISC      ,mb    ,3.3
611099085,ke  ,OMAN     ,1/9/2016,9:37:04 PM,26.5298,56.3525,6.9,,OMAN     ,ml    ,2
611068894,ke  ,TEH      ,1/11/2016,3:43:15 PM,27.473,54.638,12,,TEH      ,ML    ,3.1
608167425,se  ,ISC      ,1/11/2016,3:53:37 PM,27.7983,57.4826,20.7,,ISC      ,mb    ,4.2
611068895,ke  ,TEH      ,1/11/2016,3:57:24 PM,27.919,57.449,19.7,,TEH      ,ML    ,3.2
611068898,ke  ,TEH      ,1/13/2016,5:15:59 AM,27.923,54.906,19.1,,TEH      ,ML    ,3
611068900,ke  ,TEH      ,1/13/2016,10:11:10 AM,28.392,57.346,6.5,,TEH      ,ML    ,3
611099093,ke  ,OMAN     ,1/13/2016,11:11:57 PM,27.6378,56.531,91.8,,OMAN     ,mb    ,4
611005162,ke  ,ISC      ,1/16/2016,3:59:18 PM,25.8854,57.8255,12.2,,OMAN     ,ml    ,3.3
611099100,ke  ,OMAN     ,1/17/2016,1:16:27 PM,26.6246,55.2073,100.2,,OMAN     ,ml    ,2.3
611005172,ke  ,TEH      ,1/17/2016,5:51:54 PM,26.506,55.089,17,,TEH      ,ML    ,3
611099101,ke  ,OMAN     ,1/18/2016,5:29:21 AM,25.0344,56.3157,0,,OMAN     ,ml    ,1.4
611005176,ke  ,ISC      ,1/18/2016,6:14:45 AM,26.6661,54.9941,21.8,,TEH      ,ML    ,3.2
611068913,ke  ,TEH      ,1/18/2016,7:50:51 AM,27.937,54.886,21.9,,TEH      ,ML    ,3.3
611068914,ke  ,TEH      ,1/18/2016,4:31:42 PM,27.947,57.461,8.3,,TEH      ,ML    ,3.3
611099106,ke  ,OMAN     ,1/20/2016,6:59:14 AM,25.1376,56.3049,0,,OMAN     ,ml    ,1.3
611838688,se  ,ISC      ,1/21/2016,7:28:59 PM,27.2189,54.8829,14.5,,ISC      ,mb    ,4.7
608343336,ke  ,ISC      ,1/22/2016,12:55:18 AM,28.3231,55.6335,10,TRUE,ISC      ,mb    ,3
612141413,ke  ,ISC      ,1/22/2016,8:51:47 PM,28.2782,55.344,23.3,,ISC      ,mb    ,5.4
611068921,ke  ,TEH      ,1/22/2016,9:39:21 PM,28.375,55.373,8,,TEH      ,ML    ,3.1
608279039,ke  ,ISC      ,1/24/2016,6:05:32 AM,28.3036,55.3952,22,TRUE,ISC      ,mb    ,3.7
611068925,ke  ,TEH      ,1/25/2016,7:48:03 PM,27.355,57.635,9.2,,TEH      ,ML    ,3.1
611005245,ke  ,ISC      ,1/29/2016,2:10:45 AM,27.1028,55.0915,28.6,,DSN      ,ML    ,3.2
611068935,ke  ,TEH      ,1/29/2016,4:38:38 PM,28.282,55.345,16,,TEH      ,ML    ,3.2
611099114,ke  ,OMAN     ,1/30/2016,4:07:46 PM,27.7494,57.5373,9.7,TRUE,OMAN     ,ml    ,3
611068938,ke  ,TEH      ,2/1/2016,9:36:35 AM,28.086,57.277,13.6,,TEH      ,ML    ,3.2
611099130,ke  ,OMAN     ,2/6/2016,1:25:00 PM,27.2535,55.6272,4,TRUE,OMAN     ,ml    ,2.6
611005311,ke  ,ISC      ,2/7/2016,6:15:56 PM,27.0056,54.0942,10,TRUE,TEH      ,ML    ,3.4
608498857,ke  ,ISC      ,2/11/2016,7:03:05 AM,28.5299,55.2339,10,TRUE,ISC      ,mb    ,3.8
611099146,ke  ,OMAN     ,2/11/2016,9:36:54 PM,27.512,56.3951,45.8,,OMAN     ,ml    ,3.1
611099147,ke  ,OMAN     ,2/12/2016,12:53:52 AM,25.6638,57.4947,4.3,,OMAN     ,ml    ,2.1
611005341,ke  ,TEH      ,2/13/2016,10:06:33 AM,28.344,56.051,8.2,,TEH      ,ML    ,3.2
611005342,ke  ,ISC      ,2/13/2016,12:26:11 PM,28.1435,57.4158,16.7,,TEH      ,ML    ,3.3
611068954,ke  ,TEH      ,2/13/2016,3:27:41 PM,28.226,57.341,8,,TEH      ,ML    ,3
611005353,ke  ,ISC      ,2/15/2016,8:10:25 PM,28.039,56.3771,10,TRUE,DSN      ,ML    ,3
611099155,ke  ,ISC      ,2/16/2016,6:58:42 AM,25.1448,56.3516,13.2,,OMAN     ,ml    ,2.6
611005370,ke  ,ISC      ,2/18/2016,4:42:24 PM,28.8367,57.4308,10,TRUE,TEH      ,ML    ,3.4
611005378,ke  ,TEH      ,2/20/2016,1:42:15 AM,28.234,57.526,9.2,,TEH      ,ML    ,3.3
611005379,ke  ,ISC      ,2/20/2016,3:38:11 AM,27.4701,55.7653,6.3,,DSN      ,ML    ,3.4
611099164,ke  ,OMAN     ,2/21/2016,1:06:18 AM,27.1192,54.0628,10,TRUE,OMAN     ,ml    ,2.6
612651512,ke  ,DSN      ,2/21/2016,7:49:55 PM,27.8084,55.3157,10,,DSN      ,ML    ,3
611099172,ke  ,DSN      ,2/24/2016,10:32:19 PM,27.2132,56.2425,10,,DSN      ,ML    ,2.9
611068970,ke  ,ISC      ,3/1/2016,11:05:27 PM,27.947,57.6401,24.7,,DSN      ,ML    ,3.7
608586842,ke  ,ISC      ,3/2/2016,3:42:20 AM,26.6778,53.9873,27.7,,ISC      ,mb    ,3.8
611068971,ke  ,ISC      ,3/2/2016,7:16:09 AM,27.8037,57.5884,9.8,,DSN      ,ML    ,3.4
611099188,ke  ,OMAN     ,3/2/2016,9:55:52 AM,26.997,56.4406,7.2,,OMAN     ,ml    ,2.8
612651515,ke  ,DSN      ,3/6/2016,3:37:58 PM,26.9189,55.836,10,,DSN      ,ML    ,3.2
611099209,ke  ,ISC      ,3/21/2016,12:58:42 AM,26.0993,54.4662,16.3,,DSN      ,ML    ,3
611099215,ke  ,OMAN     ,3/24/2016,2:17:47 AM,26.1167,57.374,25.6,,OMAN     ,ml    ,2.8
612651519,ke  ,DSN      ,3/24/2016,5:49:07 PM,26.5012,56.458,10,,DSN      ,ML    ,2.6
611005547,ke  ,ISC      ,3/26/2016,4:43:01 AM,28.8737,57.2818,10,TRUE,TEH      ,ML    ,3.6
612651521,ke  ,DSN      ,3/28/2016,10:54:18 PM,27.0679,54.9086,10,,DSN      ,ML    ,2.5
608579107,ke  ,ISC      ,3/29/2016,2:44:36 PM,26.9225,54.8761,19.3,,ISC      ,mb    ,3.6
608579109,ke  ,ISC      ,3/29/2016,3:34:49 PM,27.0101,54.8805,16,,ISC      ,mb    ,3.7
611005569,ke  ,ISC      ,4/1/2016,1:16:54 PM,28.0469,58.4572,7.1,,DSN      ,ML    ,3
608534563,se  ,ISC      ,4/3/2016,12:57:22 AM,27.78,54.7639,26,TRUE,ISC      ,mb    ,4
612651524,ke  ,DSN      ,4/4/2016,4:52:04 PM,27.0628,55.7223,10,,DSN      ,ML    ,2.8
612651526,ke  ,DSN      ,4/6/2016,11:52:09 AM,27.3005,56.4062,10,,DSN      ,ML    ,3.1
612651527,ke  ,DSN      ,4/7/2016,5:10:04 PM,28.5188,57.6419,10,,DSN      ,ML    ,2.7
612651529,ke  ,DSN      ,4/8/2016,5:15:02 AM,26.0544,57.4363,10,,DSN      ,ML    ,2.5
611099233,ke  ,OMAN     ,4/8/2016,4:17:27 PM,27.307,56.6244,3.5,,OMAN     ,ml    ,2.5
611005630,ke  ,ISC      ,4/10/2016,1:14:38 AM,27.5646,56.4717,14.8,,TEH      ,ML    ,3
611005651,ke  ,ISC      ,4/14/2016,7:16:40 AM,26.7233,58.4001,5.3,,DSN      ,ML    ,3.2
611099240,ke  ,ISC      ,4/15/2016,12:23:26 AM,27.1907,54.5049,10,TRUE,OMAN     ,mb    ,4.2
612651531,ke  ,DSN      ,4/15/2016,6:58:26 AM,27.7782,55.662,10,,DSN      ,ML    ,2.8
611005678,ke  ,ISC      ,4/20/2016,3:49:35 PM,27.1147,54.4444,15,,TEH      ,ML    ,3.5
612651535,ke  ,DSN      ,4/20/2016,10:48:47 PM,25.8094,56.1117,0,,DSN      ,ML    ,1.7
611099250,ke  ,OMAN     ,4/21/2016,8:46:49 PM,25.7995,57.6529,10,TRUE,OMAN     ,ml    ,2.7
608811189,ke  ,ISC      ,4/22/2016,8:35:35 AM,28.3025,57.4215,16.8,,ISC      ,mb    ,3.4
612651540,ke  ,DSN      ,4/23/2016,9:36:20 AM,27.7138,57.6187,10,,DSN      ,ML    ,3
608590537,se  ,ISC      ,4/24/2016,3:18:15 PM,27.8635,55.1406,16.3,,ISC      ,mb    ,4.5
612651542,ke  ,DSN      ,4/25/2016,3:11:20 PM,28.0148,54.6304,10,,DSN      ,ML    ,3
611025810,ke  ,TEH      ,4/29/2016,12:32:19 AM,27.936,57.944,23.3,,TEH      ,ML    ,3
611099260,ke  ,OMAN     ,4/29/2016,4:19:50 AM,26.5054,56.4783,4.6,,OMAN     ,ml    ,2.3
608811770,ke  ,ISC      ,4/30/2016,8:44:49 PM,26.484,55.8241,10,TRUE,ISC      ,mb    ,3.4
611005735,ke  ,ISC      ,4/30/2016,9:01:53 PM,26.5946,55.8201,3.5,,OMAN     ,ml    ,3
612651545,ke  ,DSN      ,5/1/2016,1:02:02 AM,26.6008,55.8112,10,,DSN      ,ML    ,2.6
611025817,ke  ,TEH      ,5/2/2016,6:21:05 PM,28.456,56.117,8,,TEH      ,ML    ,3.1
611005744,ke  ,TEH      ,5/2/2016,7:35:21 PM,28.008,56.341,16.6,,TEH      ,ML    ,3.3
611005751,ke  ,TEH      ,5/2/2016,7:45:30 PM,28.031,56.341,7.4,,TEH      ,ML    ,3
611025818,ke  ,ISC      ,5/2/2016,7:46:11 PM,27.8717,56.3103,28,TRUE,ISC      ,mb    ,3.6
609343657,ke  ,ISC      ,5/2/2016,8:03:56 PM,27.9516,56.3402,10,TRUE,ISC      ,mb    ,3.2
609343659,ke  ,IDC      ,5/2/2016,8:08:14 PM,27.982,56.2189,0,TRUE,IDC      ,mb    ,3.2
611025820,ke  ,TEH      ,5/2/2016,8:10:44 PM,28.027,56.362,17.3,,TEH      ,ML    ,3.2
609343717,ke  ,ISC      ,5/3/2016,7:03:25 AM,27.9325,56.318,28,TRUE,ISC      ,mb    ,3.6
611829687,se  ,ISC      ,5/3/2016,10:41:00 AM,27.998,56.34,14.5,,ISC      ,mb    ,4.1
611025821,ke  ,TEH      ,5/3/2016,11:54:10 AM,28.006,56.346,8.5,,TEH      ,ML    ,3
611099267,ke  ,OMAN     ,5/5/2016,11:49:59 AM,27.2497,56.4928,10,TRUE,OMAN     ,ml    ,2.6
611005767,ke  ,ISC      ,5/5/2016,8:47:54 PM,27.7817,57.6712,14.3,,DSN      ,ML    ,3.4
612651547,ke  ,DSN      ,5/6/2016,9:55:51 AM,27.1895,56.192,10,,DSN      ,ML    ,2.7
611099268,ke  ,OMAN     ,5/7/2016,5:21:10 AM,27.7973,55.7472,10,TRUE,OMAN     ,ml    ,2.8
611005776,ke  ,ISC      ,5/7/2016,8:23:50 PM,28.1935,57.0867,10,TRUE,DSN      ,ML    ,3.1
611099271,ke  ,OMAN     ,5/8/2016,3:51:12 PM,26.0372,57.4873,23.8,,OMAN     ,ml    ,2.2
611099272,ke  ,DSN      ,5/8/2016,7:24:35 PM,25.3186,56.2473,10,,DSN      ,ML    ,2.6
611099273,ke  ,OMAN     ,5/8/2016,8:08:53 PM,25.2923,56.1951,0,TRUE,OMAN     ,ml    ,1.6
612651549,ke  ,DSN      ,5/10/2016,5:44:54 AM,27.3621,54.8341,10,,DSN      ,ML    ,2.7
612651550,ke  ,DSN      ,5/10/2016,6:31:37 PM,26.4272,55.027,10,,DSN      ,ML    ,3.1
612651551,ke  ,DSN      ,5/11/2016,5:44:33 PM,26.4488,56.1379,10,,DSN      ,ML    ,2.3
611099277,ke  ,OMAN     ,5/12/2016,3:50:24 AM,25.0737,56.3456,0,,OMAN     ,ml    ,1.3
611099279,ke  ,OMAN     ,5/12/2016,4:12:26 AM,25.5937,56.0327,0,TRUE,OMAN     ,ml    ,1.2
611005805,ke  ,TEH      ,5/12/2016,6:31:49 AM,27.089,56.094,12.4,,TEH      ,ML    ,3.3
611099282,ke  ,OMAN     ,5/12/2016,10:15:29 PM,27.8281,57.4279,4.2,,OMAN     ,ml    ,2.8
611005814,ke  ,ISC      ,5/14/2016,5:57:05 AM,27.7893,53.8652,10,TRUE,TEH      ,ML    ,3.2
611025843,ke  ,TEH      ,5/16/2016,4:48:32 PM,28.459,57.291,8,,TEH      ,ML    ,3.1
608939742,ke  ,ISC      ,5/17/2016,6:45:31 AM,28.2833,55.3649,10,TRUE,ISC      ,mb    ,3.6
611005833,ke  ,ISC      ,5/19/2016,2:45:39 PM,26.6003,57.8842,3.4,,DSN      ,ML    ,3.3
611025846,ke  ,TEH      ,5/20/2016,9:22:38 PM,28.482,57.325,8.4,,TEH      ,ML    ,3.1
611005837,ke  ,TEH      ,5/20/2016,10:33:19 PM,28.475,57.275,9.1,,TEH      ,ML    ,3.2
609346015,ke  ,ISC      ,5/21/2016,9:14:27 PM,26.6811,57.7969,12.4,,ISC      ,mb    ,3.5
612651553,ke  ,DSN      ,5/23/2016,9:36:02 PM,27.7013,55.4073,10,,DSN      ,ML    ,2.3
611099297,ke  ,OMAN     ,5/25/2016,4:54:28 AM,25.1297,56.1254,0,,OMAN     ,ml    ,1.1
612651554,ke  ,DSN      ,5/25/2016,3:22:33 PM,26.8448,55.4204,10,,DSN      ,ML    ,2.8
611005892,ke  ,ISC      ,5/26/2016,8:11:48 PM,27.9977,57.304,25.9,,TEH      ,ML    ,3.5
611099302,ke  ,OMAN     ,5/27/2016,12:07:37 AM,26.3545,56.8403,10,TRUE,OMAN     ,ml    ,2.7
608889980,se  ,ISC      ,5/29/2016,5:18:32 PM,27.8758,55.1951,32.3,,ISC      ,mb    ,4.4
611025867,ke  ,TEH      ,5/30/2016,7:50:40 AM,26.782,54.718,25.1,,TEH      ,ML    ,3.3
611099308,ke  ,OMAN     ,5/30/2016,9:13:20 PM,27.4087,57.319,10,TRUE,OMAN     ,ml    ,3
608988195,se  ,ISC      ,6/4/2016,9:54:15 AM,30.0171,57.5604,10,TRUE,ISC      ,mb    ,4.3
611099312,ke  ,OMAN     ,6/5/2016,5:44:29 AM,25.028,56.0728,0.1,TRUE,OMAN     ,ml    ,1.3
611005924,ke  ,ISC      ,6/6/2016,8:44:03 AM,28.3589,57.4238,15.7,,TEH      ,ML    ,3.2
609347970,ke  ,ISC      ,6/7/2016,3:25:35 PM,27.5314,55.482,15,TRUE,ISC      ,mb    ,3.7
609347982,ke  ,ISC      ,6/7/2016,6:50:27 PM,27.965,56.8942,24,TRUE,ISC      ,mb    ,3.8
612651556,ke  ,DSN      ,6/8/2016,6:54:11 AM,27.0454,55.3863,10,,DSN      ,ML    ,2.8
611099320,ke  ,OMAN     ,6/11/2016,2:28:26 AM,25.9391,56.1548,0.1,TRUE,OMAN     ,ml    ,1.4
611025888,ke  ,TEH      ,6/13/2016,7:52:57 AM,27.999,55.33,8,,TEH      ,ML    ,3.1
611005941,ke  ,ISC      ,6/13/2016,8:49:07 PM,26.4326,55.6781,11.3,,OMAN     ,ml    ,3.4
609348860,ke  ,ISC      ,6/15/2016,3:14:44 AM,26.7564,54.4009,10,TRUE,ISC      ,mb    ,3.5
611005946,ke  ,TEH      ,6/15/2016,7:29:47 AM,26.449,55.678,16.8,,TEH      ,ML    ,3.4
612651558,ke  ,DSN      ,6/16/2016,10:13:21 AM,26.9063,55.8492,10,,DSN      ,ML    ,2.8
611025894,ke  ,TEH      ,6/17/2016,12:56:56 PM,27.8,56.967,11.7,,TEH      ,ML    ,3
611099325,ke  ,OMAN     ,6/17/2016,9:21:38 PM,26.4416,56.5843,0.1,TRUE,OMAN     ,ml    ,2.5
612651559,ke  ,DSN      ,6/20/2016,2:47:58 PM,25.2931,55.7229,7,,DSN      ,ML    ,2.3
611099328,ke  ,OMAN     ,6/22/2016,3:55:51 AM,25.1072,56.2927,0,,OMAN     ,ml    ,1.7
612651560,ke  ,DSN      ,6/22/2016,8:37:29 PM,26.8493,56.0122,10,,DSN      ,ML    ,2.2
612651561,ke  ,DSN      ,6/23/2016,5:55:09 PM,27.1737,55.1257,10,,DSN      ,ML    ,2.6
611099331,ke  ,DSN      ,6/24/2016,1:14:40 AM,25.3306,55.7386,8.2,,DSN      ,ML    ,2.1
612651562,ke  ,DSN      ,6/24/2016,8:35:23 PM,27.8144,55.2744,10,,DSN      ,ML    ,2.6
611099332,ke  ,OMAN     ,6/26/2016,4:05:59 AM,25.1312,56.0881,0,,         ,      ,
611025906,ke  ,TEH      ,6/26/2016,5:28:23 AM,27.486,57.55,8,,TEH      ,ML    ,3.2
609062319,se  ,ISC      ,6/26/2016,5:38:58 AM,28.4863,57.1823,39.7,,ISC      ,mb    ,4.2
611025909,ke  ,TEH      ,6/27/2016,9:35:46 PM,28.086,57.557,17.7,,TEH      ,ML    ,3
611025914,ke  ,TEH      ,6/28/2016,6:49:09 PM,28.48,57.318,8,,TEH      ,ML    ,3
611025921,ke  ,TEH      ,7/2/2016,12:31:19 PM,27.232,57.938,12.4,,TEH      ,ML    ,3.2
611025923,ke  ,TEH      ,7/3/2016,5:28:40 PM,27.642,56.588,11.6,,TEH      ,ML    ,3.1
612651564,ke  ,DSN      ,7/6/2016,5:36:31 PM,26.4578,56.5617,10,,DSN      ,ML    ,1.9
612651565,ke  ,DSN      ,7/6/2016,9:42:46 PM,27.331,56.6838,10,,DSN      ,ML    ,2.5
609084399,se  ,ISC      ,7/6/2016,11:58:27 PM,27.6942,56.4005,18.6,,ISC      ,mb    ,5
612651566,ke  ,DSN      ,7/7/2016,2:00:23 AM,27.5712,57.5243,10,,DSN      ,ML    ,2.7
611099346,ke  ,OMAN     ,7/7/2016,5:42:42 AM,26.4341,56.6328,10,TRUE,OMAN     ,ml    ,2.1
612651567,ke  ,DSN      ,7/7/2016,8:07:00 PM,26.4548,56.504,10,,DSN      ,ML    ,2.5
612651568,ke  ,DSN      ,7/7/2016,10:44:06 PM,26.5571,56.4927,10,,DSN      ,ML    ,2.1
611099348,ke  ,OMAN     ,7/8/2016,12:42:21 AM,26.5311,56.6455,4,TRUE,OMAN     ,ml    ,2.2
611099349,ke  ,OMAN     ,7/8/2016,3:15:17 AM,26.3976,56.6462,6,,OMAN     ,ml    ,2.1
612651569,ke  ,DSN      ,7/9/2016,4:33:23 PM,26.9488,55.4661,10,,DSN      ,ML    ,2.4
611006033,ke  ,TEH      ,7/10/2016,2:48:07 AM,27.127,56.071,12,,TEH      ,ML    ,3.1
612651570,ke  ,DSN      ,7/10/2016,2:59:59 AM,27.2381,56.1073,10,,DSN      ,ML    ,2.8
611025929,ke  ,ISC      ,7/10/2016,10:38:47 PM,28.3707,51.9026,15,TRUE,TEH      ,ML    ,3.5
611025930,ke  ,ISC      ,7/10/2016,10:51:28 PM,28.3701,51.875,10,TRUE,TEH      ,ML    ,3.2
611006044,ke  ,ISC      ,7/11/2016,4:04:10 PM,28.3376,54.3758,10,TRUE,TEH      ,ML    ,3.2
612651571,ke  ,DSN      ,7/12/2016,7:09:29 PM,27.8708,56.0576,10,,DSN      ,ML    ,2.8
609144783,ke  ,ISC      ,7/12/2016,10:43:06 PM,26.9009,54.8599,14.6,,ISC      ,mb    ,4
609383644,se  ,ISC      ,7/14/2016,4:17:59 PM,27.7225,56.4626,18,TRUE,ISC      ,mb    ,3.8
611099359,ke  ,OMAN     ,7/15/2016,6:07:37 AM,27.6766,56.8466,25,TRUE,         ,      ,
609383714,ke  ,ISC      ,7/16/2016,2:46:19 AM,27.9316,54.911,10,TRUE,ISC      ,mb    ,3.8
611025936,ke  ,TEH      ,7/16/2016,10:30:37 AM,28.268,56.605,8.9,,TEH      ,ML    ,3.2
611025938,ke  ,TEH      ,7/17/2016,10:09:20 AM,28.219,56.562,19.4,,TEH      ,ML    ,3.1
611025939,ke  ,TEH      ,7/18/2016,2:38:27 AM,28.255,56.549,15.8,,TEH      ,ML    ,3.1
612651574,ke  ,DSN      ,7/19/2016,4:22:26 AM,26.9476,54.9833,10,,DSN      ,ML    ,2.9
611099366,ke  ,OMAN     ,7/19/2016,5:13:50 AM,26.849,54.8512,10,TRUE,OMAN     ,ml    ,3.1
611006096,ke  ,TEH      ,7/20/2016,8:43:36 AM,27.731,56.467,9.1,,TEH      ,ML    ,3.2
611099369,ke  ,OMAN     ,7/21/2016,1:45:59 AM,25.9605,56.0595,0.1,TRUE,OMAN     ,ml    ,0.8
609374437,se  ,ISC      ,7/24/2016,1:26:35 PM,28.098,57.5967,27.7,,ISC      ,mb    ,4.1
609329687,se  ,ISC      ,7/26/2016,10:10:41 AM,27.6913,54.7302,15.4,,ISC      ,mb    ,4.2
609262217,se  ,ISC      ,7/26/2016,10:24:48 AM,27.6804,54.6235,25,TRUE,ISC      ,mb    ,4.2
611025954,ke  ,ISC      ,7/27/2016,8:34:31 PM,27.737,54.7745,10,TRUE,DSN      ,ML    ,3.3
611099379,ke  ,OMAN     ,7/31/2016,11:04:23 PM,25.1387,57.983,30.3,,OMAN     ,ml    ,2.1
611025965,ke  ,TEH      ,8/1/2016,10:26:14 PM,27.642,56.632,17.1,,TEH      ,ML    ,3.2
611025970,ke  ,ISC      ,8/6/2016,8:22:07 PM,26.9986,55.2129,0.7,,DSN      ,ML    ,3
611099387,ke  ,OMAN     ,8/8/2016,3:01:45 AM,25.318,56.0545,0.1,TRUE,OMAN     ,ml    ,1.4
611025975,ke  ,TEH      ,8/9/2016,5:46:19 AM,28.408,57.068,16.6,,TEH      ,ML    ,3.1
611025976,ke  ,TEH      ,8/9/2016,6:24:21 AM,28.418,56.995,14,,TEH      ,ML    ,3.1
609521610,ke  ,ISC      ,8/9/2016,7:29:19 AM,26.597,54.8135,30.9,,ISC      ,mb    ,3.6
611006222,ke  ,TEH      ,8/10/2016,3:06:04 PM,28.396,57.064,14,,TEH      ,ML    ,3.4
612651589,ke  ,DSN      ,8/11/2016,9:07:46 AM,26.1857,56.4661,10,,DSN      ,ML    ,2
611099397,ke  ,OMAN     ,8/17/2016,4:29:35 AM,25.0956,56.0369,0,,OMAN     ,ml    ,1.6
611099402,ke  ,OMAN     ,8/19/2016,1:36:03 AM,26.5539,55.6146,17.9,,OMAN     ,ml    ,2.5
612651592,ke  ,DSN      ,8/19/2016,7:11:18 PM,26.9136,55.9146,10,,DSN      ,ML    ,2.6
609371311,ke  ,ISC      ,8/21/2016,7:43:03 AM,27.1291,54.4313,12.7,,ISC      ,mb    ,4.5
611025993,ke  ,TEH      ,8/21/2016,8:00:12 AM,27.219,54.51,10.7,,TEH      ,ML    ,3.3
611099405,ke  ,OMAN     ,8/22/2016,3:23:31 AM,25.6537,56.2395,3.9,,OMAN     ,ml    ,2.3
611026002,ke  ,ISC      ,8/25/2016,5:23:08 AM,27.9396,54.7258,17,TRUE,DSN      ,ML    ,3.2
612651597,ke  ,DSN      ,8/25/2016,5:30:18 AM,26.983,57.6081,10,,DSN      ,ML    ,2.7
611026011,ke  ,TEH      ,8/30/2016,12:43:43 PM,27.934,56.888,10.5,,TEH      ,ML    ,3.2
611099413,ke  ,OMAN     ,8/31/2016,5:23:56 AM,25.1103,56.0634,0,,OMAN     ,ml    ,1.6
611026019,ke  ,TEH      ,9/3/2016,12:09:30 AM,28.02,56.996,17.4,,TEH      ,ML    ,3.4
612651607,ke  ,DSN      ,9/8/2016,3:25:46 PM,26.3441,54.8332,10,,DSN      ,ML    ,2.8
611026027,ke  ,TEH      ,9/9/2016,1:09:58 PM,27.263,54.664,10.8,,TEH      ,ML    ,3
611099417,ke  ,OMAN     ,9/10/2016,4:16:20 AM,25.4385,56.0086,0,TRUE,OMAN     ,ml    ,1.3
611026029,ke  ,TEH      ,9/10/2016,10:19:36 AM,26.968,54.164,5,,TEH      ,ML    ,3
611026030,ke  ,TEH      ,9/10/2016,11:10:26 AM,26.794,57.984,12,,TEH      ,ML    ,3.1
611006394,ke  ,ISC      ,9/12/2016,8:49:31 PM,27.4209,53.9792,2.2,,TEH      ,ML    ,3.1
611026037,ke  ,TEH      ,9/15/2016,10:36:04 AM,28.262,57.289,11.4,,TEH      ,ML    ,3.4
612651609,ke  ,DSN      ,9/17/2016,1:41:04 AM,27.3417,55.8112,10,,DSN      ,ML    ,2.8
612651611,ke  ,DSN      ,9/19/2016,9:53:52 PM,27.3333,56.3216,10,,DSN      ,ML    ,2.9
611006465,ke  ,ISC      ,9/22/2016,3:39:50 PM,28.3615,57.1737,31,TRUE,TEH      ,ML    ,3.3
611099437,ke  ,OMAN     ,9/25/2016,6:28:31 PM,28.6618,55.7368,4.9,,         ,      ,
611099438,ke  ,OMAN     ,9/25/2016,7:54:30 PM,27.1329,56.044,10,TRUE,OMAN     ,ml    ,3
609563659,ke  ,ISC      ,9/25/2016,8:37:57 PM,28.3315,56.2306,10,TRUE,ISC      ,mb    ,3.8
611099439,ke  ,OMAN     ,9/26/2016,12:18:26 AM,28.6782,56.3812,4.4,,OMAN     ,mb    ,4.7
611099440,ke  ,OMAN     ,9/26/2016,4:04:21 AM,25.2943,56.0935,0.1,TRUE,OMAN     ,ml    ,0.7
611026057,ke  ,TEH      ,9/26/2016,8:49:00 AM,27.835,54.007,8.3,,TEH      ,ML    ,3.1
611026058,ke  ,ISC      ,9/26/2016,6:05:09 PM,27.1984,54.8282,17,TRUE,DSN      ,ML    ,3.1
611006504,ke  ,TEH      ,9/28/2016,1:29:52 AM,26.563,56.867,16,,TEH      ,ML    ,3.2
612651616,ke  ,DSN      ,9/29/2016,2:41:21 AM,25.3193,56.3,0,,DSN      ,ML    ,2
609914359,ke  ,ISC      ,9/29/2016,4:10:00 PM,27.8256,54.0236,26,TRUE,TEH      ,ML    ,3.4
609914361,ke  ,ISC      ,9/29/2016,4:25:30 PM,26.7491,54.3259,10,TRUE,ISC      ,mb    ,4
609914549,ke  ,ISC      ,10/1/2016,4:19:16 AM,27.9292,57.9667,12.6,,DSN      ,ML    ,3.8
609914564,ke  ,ISC      ,10/1/2016,8:20:17 AM,28.2557,56.5312,10,TRUE,ISC      ,mb    ,3.9
611026064,ke  ,TEH      ,10/2/2016,2:39:36 AM,27.881,57.601,19.5,,TEH      ,ML    ,3.2
612651618,ke  ,DSN      ,10/2/2016,5:46:33 PM,26.9841,56.1234,10,,DSN      ,ML    ,2.9
611099456,ke  ,OMAN     ,10/5/2016,3:44:58 AM,25.0644,56.1044,0.1,TRUE,OMAN     ,ml    ,1.6
611099457,ke  ,OMAN     ,10/5/2016,5:01:48 AM,25.1232,56.2279,0.1,TRUE,OMAN     ,ml    ,1.6
609914818,ke  ,ISC      ,10/5/2016,7:51:52 PM,26.3737,58.6133,10,TRUE,ISC      ,mb    ,4
612651966,ke  ,DSN      ,10/7/2016,8:47:22 AM,27.501,56.3527,10,,DSN      ,ML    ,2.4
611099464,ke  ,OMAN     ,10/7/2016,3:03:34 PM,26.1451,57.6297,10,TRUE,OMAN     ,ml    ,2.5
609914954,ke  ,ISC      ,10/8/2016,5:58:59 AM,27.7956,57.661,10,TRUE,ISC      ,mb    ,3.7
611006570,ke  ,TEH      ,10/9/2016,2:22:01 AM,26.612,55.471,15.3,,TEH      ,ML    ,3
612651969,ke  ,DSN      ,10/9/2016,5:57:32 PM,27.6564,56.0542,10,,DSN      ,ML    ,2.9
609631466,ke  ,ISC      ,10/10/2016,2:11:00 PM,28.2067,55.2293,10,TRUE,ISC      ,mb    ,3.4
611026078,ke  ,TEH      ,10/12/2016,11:45:00 PM,27.189,54.195,7.4,,TEH      ,ML    ,3
611006639,ke  ,TEH      ,10/18/2016,4:50:05 AM,27.049,57.792,20,,TEH      ,ML    ,3.1
611116344,ke  ,OMAN     ,10/21/2016,6:59:29 PM,26.558,56.5493,5.1,,OMAN     ,ml    ,2.5
611116345,ke  ,ISC      ,10/21/2016,9:27:11 PM,26.0028,54.4359,3.4,,DSN      ,ML    ,3.2
611026093,ke  ,TEH      ,10/21/2016,10:46:32 PM,28.51,55.839,8,,TEH      ,ML    ,3
611006660,ke  ,TEH      ,10/22/2016,5:37:59 AM,28.511,56.974,11.8,,TEH      ,ML    ,3.3
611026094,ke  ,TEH      ,10/22/2016,5:46:46 AM,28.553,56.955,7.9,,TEH      ,ML    ,3.3
609915955,ke  ,ISC      ,10/22/2016,5:49:34 AM,28.4881,56.9024,31,TRUE,ISC      ,mb    ,3.7
611006661,ke  ,TEH      ,10/22/2016,6:11:38 AM,28.52,56.992,12,,TEH      ,ML    ,3.3
609915988,ke  ,ISC      ,10/22/2016,10:42:57 PM,26.2854,57.4358,2.9,,ISC      ,mb    ,3.7
609916387,ke  ,ISC      ,10/29/2016,9:32:22 AM,28.4874,55.7328,22,TRUE,ISC      ,mb    ,3.6
615008053,ke  ,DSN      ,11/3/2016,4:17:56 AM,27.2303,55.7608,10,,DSN      ,ML    ,2.5
615014100,ke  ,DSN      ,11/5/2016,1:41:06 PM,27.0635,56.031,3,,DSN      ,ML    ,3
615014509,ke  ,TEH      ,11/5/2016,5:28:22 PM,27.918,57.695,24.2,,TEH      ,ML    ,3.4
615015473,ke  ,TEH      ,11/6/2016,9:08:13 AM,28.128,55.958,8,,TEH      ,ML    ,3.2
615015716,ke  ,DSN      ,11/6/2016,9:45:19 AM,26.5766,56.2167,0,,DSN      ,ML    ,2.6
615023265,se  ,ISC      ,11/9/2016,1:05:31 AM,28.1847,57.443,30,TRUE,ISC      ,mb    ,3.7
615023434,se  ,ISC      ,11/9/2016,1:15:23 AM,28.129,57.4471,30,TRUE,ISC      ,mb    ,4.4
615023011,ke  ,TEH      ,11/9/2016,1:26:55 AM,28.306,57.391,8,,TEH      ,ML    ,3.1
615023693,ke  ,ISC      ,11/9/2016,2:59:58 AM,28.1989,57.4696,30.4,,TEH      ,ML    ,3.2
615023289,ke  ,OMAN     ,11/9/2016,5:14:31 AM,25.1109,56.0576,0,TRUE,OMAN     ,ml    ,1.5
615026276,ke  ,ISC      ,11/10/2016,2:33:43 PM,28.844,57.3013,10,TRUE,TEH      ,ML    ,3.1
615027442,ke  ,OMAN     ,11/10/2016,2:53:24 PM,27.4142,55.0837,10,TRUE,OMAN     ,ml    ,2.2
615030674,ke  ,ISC      ,11/12/2016,2:41:57 AM,28.8641,57.2267,10,TRUE,TEH      ,ML    ,3
615040668,ke  ,ISC      ,11/16/2016,11:01:52 PM,27.55,55.6996,19.2,,ISC      ,mb    ,3.9
615044225,ke  ,DSN      ,11/17/2016,8:07:38 PM,26.9219,56.1286,3,,DSN      ,ML    ,2
615069241,ke  ,OMAN     ,11/24/2016,4:47:10 PM,28.3647,57.1344,114.4,,OMAN     ,ml    ,3.3
615078915,ke  ,OMAN     ,11/27/2016,3:38:06 AM,27.7179,57.9562,33.6,,OMAN     ,ml    ,2.6
615084355,ke  ,OMAN     ,11/29/2016,4:22:05 PM,26.1533,57.4541,61.8,,OMAN     ,ml    ,2.1
615089340,ke  ,OMAN     ,11/30/2016,5:31:31 AM,25.1237,56.0195,0.1,,OMAN     ,ml    ,1.6
612667583,ke  ,DSN      ,12/5/2016,3:31:16 AM,25.3246,56.0515,0,,DSN      ,ML    ,1.4
612667584,ke  ,DSN      ,12/5/2016,3:33:31 AM,25.3684,56.018,0,,DSN      ,ML    ,1.8
612667585,ke  ,DSN      ,12/5/2016,3:40:17 PM,26.9219,56.1894,10,,DSN      ,ML    ,2.3
611118031,ke  ,OMAN     ,12/5/2016,7:45:08 PM,27.2857,56.3674,29.5,,OMAN     ,ml    ,2.6
611118124,ke  ,OMAN     ,12/7/2016,3:37:00 AM,25.2948,55.8627,0,,OMAN     ,ml    ,1.4
611118125,ke  ,OMAN     ,12/7/2016,4:03:45 AM,25.9523,56.1596,0,TRUE,OMAN     ,ml    ,1.3
610120145,ke  ,ISC      ,12/9/2016,4:06:08 PM,26.1812,54.9574,14.9,,ISC      ,mb    ,3.5
609869753,se  ,ISC      ,12/10/2016,5:07:55 PM,28.3207,57.1358,10,TRUE,ISC      ,mb    ,4
612667590,ke  ,DSN      ,12/11/2016,2:52:00 AM,26.3181,54.9605,8,,DSN      ,ML    ,2.8
611026160,ke  ,TEH      ,12/12/2016,2:24:44 AM,28.072,54.991,17.1,,TEH      ,ML    ,3.1
610120517,ke  ,ISC      ,12/12/2016,4:56:51 AM,27.1431,56.5537,49.6,,ISC      ,mb    ,3.9
611118432,ke  ,OMAN     ,12/13/2016,7:35:17 PM,27.1165,57.563,10,TRUE,OMAN     ,ml    ,3.1
610120647,ke  ,ISC      ,12/14/2016,12:46:36 AM,27.1528,54.0721,19,TRUE,ISC      ,mb    ,3.7
611118442,ke  ,OMAN     ,12/14/2016,4:30:14 AM,25.1991,55.9973,0,TRUE,OMAN     ,ml    ,1.4
611118446,ke  ,OMAN     ,12/14/2016,6:32:33 AM,25.126,55.9964,0.1,TRUE,OMAN     ,ml    ,1.4
611118456,ke  ,OMAN     ,12/14/2016,9:03:38 AM,26.1165,57.2951,15,TRUE,OMAN     ,ml    ,1.7
611118598,ke  ,OMAN     ,12/18/2016,4:59:56 AM,25.2277,56.0639,0,TRUE,OMAN     ,ml    ,1.5
611026177,ke  ,TEH      ,12/19/2016,10:41:52 AM,28.112,55.87,20,,TEH      ,ML    ,3.3
611118657,ke  ,OMAN     ,12/20/2016,4:37:12 AM,25.0655,56.1034,0.5,TRUE,OMAN     ,ml    ,1.4
611118838,ke  ,OMAN     ,12/25/2016,3:55:54 AM,25.051,56.2765,0.1,TRUE,OMAN     ,ml    ,1.1
611118839,ke  ,OMAN     ,12/25/2016,5:33:10 AM,25.1776,56.2266,0.1,TRUE,OMAN     ,ml    ,0.8
611118869,ke  ,OMAN     ,12/26/2016,5:52:51 AM,26.1364,57.4303,20.6,,OMAN     ,ml    ,2.2
611118891,ke  ,OMAN     ,12/26/2016,11:09:38 AM,25.9146,57.2863,10.4,,OMAN     ,ml    ,2.1
611015280,ke  ,ISC      ,12/26/2016,6:08:37 PM,27.0909,54.3998,2.4,,DSN      ,ML    ,3.5
611026191,ke  ,TEH      ,12/27/2016,2:44:52 AM,26.632,56.925,19.3,,TEH      ,ML    ,3
611118900,ke  ,OMAN     ,12/27/2016,4:51:49 AM,25.5708,56.0676,0.1,TRUE,OMAN     ,ml    ,1.5
611118904,ke  ,OMAN     ,12/27/2016,5:37:45 AM,25.1715,56.0865,0,TRUE,OMAN     ,ml    ,1.2
611015292,ke  ,ISC      ,12/27/2016,12:18:39 PM,28.1484,57.3539,30,TRUE,DSN      ,ML    ,3.6
609942741,se  ,ISC      ,12/27/2016,12:26:37 PM,28.1566,57.3281,10,TRUE,ISC      ,mb    ,4.3
611831406,se  ,ISC      ,12/27/2016,12:41:27 PM,28.1472,57.3351,18.1,,ISC      ,mb    ,4.5
610113823,se  ,ISC      ,12/27/2016,12:42:58 PM,28.1565,57.3994,10,TRUE,ISC      ,mb    ,4.2
611026192,ke  ,TEH      ,12/27/2016,12:47:45 PM,28.208,57.391,7.1,,TEH      ,ML    ,3.2
610113873,ke  ,ISC      ,12/27/2016,8:53:55 PM,28.1525,57.3667,28,,ISC      ,mb    ,3.6
611118932,ke  ,OMAN     ,12/28/2016,4:00:11 AM,25.5447,56.2021,0.6,TRUE,OMAN     ,ml    ,1
611118933,ke  ,OMAN     ,12/28/2016,4:01:38 AM,25.5381,56.0105,0.4,TRUE,OMAN     ,ml    ,1.4
610113888,ke  ,ISC      ,12/28/2016,6:20:51 AM,27.759,57.6352,10,TRUE,ISC      ,mb    ,3.8
612667594,ke  ,DSN      ,12/28/2016,6:32:17 PM,26.1259,56.2396,6.5,,DSN      ,ML    ,1.6
611118957,ke  ,OMAN     ,12/29/2016,3:53:51 AM,25.1044,56.3016,0,TRUE,OMAN     ,ml    ,1.5
611118961,ke  ,OMAN     ,12/29/2016,5:34:03 AM,25.1136,56.147,0.2,TRUE,OMAN     ,ml    ,1
615296307,ke  ,ISC      ,1/1/2017,9:07:26 PM,26.9878,53.8818,19,TRUE,TEH      ,ML    ,2.8
610236426,ke  ,ISC      ,1/1/2017,10:28:42 PM,28.1749,57.3038,17.8,,ISC      ,mb    ,3.8
610236565,ke  ,ISC      ,1/3/2017,2:14:15 PM,27.0185,54.6715,18,TRUE,ISC      ,mb    ,3.5
615316396,ke  ,ISC      ,1/4/2017,6:42:17 AM,26.5512,55.113,10.2,,DSN      ,ML    ,2.9
615296329,ke  ,ISC      ,1/4/2017,5:57:52 PM,28.409,57.3371,43,TRUE,TEH      ,ML    ,3
615390954,ke  ,TEH      ,1/5/2017,3:06:53 PM,27.585,56.602,16,,TEH      ,ML    ,2.6
615390966,ke  ,TEH      ,1/7/2017,11:29:08 PM,27.212,54.981,8.2,,TEH      ,ML    ,3.2
615391456,ke  ,TEH      ,1/9/2017,8:11:59 AM,28.06,57.216,12,,TEH      ,ML    ,2.9
615296363,ke  ,ISC      ,1/9/2017,9:53:33 PM,28.4716,57.5953,43,TRUE,TEH      ,ML    ,2.7
615391474,ke  ,TEH      ,1/10/2017,1:26:49 AM,27.78,57.171,10,,TEH      ,ML    ,2.8
615296370,ke  ,ISC      ,1/10/2017,5:28:06 PM,27.5772,56.6823,13.4,,TEH      ,ML    ,2.9
615296383,ke  ,ISC      ,1/13/2017,10:07:18 AM,27.4575,57.9049,27.2,,DSN      ,ML    ,3.2
615392337,ke  ,TEH      ,1/13/2017,10:27:32 AM,28.93,55.437,10,,TEH      ,ML    ,2.6
615392352,ke  ,TEH      ,1/14/2017,8:43:02 AM,28.146,57.361,17.3,TRUE,TEH      ,ML    ,2.8
615392354,ke  ,TEH      ,1/14/2017,6:45:48 PM,27.763,55.27,7.7,,TEH      ,ML    ,3
615392367,ke  ,TEH      ,1/15/2017,4:26:24 PM,28.369,56.068,10,,TEH      ,ML    ,2.7
615392368,ke  ,TEH      ,1/15/2017,4:28:19 PM,28.391,55.707,9,,TEH      ,ML    ,3.2
615392369,ke  ,TEH      ,1/15/2017,4:36:57 PM,28.35,55.656,11.6,,TEH      ,ML    ,3
615392370,ke  ,TEH      ,1/15/2017,4:41:12 PM,28.434,55.473,8,TRUE,TEH      ,ML    ,2.9
615392371,ke  ,TEH      ,1/15/2017,5:51:12 PM,28.37,55.676,10.7,,TEH      ,ML    ,3.1
615392372,ke  ,TEH      ,1/15/2017,10:13:22 PM,28.374,55.669,9.2,,TEH      ,ML    ,3.1
615392392,ke  ,TEH      ,1/16/2017,1:00:02 PM,28.389,56.256,7.8,,TEH      ,ML    ,2.9
615392412,ke  ,TEH      ,1/17/2017,3:18:27 AM,28.374,57.155,10,,TEH      ,ML    ,2.8
610237564,ke  ,ISC      ,1/17/2017,3:50:26 AM,28.2843,57.2379,13.2,,ISC      ,mb    ,3.6
615392415,ke  ,TEH      ,1/17/2017,1:45:24 PM,27.496,57.455,20.3,,TEH      ,ML    ,2.8
615296445,ke  ,TEH      ,1/22/2017,6:07:51 PM,29.185,56.627,18.4,,TEH      ,ML    ,3
610235299,ke  ,ISC      ,1/25/2017,5:35:02 AM,28.4135,57.0209,31,TRUE,ISC      ,mb    ,3.8
615392552,ke  ,TEH      ,1/25/2017,5:36:03 AM,28.436,56.998,8,,TEH      ,ML    ,3.8
611831651,se  ,ISC      ,1/25/2017,5:41:41 AM,28.4729,56.9927,10,TRUE,ISC      ,mb    ,4.8
615392553,ke  ,TEH      ,1/25/2017,6:06:10 AM,28.554,57.009,9,TRUE,TEH      ,ML    ,2.6
615392556,ke  ,TEH      ,1/25/2017,12:36:44 PM,28.528,57.067,10,,TEH      ,ML    ,2.8
615296472,ke  ,ISC      ,1/26/2017,1:10:49 PM,29.1461,56.6818,10,TRUE,TEH      ,ML    ,3.1
615296477,ke  ,ISC      ,1/26/2017,11:49:38 PM,29.1528,56.6925,10,TRUE,TEH      ,ML    ,2.9
615392621,ke  ,TEH      ,1/28/2017,3:53:55 PM,28.457,57.279,8,,TEH      ,ML    ,2.6
615392623,ke  ,TEH      ,1/28/2017,5:32:07 PM,28.43,57.341,14.1,,TEH      ,ML    ,3.3
615392624,ke  ,TEH      ,1/28/2017,10:11:25 PM,27.726,54.004,11.5,,TEH      ,ML    ,2.9
615296495,ke  ,TEH      ,1/29/2017,1:58:52 AM,29.264,56.665,21.6,,TEH      ,ML    ,3.1
615380629,ke  ,OMAN     ,1/29/2017,11:21:51 PM,26.9523,55.9032,10,TRUE,OMAN     ,ml    ,2.1
615380630,ke  ,OMAN     ,1/31/2017,12:03:19 AM,26.0069,57.2477,10,TRUE,OMAN     ,ml    ,2.1
615392674,ke  ,TEH      ,1/31/2017,5:52:19 PM,28.454,57.298,10,,TEH      ,ML    ,2.7
615380631,ke  ,OMAN     ,1/31/2017,10:17:03 PM,26.3992,57.2073,10,TRUE,OMAN     ,ml    ,2.4
615316736,ke  ,DSN      ,2/1/2017,5:02:06 AM,25.0415,55.9673,0,,DSN      ,ML    ,2
615380633,ke  ,OMAN     ,2/2/2017,8:01:47 AM,26.1993,57.1742,10,TRUE,OMAN     ,ml    ,2.8
615392685,ke  ,TEH      ,2/3/2017,10:37:55 AM,28.284,57.497,10,,TEH      ,ML    ,2.6
610414747,ke  ,ISC      ,2/3/2017,3:33:50 PM,27.6251,56.7353,18,TRUE,ISC      ,mb    ,3.7
610414788,ke  ,ISC      ,2/4/2017,6:17:17 AM,28.1285,57.4046,26.3,,ISC      ,mb    ,3.7
615392690,ke  ,TEH      ,2/4/2017,6:19:32 AM,28.247,57.357,8,TRUE,TEH      ,ML    ,2.7
615380782,ke  ,OMAN     ,2/7/2017,12:34:44 AM,25.2432,56.7751,33.2,,OMAN     ,ml    ,1.6
615392704,ke  ,TEH      ,2/8/2017,7:56:47 PM,28.569,57.272,8,,TEH      ,ML    ,2.6
610243788,ke  ,ISC      ,2/9/2017,1:15:27 PM,28.1866,55.2092,26,TRUE,ISC      ,mb    ,3.5
610415184,ke  ,ISC      ,2/9/2017,4:56:37 PM,28.3902,54.0621,24,TRUE,ISC      ,mb    ,3.6
615386087,ke  ,TEH      ,2/12/2017,10:46:05 AM,28.434,54.161,7.4,,TEH      ,ML    ,3
615386092,ke  ,TEH      ,2/13/2017,5:53:11 PM,27.544,57.528,10,,TEH      ,ML    ,2.5
610415646,ke  ,ISC      ,2/16/2017,7:45:45 PM,28.1185,55.7181,22,TRUE,ISC      ,mb    ,3.6
615386108,ke  ,TEH      ,2/17/2017,12:47:09 AM,27.978,56.857,11.3,,TEH      ,ML    ,3.2
615316877,ke  ,OMAN     ,2/17/2017,11:33:17 AM,26.242,55.5465,28.7,,OMAN     ,ml    ,2.3
610384785,ke  ,ISC      ,2/22/2017,1:57:18 AM,27.9475,57.718,32.8,,ISC      ,mb    ,3.7
615296642,ke  ,ISC      ,2/23/2017,1:57:22 AM,26.9918,56.1865,9.8,,OMAN     ,ml    ,3
615386153,ke  ,TEH      ,2/25/2017,10:27:04 AM,27.934,56.402,8.1,,TEH      ,ML    ,2.6
615296687,ke  ,TEH      ,2/25/2017,5:39:02 PM,27.23,57.876,20,,TEH      ,ML    ,3.2
615386191,ke  ,TEH      ,2/28/2017,12:25:19 AM,27.233,54.253,8.9,,TEH      ,ML    ,2.6
615386228,ke  ,TEH      ,3/5/2017,12:30:17 AM,27.306,54.499,14.3,,TEH      ,ML    ,2.9
615296738,ke  ,TEH      ,3/5/2017,2:50:24 PM,26.738,54.018,12,,TEH      ,ML    ,3.2
615386227,ke  ,ISC      ,3/5/2017,6:06:34 PM,26.9124,56.0119,4.5,,TEH      ,ML    ,2.8
615386240,ke  ,TEH      ,3/8/2017,5:00:10 AM,28.301,57.173,20,,TEH      ,ML    ,3.2
615386245,ke  ,ISC      ,3/9/2017,12:41:10 AM,26.938,55.3874,21,,TEH      ,ML    ,2.7
615386269,ke  ,TEH      ,3/12/2017,5:25:03 AM,27.021,57.554,8,,TEH      ,ML    ,2.6
615386273,ke  ,TEH      ,3/13/2017,5:11:16 AM,27.378,56.136,7.8,,TEH      ,ML    ,3.1
615386276,ke  ,TEH      ,3/13/2017,6:51:54 AM,28.152,57.603,6.5,,TEH      ,ML    ,3
615296799,ke  ,ISC      ,3/14/2017,8:42:57 PM,29.0218,57.1339,10,TRUE,TEH      ,ML    ,2.5
610546275,ke  ,ISC      ,3/15/2017,9:56:45 PM,28.0904,54.2926,10,TRUE,IDC      ,mb    ,3.6
615386293,ke  ,TEH      ,3/15/2017,10:53:49 PM,28.376,55.623,8.6,,TEH      ,ML    ,3.1
615386302,ke  ,TEH      ,3/17/2017,9:18:52 AM,27.454,57.775,5,TRUE,TEH      ,ML    ,3
615386307,ke  ,TEH      ,3/17/2017,2:21:51 PM,28.495,57.207,11,,TEH      ,ML    ,3.2
615386314,ke  ,TEH      ,3/19/2017,3:52:02 PM,27.387,56.351,10,,TEH      ,ML    ,2.9
615296834,ke  ,TEH      ,3/19/2017,4:09:48 PM,28.083,57.75,18,,TEH      ,ML    ,3.2
615386318,ke  ,TEH      ,3/20/2017,11:44:47 PM,27.983,57.105,14,,TEH      ,ML    ,3.3
615386324,ke  ,TEH      ,3/21/2017,7:30:48 AM,28.388,54.979,8,,TEH      ,ML    ,3.4
615386325,ke  ,TEH      ,3/21/2017,7:50:16 AM,28.323,54.947,14.5,,TEH      ,ML    ,3.5
615386328,ke  ,TEH      ,3/21/2017,6:09:34 PM,27.072,54.228,8,,TEH      ,ML    ,3.1
610543418,ke  ,ISC      ,3/21/2017,6:15:53 PM,28.0033,57.5613,51.6,,ISC      ,mb    ,3.6
610543439,ke  ,ISC      ,3/22/2017,2:48:44 AM,28.3878,55.4974,22,TRUE,ISC      ,mb    ,3.4
615296862,ke  ,ISC      ,3/23/2017,3:23:02 PM,26.8514,55.4305,10.6,,DSN      ,ML    ,3.1
615386342,ke  ,TEH      ,3/24/2017,11:33:38 AM,28.785,54.595,11.1,,TEH      ,ML    ,3.2
615296869,ke  ,ISC      ,3/24/2017,7:25:31 PM,26.8446,55.9191,14,TRUE,TEH      ,ML    ,2.6
610434911,se  ,ISC      ,3/25/2017,7:38:38 AM,28.316,57.1794,17.3,,ISC      ,mb    ,4.4
615296914,ke  ,TEH      ,3/30/2017,4:36:11 AM,27.595,56.553,10,,TEH      ,ML    ,2.8
615317212,ke  ,ISC      ,3/30/2017,12:29:48 PM,26.8716,55.0919,10.6,,DSN      ,ML    ,2.8
615296925,ke  ,ISC      ,3/31/2017,9:19:29 AM,27.7642,58.1267,10,TRUE,TEH      ,ML    ,2.8
615386386,ke  ,TEH      ,4/2/2017,3:33:35 AM,28.954,57.867,7.9,,TEH      ,ML    ,2.5
615386387,ke  ,TEH      ,4/2/2017,6:28:02 AM,27.055,54.238,20.6,,TEH      ,ML    ,2.5
615296938,ke  ,ISC      ,4/2/2017,11:10:01 PM,27.3704,56.4848,6.8,,TEH      ,ML    ,2.7
615317242,ke  ,DSN      ,4/3/2017,12:49:45 PM,25.2509,56.1736,5.2,,DSN      ,ML    ,1.7
615296941,ke  ,ISC      ,4/3/2017,4:12:43 PM,26.5715,54.5236,13.3,,DSN      ,ML    ,3.4
615296942,ke  ,ISC      ,4/3/2017,4:55:05 PM,27.3417,56.3413,3.2,,TEH      ,ML    ,3.6
615386394,ke  ,OMAN     ,4/4/2017,1:30:43 AM,26.2456,57.9187,10,TRUE,OMAN     ,ml    ,1.7
615386412,ke  ,TEH      ,4/4/2017,5:29:00 PM,27.341,56.391,10,,TEH      ,ML    ,2.8
615386643,ke  ,TEH      ,4/9/2017,5:41:24 PM,28.022,57.325,20,,TEH      ,ML    ,3
615317317,ke  ,DSN      ,4/10/2017,10:38:47 AM,27.5527,56.3558,10,,DSN      ,ML    ,2.6
615386668,ke  ,ISC      ,4/10/2017,8:58:32 PM,28.2,55.8058,10,TRUE,DSN      ,ML    ,3.1
615386680,ke  ,TEH      ,4/11/2017,9:23:27 AM,28.029,56.841,10,,TEH      ,ML    ,2.6
615386705,ke  ,TEH      ,4/13/2017,6:54:50 AM,28.406,57.286,8,,TEH      ,ML    ,2.8
615297261,ke  ,TEH      ,4/13/2017,7:01:34 PM,27.094,54.124,11.8,,TEH      ,ML    ,3
615297264,ke  ,ISC      ,4/14/2017,5:04:11 PM,27.6415,56.7094,16.6,,TEH      ,ML    ,2.8
615374467,ke  ,OMAN     ,4/15/2017,2:27:35 AM,26.1305,57.2303,10,TRUE,OMAN     ,ml    ,2.2
610652775,ke  ,ISC      ,4/15/2017,4:37:22 AM,26.9368,54.9077,15.9,,ISC      ,mb    ,3.8
610598368,ke  ,ISC      ,4/15/2017,7:13:08 AM,27.6331,56.5609,13,,ISC      ,mb    ,3.8
610652786,ke  ,ISC      ,4/15/2017,9:32:45 AM,26.5155,54.2795,15.3,,ISC      ,mb    ,3.4
615386732,ke  ,TEH      ,4/16/2017,3:15:14 PM,28.499,57.191,8.4,,TEH      ,ML    ,2.8
615386746,ke  ,TEH      ,4/17/2017,3:20:44 PM,27.728,54.985,10,,TEH      ,ML    ,2.7
615297296,ke  ,ISC      ,4/17/2017,4:43:52 PM,28.8907,56.1376,10,TRUE,TEH      ,ML    ,2.8
615297299,ke  ,ISC      ,4/17/2017,11:14:56 PM,26.7718,56.5974,8.3,,TEH      ,ML    ,3.5
615297302,ke  ,TEH      ,4/18/2017,12:56:13 AM,28.12,57.291,18.4,,TEH      ,ML    ,3.3
615297303,ke  ,ISC      ,4/18/2017,1:20:05 AM,27.0835,56.6525,11.2,,TEH      ,ML    ,2.9
615297330,ke  ,TEH      ,4/21/2017,9:26:21 AM,28.056,56.472,8.2,,TEH      ,ML    ,3.2
615386778,ke  ,TEH      ,4/22/2017,7:40:22 AM,27.907,54.882,16.5,,TEH      ,ML    ,3.2
610653252,ke  ,ISC      ,4/22/2017,8:44:33 AM,27.8963,54.8416,10,TRUE,ISC      ,mb    ,3.7
610653258,ke  ,ISC      ,4/22/2017,9:58:20 AM,27.8985,54.8591,10,TRUE,ISC      ,mb    ,3.8
615386783,ke  ,TEH      ,4/22/2017,8:28:34 PM,27.945,54.848,10,,TEH      ,ML    ,2.6
615386792,ke  ,TEH      ,4/23/2017,2:44:40 PM,28.495,57.254,8,,TEH      ,ML    ,2.5
615386805,ke  ,TEH      ,4/25/2017,12:40:01 PM,28.473,57.217,8,,TEH      ,ML    ,3.2
610650192,ke  ,ISC      ,4/28/2017,5:07:08 AM,27.4978,56.9614,10,TRUE,ISC      ,mb    ,3.7
610598465,se  ,ISC      ,4/28/2017,1:00:45 PM,27.8321,54.8034,16,,ISC      ,mb    ,4.2
610650292,ke  ,ISC      ,4/29/2017,8:28:52 AM,27.6707,54.7874,20,TRUE,ISC      ,mb    ,3.5
615386838,ke  ,TEH      ,4/29/2017,8:43:06 AM,27.984,54.925,17,TRUE,TEH      ,ML    ,2.9
610650354,ke  ,ISC      ,4/29/2017,9:56:01 PM,27.3245,56.1118,14.7,,ISC      ,mb    ,3.5
615386847,ke  ,TEH      ,4/30/2017,2:11:22 AM,28.432,57.254,8,,TEH      ,ML    ,2.6
615386849,ke  ,TEH      ,4/30/2017,9:10:36 AM,28.145,56.466,8,TRUE,TEH      ,ML    ,2.8
615386860,ke  ,TEH      ,5/2/2017,12:56:40 AM,28.39,55.352,15.8,,TEH      ,ML    ,3.1
615386862,ke  ,TEH      ,5/2/2017,1:17:56 AM,27.781,56.828,26.1,,TEH      ,ML    ,2.8
615386868,ke  ,TEH      ,5/2/2017,6:53:07 PM,28.978,57.773,8,,TEH      ,ML    ,3.1
615297463,ke  ,ISC      ,5/3/2017,5:28:51 PM,28.9311,57.4408,10,TRUE,TEH      ,ML    ,2.9
615375505,ke  ,OMAN     ,5/3/2017,11:34:32 PM,25.8666,57.6073,10,TRUE,OMAN     ,ml    ,1.9
615386892,ke  ,TEH      ,5/4/2017,7:25:58 AM,27.963,56.248,10,,TEH      ,ML    ,2.9
615297471,ke  ,ISC      ,5/4/2017,7:35:01 AM,26.7419,57.752,28.7,,TEH      ,ML    ,3.8
615375517,ke  ,OMAN     ,5/10/2017,1:58:32 PM,25.8422,57.4587,10,TRUE,OMAN     ,ml    ,1.6
615386937,ke  ,TEH      ,5/10/2017,7:04:38 PM,28.49,55.733,6.5,,TEH      ,ML    ,3
615386948,ke  ,TEH      ,5/12/2017,12:18:37 PM,28.498,57.064,18,,TEH      ,ML    ,2.8
615386956,ke  ,TEH      ,5/13/2017,8:11:11 PM,28.588,57.215,10,,TEH      ,ML    ,2.5
615386973,ke  ,TEH      ,5/15/2017,5:18:07 AM,28.254,57.511,9,TRUE,TEH      ,ML    ,2.5
615386978,ke  ,TEH      ,5/15/2017,4:20:21 PM,28,55.362,10,,TEH      ,ML    ,2.9
615386980,ke  ,TEH      ,5/15/2017,6:39:43 PM,28.049,55.569,10,,TEH      ,ML    ,2.9
615386981,ke  ,TEH      ,5/15/2017,8:12:45 PM,28.272,56.523,18.2,,TEH      ,ML    ,3.4
615297581,ke  ,ISC      ,5/19/2017,3:42:30 AM,27.6935,57.75,10,TRUE,TEH      ,ML    ,3.7
615387005,ke  ,TEH      ,5/19/2017,5:29:10 AM,27.999,57.573,8.8,,TEH      ,ML    ,3.1
615387042,ke  ,TEH      ,5/21/2017,8:33:31 PM,28.17,57.563,10,,TEH      ,ML    ,2.5
610685173,ke  ,ISC      ,5/22/2017,7:19:20 PM,27.5305,55.9324,16.6,,ISC      ,mb    ,3.9
610653792,se  ,ISC      ,5/23/2017,1:31:32 AM,27.5475,55.9045,15,TRUE,ISC      ,mb    ,4.1
615375539,ke  ,OMAN     ,5/24/2017,12:56:36 AM,26.4148,57.9511,32.9,,OMAN     ,ml    ,2.2
615387069,ke  ,TEH      ,5/25/2017,11:27:58 PM,27.56,55.978,10,,TEH      ,ML    ,2.6
615297639,ke  ,TEH      ,5/26/2017,1:25:11 AM,27.392,54.909,6,,TEH      ,ML    ,3.3
615387074,ke  ,TEH      ,5/26/2017,6:18:36 AM,28.255,57.785,10,,TEH      ,ML    ,2.7
615297643,ke  ,ISC      ,5/26/2017,6:33:53 AM,28.085,57.8337,30.1,,TEH      ,ML    ,3.3
615387076,ke  ,TEH      ,5/26/2017,5:09:03 PM,28.2,57.722,23,,TEH      ,ML    ,3.2
615375545,ke  ,OMAN     ,5/26/2017,11:57:14 PM,25.6679,57.5235,4.5,,OMAN     ,ml    ,1.9
615387090,ke  ,TEH      ,5/28/2017,12:36:52 PM,28.449,57.402,10,,TEH      ,ML    ,2.7
615387095,ke  ,TEH      ,5/29/2017,4:57:07 PM,27.584,57.678,5.6,,TEH      ,ML    ,2.7
615387118,ke  ,TEH      ,5/31/2017,12:51:09 PM,28.196,57.477,10,,TEH      ,ML    ,2.7
610791057,ke  ,ISC      ,6/1/2017,2:44:18 PM,28.4124,54.0618,24,TRUE,ISC      ,mb    ,3.8
615387130,ke  ,TEH      ,6/1/2017,11:38:22 PM,28.411,54.067,3.9,,TEH      ,ML    ,2.9
615387133,ke  ,TEH      ,6/2/2017,1:07:20 AM,28.435,54.115,8.8,,TEH      ,ML    ,2.6
610764456,se  ,ISC      ,6/2/2017,12:12:00 PM,28.3782,54.0181,24,TRUE,ISC      ,mb    ,4
615387137,ke  ,TEH      ,6/2/2017,1:59:11 PM,28.393,54.026,7.8,,TEH      ,ML    ,3
615387138,ke  ,TEH      ,6/2/2017,2:01:48 PM,28.4,55.566,10,,TEH      ,ML    ,2.6
615387141,ke  ,TEH      ,6/2/2017,6:57:20 PM,27.639,56.588,8.5,,TEH      ,ML    ,3.2
610791226,ke  ,ISC      ,6/4/2017,10:00:59 AM,27.4654,57.8203,0.5,,ISC      ,mb    ,3.7
610791424,ke  ,ISC      ,6/7/2017,10:27:28 PM,27.6793,55.1392,16.5,,ISC      ,mb    ,3.7
615387177,ke  ,TEH      ,6/8/2017,12:38:03 PM,28.333,55.256,17.4,,TEH      ,ML    ,2.9
610791508,ke  ,ISC      ,6/9/2017,6:57:41 AM,27.5527,55.3352,13.9,,ISC      ,mb    ,3.8
615297765,ke  ,TEH      ,6/9/2017,9:20:42 AM,27.599,55.387,18.2,,TEH      ,ML    ,3.3
610791531,se  ,ISC      ,6/9/2017,10:22:37 AM,27.6115,55.3855,22,,ISC      ,mb    ,4.1
615297768,ke  ,ISC      ,6/9/2017,1:55:02 PM,27.5922,55.3511,10,TRUE,DSN      ,ML    ,2.9
610791616,ke  ,ISC      ,6/10/2017,8:44:32 PM,27.6193,55.346,15.9,,ISC      ,mb    ,3.7
610673077,se  ,ISC      ,6/14/2017,10:14:47 AM,26.8783,55.8955,15.4,,ISC      ,mb    ,4
615375565,ke  ,OMAN     ,6/16/2017,3:31:10 AM,26.8581,57.7414,10,TRUE,OMAN     ,ml    ,2.3
615297822,ke  ,TEH      ,6/16/2017,1:21:59 PM,28.539,57.352,25.8,,TEH      ,ML    ,3.2
615375567,ke  ,OMAN     ,6/16/2017,7:29:34 PM,27.3966,55.1698,33.3,,OMAN     ,ml    ,2.3
615387225,ke  ,TEH      ,6/17/2017,9:07:55 AM,28.189,57.109,17.3,,TEH      ,ML    ,3.1
610760959,ke  ,ISC      ,6/17/2017,9:15:55 AM,26.9536,54.8412,17.5,,ISC      ,mb    ,3.7
615387226,ke  ,TEH      ,6/17/2017,10:49:59 AM,28.056,57.228,10,,TEH      ,ML    ,2.8
615387236,ke  ,TEH      ,6/19/2017,4:16:48 AM,27.434,57.244,6,,TEH      ,ML    ,2.8
615319179,ke  ,DSN      ,6/21/2017,5:40:48 AM,26.8865,56.1508,10,,DSN      ,ML    ,2.7
615387245,ke  ,TEH      ,6/21/2017,8:47:37 AM,28.632,57.313,11,TRUE,TEH      ,ML    ,2.7
615387248,ke  ,TEH      ,6/21/2017,5:09:05 PM,28.098,57.619,26.3,,TEH      ,ML    ,2.7
610760980,se  ,ISC      ,6/22/2017,3:54:04 AM,27.1522,54.5134,16.9,,ISC      ,mb    ,4.2
615297886,ke  ,ISC      ,6/25/2017,3:41:42 AM,27.2728,56.3292,10,TRUE,TEH      ,ML    ,2.9
615297894,ke  ,ISC      ,6/26/2017,1:35:11 AM,28.559,57.4206,10,TRUE,TEH      ,ML    ,3.4
615319265,ke  ,DSN      ,6/27/2017,2:48:18 AM,25.4709,55.9839,0,,DSN      ,ML    ,1.4
615319266,ke  ,OMAN     ,6/27/2017,8:28:56 AM,27.0181,56.4251,0.1,,OMAN     ,ml    ,3
615319280,ke  ,OMAN     ,6/28/2017,8:44:30 PM,26.3986,56.6646,5.1,,OMAN     ,ml    ,2.6
615297918,ke  ,TEH      ,6/29/2017,4:43:51 PM,28.209,56.987,16.2,,TEH      ,ML    ,3
615387299,ke  ,TEH      ,6/30/2017,1:58:14 PM,28.612,57.247,15.2,,TEH      ,ML    ,2.6
615297941,ke  ,ISC      ,7/3/2017,3:43:51 AM,27.7002,57.8719,37,,TEH      ,ML    ,3.5
615297953,ke  ,TEH      ,7/4/2017,3:59:59 AM,28.567,57.042,8.8,,TEH      ,ML    ,3.3
615297955,ke  ,TEH      ,7/4/2017,8:15:50 AM,29.043,56.994,7.8,,TEH      ,ML    ,3.4
615297964,ke  ,ISC      ,7/5/2017,7:16:34 PM,26.8927,53.938,0.1,,DSN      ,ML    ,3
615297969,ke  ,TEH      ,7/6/2017,6:05:24 AM,27.569,57.407,17.8,,TEH      ,ML    ,3.2
615387328,ke  ,TEH      ,7/6/2017,9:49:13 AM,28.803,57.219,10,,TEH      ,ML    ,2.5
615297972,ke  ,ISC      ,7/6/2017,2:14:39 PM,28.4366,57.2941,10,TRUE,TEH      ,ML    ,3.5
615387336,ke  ,TEH      ,7/7/2017,9:40:07 AM,28.759,54.314,20.9,,TEH      ,ML    ,3
615375594,ke  ,OMAN     ,7/7/2017,10:05:57 AM,25.8258,57.8279,30.5,,OMAN     ,ml    ,2.1
615319400,ke  ,DSN      ,7/8/2017,1:03:22 PM,26.8663,56.3566,10,,DSN      ,ML    ,2.7
615319401,ke  ,DSN      ,7/8/2017,2:54:44 PM,25.9017,54.8129,10,,DSN      ,ML    ,2.5
615387349,ke  ,TEH      ,7/8/2017,7:01:42 PM,28.593,57.38,12,,TEH      ,ML    ,2.6
615297996,ke  ,TEH      ,7/9/2017,7:53:42 AM,27.616,56.539,19,TRUE,TEH      ,ML    ,2.5
615387353,ke  ,TEH      ,7/10/2017,3:07:15 AM,27.958,56.327,8,TRUE,TEH      ,ML    ,2.5
615298015,ke  ,TEH      ,7/12/2017,7:59:54 AM,26.549,55.318,12,,TEH      ,ML    ,3.2
615387365,ke  ,TEH      ,7/12/2017,9:17:25 AM,28.313,57.27,9,TRUE,TEH      ,ML    ,2.6
615387367,ke  ,TEH      ,7/12/2017,9:48:15 AM,28.431,56.902,18,,TEH      ,ML    ,2.8
610781356,se  ,ISC      ,7/13/2017,1:04:19 AM,26.6298,58.0451,7.9,,ISC      ,mb    ,3.7
615387372,ke  ,TEH      ,7/13/2017,2:15:17 AM,28.38,56.912,26.3,,TEH      ,ML    ,2.7
615387374,ke  ,TEH      ,7/13/2017,11:07:08 AM,28.997,55.34,21.3,,TEH      ,ML    ,2.9
615387375,ke  ,TEH      ,7/13/2017,11:44:50 AM,27.204,54.75,9,,TEH      ,ML    ,3
615298030,ke  ,TEH      ,7/13/2017,2:26:43 PM,29.063,55.334,8,TRUE,TEH      ,ML    ,3.4
615298038,ke  ,TEH      ,7/13/2017,5:23:33 PM,29.073,55.351,9,TRUE,TEH      ,ML    ,3
615387386,ke  ,TEH      ,7/13/2017,8:47:52 PM,28.616,56.802,14,,TEH      ,ML    ,2.5
615387388,ke  ,TEH      ,7/13/2017,9:38:35 PM,28.941,55.326,18,,TEH      ,ML    ,2.6
610940096,se  ,ISC      ,7/15/2017,6:18:17 PM,28.9114,57.9713,19,TRUE,ISC      ,mb    ,3.8
615387402,ke  ,TEH      ,7/15/2017,6:19:59 PM,28.935,57.864,6.5,,TEH      ,ML    ,3.1
615387403,ke  ,TEH      ,7/15/2017,6:22:13 PM,28.914,57.848,7,,TEH      ,ML    ,3.2
615387404,ke  ,TEH      ,7/15/2017,6:43:47 PM,28.937,57.867,8,,TEH      ,ML    ,3.3
615298066,ke  ,TEH      ,7/15/2017,11:05:50 PM,26.1,57.604,12,,TEH      ,ML    ,3.2
615387408,ke  ,TEH      ,7/17/2017,3:53:13 PM,26.968,56.789,10,TRUE,TEH      ,ML    ,2.5
615387411,ke  ,TEH      ,7/17/2017,9:28:50 PM,27.894,56.816,26,,TEH      ,ML    ,2.7
615298123,ke  ,TEH      ,7/19/2017,10:06:44 PM,26.93,55.983,26.3,,TEH      ,ML    ,3
615387430,ke  ,TEH      ,7/20/2017,5:46:35 PM,28.375,57.468,18,,TEH      ,ML    ,2.9
615319588,ke  ,DSN      ,7/22/2017,5:07:03 PM,26.565,55.2676,10,,DSN      ,ML    ,2.7
610940903,ke  ,ISC      ,7/24/2017,11:55:34 PM,27.3925,54.8557,20,TRUE,ISC      ,mb    ,3.6
615387471,ke  ,TEH      ,7/26/2017,9:17:28 AM,28.382,55.478,11,TRUE,TEH      ,ML    ,2.9
615387476,ke  ,TEH      ,7/26/2017,10:23:28 PM,28.687,55.811,10,,TEH      ,ML    ,2.5
615298212,ke  ,ISC      ,7/27/2017,7:07:12 PM,28.7631,57.1513,10,TRUE,TEH      ,ML    ,3.3
615387487,ke  ,TEH      ,7/28/2017,3:21:15 PM,28.793,57.134,10,,TEH      ,ML    ,2.5
615387506,ke  ,TEH      ,8/1/2017,2:57:53 AM,28.056,57.252,9,TRUE,TEH      ,ML    ,2.7
615387507,ke  ,TEH      ,8/1/2017,6:58:08 AM,27.789,56.681,9,TRUE,TEH      ,ML    ,2.9
615387522,ke  ,TEH      ,8/3/2017,7:28:11 AM,28.865,57.088,25,TRUE,TEH      ,ML    ,2.6
615298272,ke  ,TEH      ,8/4/2017,7:42:55 PM,28.553,57.345,15.7,,TEH      ,ML    ,3.2
615298273,ke  ,ISC      ,8/4/2017,11:38:18 PM,28.1796,57.4745,10,TRUE,TEH      ,ML    ,3.7
615298292,ke  ,TEH      ,8/5/2017,9:40:46 PM,27.697,56.723,13.7,,TEH      ,ML    ,3.2
611018434,se  ,ISC      ,8/6/2017,9:24:41 AM,26.6148,55.7163,14,,ISC      ,mb    ,4
615387535,ke  ,TEH      ,8/6/2017,10:57:38 AM,28.574,56.874,10,,TEH      ,ML    ,2.8
615387546,ke  ,TEH      ,8/8/2017,8:36:44 PM,28.105,56.547,11,TRUE,TEH      ,ML    ,2.8
615387548,ke  ,TEH      ,8/9/2017,4:36:45 PM,28.063,55.538,16.6,,TEH      ,ML    ,3.1
610876808,se  ,ISC      ,8/10/2017,10:24:56 AM,28.0876,54.3532,17,TRUE,ISC      ,mb    ,4.4
615387555,ke  ,TEH      ,8/10/2017,10:11:03 PM,28.201,54.358,11.5,,TEH      ,ML    ,3
615387560,ke  ,TEH      ,8/12/2017,2:48:21 AM,28.612,56.809,8,,TEH      ,ML    ,2.9
615387562,ke  ,TEH      ,8/12/2017,9:18:35 AM,27.982,56.14,8,,TEH      ,ML    ,2.5
610895629,se  ,ISC      ,8/13/2017,9:34:44 AM,27.3841,56.2132,12,,ISC      ,mb    ,4.1
615298379,ke  ,ISC      ,8/13/2017,10:17:33 AM,26.4789,56.1088,6.5,,DSN      ,ML    ,2.8
615298383,ke  ,ISC      ,8/14/2017,12:13:03 AM,29.2823,56.8103,10,TRUE,TEH      ,ML    ,3
611018953,se  ,ISC      ,8/14/2017,11:14:12 AM,27.4693,57.2624,25,TRUE,ISC      ,mb    ,4.1
615319819,ke  ,DSN      ,8/14/2017,1:39:07 PM,26.2049,56.3283,0,,DSN      ,ML    ,2.2
615387576,ke  ,TEH      ,8/14/2017,6:17:52 PM,28.735,54.496,22.3,,TEH      ,ML    ,2.9
611019053,ke  ,ISC      ,8/16/2017,1:54:42 AM,27.3244,56.2068,7,,ISC      ,mb    ,3.4
615298397,ke  ,ISC      ,8/16/2017,1:42:17 PM,27.393,57.3969,1.3,,TEH      ,ML    ,3.3
615298406,ke  ,ISC      ,8/18/2017,2:57:37 AM,25.8755,54.8549,9.4,,OMAN     ,mb    ,4.6
615319882,ke  ,DSN      ,8/19/2017,7:26:32 PM,25.2283,56.5705,5,,DSN      ,ML    ,1.5
615298424,ke  ,ISC      ,8/20/2017,2:08:21 AM,27.3649,57.3616,9,,TEH      ,ML    ,3.4
615298428,ke  ,TEH      ,8/20/2017,11:23:25 PM,28.192,55.815,8.4,,TEH      ,ML    ,3.2
615375628,ke  ,OMAN     ,8/22/2017,1:10:56 AM,26.1158,57.3548,21,,OMAN     ,ml    ,2.1
615387630,ke  ,TEH      ,8/24/2017,2:18:43 PM,28.22,56.645,10,,TEH      ,ML    ,2.7
615387638,ke  ,TEH      ,8/25/2017,4:33:26 PM,28.68,57.368,8.1,,TEH      ,ML    ,3.2
615387641,ke  ,TEH      ,8/26/2017,12:38:41 AM,27.714,57.394,7.3,TRUE,TEH      ,ML    ,2.8
615387642,ke  ,TEH      ,8/26/2017,12:41:39 AM,27.769,57.368,6,,TEH      ,ML    ,3.2
615387668,ke  ,TEH      ,8/29/2017,5:19:12 PM,27.904,54.615,8.6,,TEH      ,ML    ,3
615319981,ke  ,DSN      ,8/29/2017,8:48:34 PM,25.4765,56.6621,5,,DSN      ,ML    ,1.2
615387673,ke  ,TEH      ,8/30/2017,8:35:44 AM,28.361,57.325,8.1,,TEH      ,ML    ,3.3
610941200,ke  ,ISC      ,8/31/2017,1:30:27 AM,27.8925,56.9929,14.1,,ISC      ,mb    ,5.1
615387676,ke  ,TEH      ,8/31/2017,1:43:10 AM,27.84,57.192,10,,TEH      ,ML    ,2.9
615387677,ke  ,TEH      ,8/31/2017,1:44:32 AM,27.893,57.109,12,,TEH      ,ML    ,3.3
615387678,ke  ,TEH      ,8/31/2017,1:46:28 AM,27.819,57.194,10,,TEH      ,ML    ,2.9
615387679,ke  ,TEH      ,8/31/2017,1:47:48 AM,27.842,57.136,11.9,,TEH      ,ML    ,3.4
615387682,ke  ,TEH      ,8/31/2017,1:48:41 AM,28.019,57.066,9,TRUE,TEH      ,ML    ,3.2
615387683,ke  ,TEH      ,8/31/2017,1:59:32 AM,27.783,57.178,19.5,,TEH      ,ML    ,3.2
615387684,ke  ,TEH      ,8/31/2017,2:06:08 AM,27.837,57.143,10,,TEH      ,ML    ,2.8
615387685,ke  ,TEH      ,8/31/2017,2:10:55 AM,27.779,57.191,10.4,,TEH      ,ML    ,2.8
615387686,ke  ,TEH      ,8/31/2017,2:20:44 AM,27.969,57.137,8,,TEH      ,ML    ,3
615387687,ke  ,TEH      ,8/31/2017,2:29:05 AM,27.814,57.183,21.4,,TEH      ,ML    ,3
615387688,ke  ,TEH      ,8/31/2017,2:33:21 AM,27.939,57.139,10,,TEH      ,ML    ,2.5
615298518,ke  ,ISC      ,8/31/2017,2:43:06 AM,27.9067,57.2759,30,TRUE,TEH      ,ML    ,3.2
615387689,ke  ,TEH      ,8/31/2017,2:45:18 AM,27.845,57.178,17.7,,TEH      ,ML    ,3.1
617540239,se  ,ISC      ,8/31/2017,3:08:42 AM,27.8556,57.1616,24,TRUE,ISC      ,mb    ,4.3
615387690,ke  ,TEH      ,8/31/2017,3:22:17 AM,28.032,57.037,10,,TEH      ,ML    ,2.9
615387691,ke  ,TEH      ,8/31/2017,3:31:03 AM,28.016,57.231,10,,TEH      ,ML    ,2.7
615387692,ke  ,TEH      ,8/31/2017,3:54:52 AM,27.829,57.159,18.1,,TEH      ,ML    ,3.2
615387694,ke  ,TEH      ,8/31/2017,1:18:17 PM,27.934,57.196,10,,TEH      ,ML    ,2.8
615387695,ke  ,TEH      ,8/31/2017,1:38:05 PM,27.971,57.213,10,,TEH      ,ML    ,2.8
610945421,se  ,ISC      ,9/1/2017,6:10:44 AM,27.7808,57.1817,24,TRUE,ISC      ,mb    ,3.8
615320027,ke  ,OMAN     ,9/2/2017,3:50:35 AM,25.9837,54.8083,17.2,,OMAN     ,ml    ,2.6
611166081,ke  ,ISC      ,9/2/2017,6:04:26 PM,27.6681,53.6127,16,TRUE,ISC      ,mb    ,3.6
615387702,ke  ,TEH      ,9/2/2017,8:47:52 PM,27.783,54.647,17.4,,TEH      ,ML    ,2.9
615387706,ke  ,TEH      ,9/3/2017,3:40:41 PM,28.019,57.993,28,,TEH      ,ML    ,2.5
615387707,ke  ,TEH      ,9/3/2017,5:41:01 PM,27.971,57.166,10,,TEH      ,ML    ,2.6
615387709,ke  ,TEH      ,9/4/2017,3:31:13 AM,28.09,56.814,10,,TEH      ,ML    ,2.8
615387711,ke  ,TEH      ,9/4/2017,10:59:37 AM,27.995,57.025,10,,TEH      ,ML    ,2.8
615387722,ke  ,TEH      ,9/6/2017,12:52:54 AM,27.108,54.129,18.6,,TEH      ,ML    ,3
615387723,ke  ,TEH      ,9/6/2017,12:55:05 AM,28.373,57.401,6,,TEH      ,ML    ,3
615387728,ke  ,TEH      ,9/6/2017,3:48:41 PM,27.882,57.138,11.1,,TEH      ,ML    ,3.7
611166514,ke  ,ISC      ,9/8/2017,2:46:58 PM,27.6187,55.7666,3.1,,ISC      ,mb    ,3.6
611166538,ke  ,ISC      ,9/8/2017,7:33:44 PM,27.4635,55.5166,15,TRUE,ISC      ,mb    ,3.6
615387749,ke  ,TEH      ,9/11/2017,9:58:31 AM,28.318,57.494,10,,TEH      ,ML    ,2.5
615387758,ke  ,TEH      ,9/12/2017,4:29:00 AM,28.235,54.864,12,TRUE,TEH      ,ML    ,2.6
615387764,ke  ,TEH      ,9/13/2017,6:35:48 AM,27.808,56.601,11,TRUE,TEH      ,ML    ,2.8
615387770,ke  ,TEH      ,9/14/2017,3:52:41 PM,27.788,55.2,23.5,,TEH      ,ML    ,2.7
615387779,ke  ,TEH      ,9/16/2017,6:45:00 PM,28.315,56.914,8,,TEH      ,ML    ,3.1
615387780,ke  ,TEH      ,9/16/2017,11:51:23 PM,27.553,56.529,25.8,,TEH      ,ML    ,2.5
615298639,ke  ,ISC      ,9/17/2017,11:10:29 AM,28.4151,54.0645,24,TRUE,TEH      ,ML    ,3.4
615387791,ke  ,TEH      ,9/17/2017,10:40:53 PM,28.001,56.911,9.9,,TEH      ,ML    ,2.8
615387792,ke  ,TEH      ,9/17/2017,10:44:17 PM,27.941,56.929,10,TRUE,TEH      ,ML    ,2.9
615320146,ke  ,DSN      ,9/19/2017,7:03:54 AM,27.6257,56.0794,10,,DSN      ,ML    ,2.4
615387800,ke  ,TEH      ,9/19/2017,10:21:38 AM,27.16,54.54,8,,TEH      ,ML    ,3.3
615387802,ke  ,TEH      ,9/19/2017,12:24:29 PM,28.618,56.775,18,,TEH      ,ML    ,2.8
610994317,ke  ,ISC      ,9/19/2017,1:26:12 PM,27.8794,54.0297,19.6,,ISC      ,mb    ,5
615298665,ke  ,ISC      ,9/19/2017,11:46:52 PM,27.8982,56.9609,10,TRUE,TEH      ,ML    ,3.1
610999242,se  ,ISC      ,9/20/2017,6:30:54 AM,27.9074,56.8609,10,TRUE,ISC      ,mb    ,4.2
615387815,ke  ,TEH      ,9/20/2017,4:18:13 PM,27.871,57.017,21.9,,TEH      ,ML    ,3.1
615387816,ke  ,TEH      ,9/20/2017,4:27:08 PM,27.815,57.012,25.5,,TEH      ,ML    ,2.9
611164147,ke  ,ISC      ,9/20/2017,7:34:24 PM,27.9381,56.9423,24,TRUE,ISC      ,mb    ,3.6
611164214,ke  ,ISC      ,9/21/2017,11:27:36 AM,27.4204,56.0831,10.1,,ISC      ,mb    ,3.8
615298706,ke  ,ISC      ,9/22/2017,10:47:54 AM,27.8853,56.9744,24,TRUE,DSN      ,ML    ,2.6
615387845,ke  ,TEH      ,9/23/2017,2:30:30 PM,27.925,56.991,9.7,,TEH      ,ML    ,2.8
615387853,ke  ,TEH      ,9/25/2017,7:02:07 PM,28.347,57.453,10,,TEH      ,ML    ,2.5
615320189,ke  ,DSN      ,9/27/2017,3:12:53 AM,25.6177,56.0131,0,,DSN      ,ML    ,1.5
611834977,se  ,ISC      ,9/27/2017,8:28:03 AM,28.0148,54.2683,10,TRUE,ISC      ,mb    ,4.5
615387860,ke  ,TEH      ,9/27/2017,3:42:13 PM,27.776,54.324,9.3,,TEH      ,ML    ,3.2
615298749,ke  ,ISC      ,9/28/2017,5:55:54 PM,27.0854,56.8614,10,TRUE,TEH      ,ML    ,3.2
615298750,ke  ,ISC      ,9/28/2017,5:57:27 PM,27.7147,57.6332,10,TRUE,DSN      ,ML    ,3
615387872,ke  ,TEH      ,9/29/2017,6:52:13 AM,27.833,56.105,10,,TEH      ,ML    ,2.8
611070865,se  ,ISC      ,9/29/2017,6:58:17 AM,28.2638,55.3877,22,TRUE,ISC      ,mb    ,4
615387878,ke  ,TEH      ,9/30/2017,3:37:53 AM,27.83,57.222,14.7,,TEH      ,ML    ,3.3
611070871,se  ,ISC      ,9/30/2017,4:12:49 AM,27.8263,57.1107,10,TRUE,ISC      ,mb    ,4.1
615387880,ke  ,TEH      ,9/30/2017,4:47:40 AM,27.978,57.188,10,,TEH      ,ML    ,2.9
615298778,ke  ,ISC      ,10/1/2017,1:08:05 AM,28.4163,57.4653,10,TRUE,DSN      ,ML    ,2.7
611172025,ke  ,ISC      ,10/4/2017,6:33:49 PM,28.2273,55.1134,10,TRUE,ISC      ,mb    ,3.9
615387916,ke  ,TEH      ,10/4/2017,7:26:56 PM,28.317,55.132,10,,TEH      ,ML    ,2.9
615387923,ke  ,TEH      ,10/5/2017,4:03:31 PM,27.739,57.193,12,,TEH      ,ML    ,2.9
615320249,ke  ,DSN      ,10/6/2017,7:50:23 PM,25.287,56.1896,5,,DSN      ,ML    ,1.4
615298837,ke  ,TEH      ,10/8/2017,8:47:00 AM,27.583,55.616,19,TRUE,TEH      ,ML    ,3.2
615387938,ke  ,TEH      ,10/8/2017,2:55:18 PM,28.826,54.23,10,,TEH      ,ML    ,2.6
615387947,ke  ,ISC      ,10/11/2017,3:58:20 AM,30.7349,57.4228,10,TRUE,TEH      ,ML    ,3.8
615298858,ke  ,ISC      ,10/11/2017,8:09:23 PM,28.1724,57.0718,24,TRUE,DSN      ,ML    ,2.9
611289369,ke  ,ISC      ,10/11/2017,11:13:32 PM,28.8352,54.2951,10,TRUE,ISC      ,mb    ,3.7
615298880,ke  ,ISC      ,10/14/2017,8:17:13 AM,27.3739,56.133,11.2,,TEH      ,ML    ,2.9
615387971,ke  ,TEH      ,10/14/2017,6:17:46 PM,28.002,57.459,10,,TEH      ,ML    ,2.6
615387974,ke  ,TEH      ,10/14/2017,6:18:24 PM,27.467,57.958,12,,TEH      ,ML    ,2.8
615298890,ke  ,TEH      ,10/15/2017,5:45:40 AM,27.457,55.24,23.3,,TEH      ,ML    ,3.2
615387988,ke  ,TEH      ,10/16/2017,7:36:56 PM,27.966,56.098,5,TRUE,TEH      ,ML    ,2.6
615298905,ke  ,TEH      ,10/17/2017,12:42:04 AM,28.636,57.426,28,,TEH      ,ML    ,3.2
615298909,ke  ,ISC      ,10/17/2017,9:38:33 PM,28.282,57.1921,31,TRUE,DSN      ,ML    ,3.3
615387995,ke  ,TEH      ,10/18/2017,3:11:38 AM,28.226,57.472,10,,TEH      ,ML    ,2.5
615387996,ke  ,TEH      ,10/18/2017,5:54:55 AM,28.166,57.448,11,TRUE,TEH      ,ML    ,2.6
615298914,ke  ,TEH      ,10/18/2017,1:32:37 PM,26.783,55.236,20.5,,TEH      ,ML    ,3.3
615387998,ke  ,TEH      ,10/18/2017,2:50:34 PM,27.959,57.12,6,,TEH      ,ML    ,2.9
615388004,ke  ,TEH      ,10/19/2017,5:37:48 AM,27.973,56.877,5,TRUE,TEH      ,ML    ,2.5
615388005,ke  ,TEH      ,10/19/2017,7:19:42 AM,27.876,57.118,10,,TEH      ,ML    ,2.7
615298934,ke  ,ISC      ,10/20/2017,6:25:44 AM,28.0391,54.2763,17,TRUE,TEH      ,ML    ,3.2
615388010,ke  ,TEH      ,10/20/2017,6:29:03 AM,28.053,54.215,5,TRUE,TEH      ,ML    ,3.1
615320309,ke  ,DSN      ,10/20/2017,8:12:37 AM,25.9601,56.2757,0,,DSN      ,ML    ,1.4
615298936,ke  ,TEH      ,10/20/2017,8:24:53 AM,28.234,57.568,14.8,,TEH      ,ML    ,3.2
615298944,ke  ,ISC      ,10/21/2017,1:26:34 AM,28.4047,57.3096,10,TRUE,TEH      ,ML    ,2.9
615388022,ke  ,TEH      ,10/21/2017,9:32:48 AM,28.273,55.696,6,,TEH      ,ML    ,2.8
615388023,ke  ,TEH      ,10/21/2017,2:59:10 PM,28.847,54.487,10,,TEH      ,ML    ,2.8
611449240,ke  ,ISC      ,10/22/2017,12:13:10 AM,26.6766,54.9585,15.4,,ISC      ,mb    ,3.4
615320319,ke  ,OMAN     ,10/22/2017,4:47:49 PM,26.8342,55.2861,8.7,,OMAN     ,ml    ,2.6
617824438,ke  ,ISC      ,10/23/2017,12:24:16 AM,27.9149,57.1037,24.9,,ISC      ,mb    ,5.2
615388030,ke  ,TEH      ,10/23/2017,12:41:59 AM,27.606,57.27,18,,TEH      ,ML    ,3.2
615388031,ke  ,TEH      ,10/23/2017,12:52:43 AM,27.988,57.173,4.5,,TEH      ,ML    ,2.5
615388033,ke  ,TEH      ,10/23/2017,1:12:48 AM,27.949,57.23,20.4,,TEH      ,ML    ,2.6
615388034,ke  ,TEH      ,10/23/2017,1:22:34 AM,27.82,57.34,26.8,,TEH      ,ML    ,2.6
615388035,ke  ,TEH      ,10/23/2017,1:31:22 AM,27.93,57.216,23.4,,TEH      ,ML    ,3
615388036,ke  ,TEH      ,10/23/2017,1:34:35 AM,27.911,57.126,10,,TEH      ,ML    ,2.6
615388037,ke  ,TEH      ,10/23/2017,1:54:03 AM,27.966,57.083,13.1,,TEH      ,ML    ,2.6
615298966,ke  ,TEH      ,10/23/2017,1:56:14 AM,27.87,57.269,28,,TEH      ,ML    ,3.3
615388038,ke  ,TEH      ,10/23/2017,1:59:03 AM,27.927,57.183,12.5,,TEH      ,ML    ,2.5
615298968,ke  ,ISC      ,10/23/2017,2:05:40 AM,27.7782,57.2177,24,TRUE,TEH      ,ML    ,2.9
615298969,ke  ,ISC      ,10/23/2017,2:19:58 AM,27.8748,57.2334,17.4,,DSN      ,ML    ,3
615388039,ke  ,TEH      ,10/23/2017,2:43:38 AM,27.86,57.33,10.4,,TEH      ,ML    ,2.9
615388041,ke  ,TEH      ,10/23/2017,5:08:13 AM,27.899,57.037,8,,TEH      ,ML    ,2.5
615388042,ke  ,TEH      ,10/23/2017,6:31:38 AM,27.912,57.229,9,TRUE,TEH      ,ML    ,3.1
615388044,ke  ,TEH      ,10/23/2017,11:01:45 AM,27.979,57.183,8.3,TRUE,TEH      ,ML    ,2.6
615388046,ke  ,TEH      ,10/23/2017,1:39:39 PM,27.875,57.223,19.1,,TEH      ,ML    ,2.9
615298978,ke  ,ISC      ,10/23/2017,2:48:53 PM,27.7711,57.2857,30,TRUE,DSN      ,ML    ,3.1
615298979,ke  ,ISC      ,10/23/2017,6:58:57 PM,27.5692,56.7308,31.6,,DSN      ,ML    ,3.1
615298980,ke  ,ISC      ,10/23/2017,8:00:47 PM,27.8723,57.2332,24,TRUE,OMAN     ,mb    ,3.8
615298981,ke  ,ISC      ,10/23/2017,8:12:49 PM,27.9059,57.1506,10,TRUE,TEH      ,ML    ,3
615388048,ke  ,TEH      ,10/23/2017,11:37:35 PM,28.378,54.073,11.4,,TEH      ,ML    ,2.6
615388056,ke  ,TEH      ,10/24/2017,7:08:35 PM,28.594,57.335,10,,TEH      ,ML    ,2.8
615388057,ke  ,TEH      ,10/25/2017,7:57:09 AM,27.313,56.418,11,TRUE,TEH      ,ML    ,2.9
615388059,ke  ,TEH      ,10/25/2017,2:38:30 PM,28.06,57.069,4,,TEH      ,ML    ,2.7
615388061,ke  ,TEH      ,10/25/2017,6:24:29 PM,28.043,57.166,10,,TEH      ,ML    ,2.6
615388062,ke  ,TEH      ,10/25/2017,11:58:31 PM,26.778,54.63,8.2,,TEH      ,ML    ,2.6
615388065,ke  ,TEH      ,10/26/2017,12:57:11 AM,27.577,57.427,26.1,,TEH      ,ML    ,3.1
615388068,ke  ,TEH      ,10/26/2017,9:15:12 AM,27.924,57.191,10,,TEH      ,ML    ,2.7
615388072,ke  ,TEH      ,10/27/2017,10:46:42 AM,27.607,57.503,8,,TEH      ,ML    ,2.5
615388074,ke  ,TEH      ,10/27/2017,9:56:03 PM,28.049,56.961,10,,TEH      ,ML    ,2.7
615299017,ke  ,ISC      ,10/28/2017,2:31:05 AM,28.4077,57.0978,10,TRUE,TEH      ,ML    ,3
615388077,ke  ,TEH      ,10/28/2017,10:04:27 AM,27.486,55.069,16,TRUE,TEH      ,ML    ,3.2
615299029,ke  ,ISC      ,10/29/2017,5:00:01 PM,27.5529,55.7457,29.4,,ISC      ,mb    ,3.7
615299030,ke  ,ISC      ,10/29/2017,5:38:42 PM,27.541,55.7485,1.9,,TEH      ,ML    ,3.2
615388087,ke  ,TEH      ,10/29/2017,9:44:32 PM,28.117,55.267,10,,TEH      ,ML    ,2.6
615388088,ke  ,TEH      ,10/29/2017,10:36:56 PM,27.853,57.25,18.5,,TEH      ,ML    ,3.1
615299043,ke  ,ISC      ,10/31/2017,2:19:17 PM,26.9997,56.341,5.9,,TEH      ,ML    ,2.8
615320386,ke  ,DSN      ,11/1/2017,9:04:36 PM,27.0203,56.436,5,,DSN      ,ML    ,2.5
615299058,ke  ,ISC      ,11/1/2017,9:05:49 PM,27.0346,56.2393,14,TRUE,DSN      ,ML    ,2.8
615320392,ke  ,DSN      ,11/2/2017,10:45:00 PM,26.6958,56.2581,5,,DSN      ,ML    ,2
615388112,ke  ,TEH      ,11/3/2017,11:12:07 PM,27.884,57.238,10,,TEH      ,ML    ,2.6
615388113,ke  ,TEH      ,11/4/2017,1:48:52 AM,28.378,56.763,16.9,,TEH      ,ML    ,2.6
615388116,ke  ,TEH      ,11/5/2017,7:25:21 AM,27.993,57.24,6.6,TRUE,TEH      ,ML    ,2.6
615320414,ke  ,DSN      ,11/5/2017,1:07:52 PM,26.3474,56.211,1,,DSN      ,ML    ,2.4
615299084,ke  ,TEH      ,11/6/2017,5:14:43 PM,27.315,56.227,7.8,,TEH      ,ML    ,3.1
615388126,ke  ,TEH      ,11/7/2017,11:37:53 AM,27.292,54.402,8.7,,TEH      ,ML    ,3.3
615299103,ke  ,ISC      ,11/8/2017,9:33:28 PM,27.3958,56.2777,10.9,,TEH      ,ML    ,3.2
615299111,ke  ,ISC      ,11/9/2017,11:37:16 AM,27.6111,56.7306,13.1,,OMAN     ,mb    ,3.7
615388141,ke  ,TEH      ,11/9/2017,4:21:57 PM,27.87,57.179,10,,TEH      ,ML    ,2.6
611548341,se  ,ISC      ,11/11/2017,12:37:02 AM,27.5121,56.7488,20.5,,ISC      ,mb    ,4
611452870,se  ,ISC      ,11/11/2017,2:06:20 AM,27.4758,56.6749,19.1,,ISC      ,mb    ,4.3
615388146,ke  ,TEH      ,11/11/2017,2:28:45 AM,27.346,54.432,8.8,,TEH      ,ML    ,3.1
615299121,ke  ,TEH      ,11/11/2017,8:00:28 AM,27.615,56.751,6,,TEH      ,ML    ,3.1
615388148,ke  ,TEH      ,11/11/2017,11:42:17 AM,27.603,56.729,11.2,TRUE,TEH      ,ML    ,2.8
615388149,ke  ,TEH      ,11/11/2017,1:23:15 PM,27.537,56.768,18.7,,TEH      ,ML    ,3
611459619,ke  ,ISC      ,11/12/2017,2:47:27 AM,26.7021,55.0063,10,TRUE,ISC      ,mb    ,3.9
615388152,ke  ,TEH      ,11/12/2017,1:42:41 PM,27.604,56.749,10,,TEH      ,ML    ,2.5
611561163,ke  ,ISC      ,11/13/2017,12:02:48 AM,27.6547,55.5692,15,TRUE,ISC      ,mb    ,3.6
615299343,ke  ,TEH      ,11/14/2017,11:07:00 PM,28.266,57.439,27.5,,TEH      ,ML    ,3.1
615388370,ke  ,TEH      ,11/15/2017,12:28:12 AM,28.847,54.26,10,,TEH      ,ML    ,2.8
615388546,ke  ,TEH      ,11/18/2017,7:30:10 PM,27.296,57.669,28,,TEH      ,ML    ,2.7
615388555,ke  ,TEH      ,11/19/2017,12:40:19 AM,27.271,56.474,10,,TEH      ,ML    ,2.8
611582648,ke  ,ISC      ,11/20/2017,6:37:25 AM,28.2397,56.9581,24,TRUE,ISC      ,mb    ,3.9
615320514,ke  ,DSN      ,11/20/2017,1:42:45 PM,27.0491,55.7802,6.5,,DSN      ,ML    ,2.5
615320515,ke  ,DSN      ,11/20/2017,5:46:47 PM,25.3327,55.7174,11.6,,DSN      ,ML    ,2
616640639,se  ,ISC      ,11/23/2017,2:47:24 AM,28.0384,55.734,22,TRUE,ISC      ,mb    ,4.1
615388704,ke  ,TEH      ,11/24/2017,1:15:29 PM,27.993,54.427,9.3,TRUE,TEH      ,ML    ,3.2
615299767,ke  ,TEH      ,11/27/2017,8:43:55 AM,27.968,57.309,19.2,,TEH      ,ML    ,3.1
615388778,ke  ,TEH      ,11/27/2017,11:01:53 PM,28.432,55.195,9,,TEH      ,ML    ,3
615388845,ke  ,TEH      ,12/1/2017,5:05:23 AM,28.245,57.599,16,,TEH      ,ML    ,2.8
615299968,ke  ,ISC      ,12/1/2017,9:11:55 PM,27.2203,55.4433,4.6,,DSN      ,ML    ,3
615300009,ke  ,ISC      ,12/2/2017,12:50:15 PM,27.831,56.6838,10,TRUE,OMAN     ,mb    ,3.9
615389084,ke  ,TEH      ,12/4/2017,2:31:35 PM,28.209,56.891,10,,TEH      ,ML    ,2.6
615300119,ke  ,TEH      ,12/4/2017,6:46:18 PM,28.075,58.134,70,TRUE,TEH      ,ML    ,3
615389109,ke  ,TEH      ,12/5/2017,8:03:59 AM,27.937,57.135,6.3,TRUE,TEH      ,ML    ,2.7
615389153,ke  ,TEH      ,12/6/2017,7:52:29 PM,26.775,57.968,5,TRUE,TEH      ,ML    ,2.9
615389206,ke  ,TEH      ,12/8/2017,1:07:16 PM,28.547,57.3,8,,TEH      ,ML    ,2.8
615300253,ke  ,ISC      ,12/9/2017,2:08:46 AM,27.6271,54.7647,11.2,,TEH      ,ML    ,3.1
611608010,ke  ,ISC      ,12/9/2017,2:13:43 AM,27.6227,54.6729,16.5,,ISC      ,mb    ,3.7
615389228,ke  ,TEH      ,12/9/2017,5:20:24 AM,27.401,54.649,8,TRUE,TEH      ,ML    ,2.7
615389267,ke  ,TEH      ,12/10/2017,9:18:04 PM,27.698,56.659,10,,TEH      ,ML    ,2.7
615389471,ke  ,TEH      ,12/13/2017,9:08:28 PM,28.313,57.307,14,,TEH      ,ML    ,2.7
615389490,ke  ,TEH      ,12/14/2017,4:19:28 AM,28.659,56.921,10,,TEH      ,ML    ,2.8
615320665,ke  ,OMAN     ,12/14/2017,4:46:12 AM,25.7052,56.4591,1.4,,OMAN     ,ml    ,2.2
615300627,ke  ,TEH      ,12/16/2017,4:48:36 PM,27.907,56.792,14.9,,TEH      ,ML    ,2.9
611605403,ke  ,ISC      ,12/19/2017,6:00:34 AM,28.7791,54.2925,10,TRUE,ISC      ,mb    ,4.5
611639475,ke  ,ISC      ,12/21/2017,11:24:30 AM,28.9448,54.3666,10,TRUE,ISC      ,mb    ,3.6
611645393,ke  ,ISC      ,12/23/2017,6:32:39 PM,30.7518,57.2101,11,TRUE,ISC      ,mb    ,3.7
611608769,ke  ,ISC      ,12/23/2017,10:58:16 PM,28.1587,57.2701,24.5,,ISC      ,mb    ,4.5
615320726,ke  ,DSN      ,12/24/2017,10:55:22 PM,27.0437,55.9974,10,,DSN      ,ML    ,2.4
615300838,ke  ,TEH      ,12/25/2017,1:05:56 AM,28.321,56.922,9,,TEH      ,ML    ,3
611609686,ke  ,ISC      ,12/25/2017,10:20:13 PM,27.7891,54.354,17,TRUE,ISC      ,mb    ,3.9
615300882,ke  ,ISC      ,12/26/2017,3:44:38 PM,26.6829,54.9442,19,,DSN      ,ML    ,3.4
615300904,ke  ,ISC      ,12/27/2017,1:16:32 PM,28.169,57.4693,10,TRUE,TEH      ,ML    ,3.2
615390496,ke  ,TEH      ,12/27/2017,1:52:22 PM,27.493,56.767,10,,TEH      ,ML    ,2.6
615320748,ke  ,DSN      ,12/28/2017,1:36:17 AM,26.8674,55.0377,10,,DSN      ,ML    ,2.3
615300922,ke  ,ISC      ,12/28/2017,11:02:51 AM,27.5981,56.5555,15.5,,TEH      ,ML    ,2.8
615300924,ke  ,ISC      ,12/28/2017,3:01:38 PM,26.2873,57.4521,1.5,,TEH      ,ML    ,3.1
615390514,ke  ,TEH      ,12/28/2017,3:28:53 PM,28.165,57.802,10,,TEH      ,ML    ,2.5
615390521,ke  ,TEH      ,12/28/2017,11:52:04 PM,27.958,56.846,10,,TEH      ,ML    ,2.5
611651559,ke  ,ISC      ,12/29/2017,9:17:54 AM,27.2862,53.8764,23,TRUE,ISC      ,mb    ,3.8
615375771,ke  ,OMAN     ,12/30/2017,2:34:52 AM,26.1876,57.2386,10.9,,OMAN     ,ml    ,1.3
615390609,ke  ,TEH      ,12/31/2017,3:59:28 PM,28.24,57.348,10,TRUE,TEH      ,ML    ,2.6
617590501,ke  ,OMAN     ,1/2/2018,1:35:54 PM,27.3674,56.572,0,,OMAN     ,ml    ,2.8
617231137,ke  ,TEH      ,1/2/2018,4:34:21 PM,28.02,57.426,5,,TEH      ,ML    ,2.5
617231138,ke  ,TEH      ,1/2/2018,5:38:16 PM,27.388,54.626,5,,TEH      ,ML    ,3.4
617231442,ke  ,TEH      ,1/8/2018,9:29:32 AM,27.703,57.308,26.2,,TEH      ,ML    ,2.9
617231452,ke  ,TEH      ,1/8/2018,11:58:54 AM,26.841,57.061,8.8,,TEH      ,ML    ,3.1
617231468,ke  ,TEH      ,1/8/2018,5:44:37 PM,29.208,55.946,10,,TEH      ,ML    ,2.4
617231424,ke  ,TEH      ,1/8/2018,9:09:58 PM,27.378,56.256,7.8,,TEH      ,ML    ,2.4
615353258,ke  ,ISC      ,1/8/2018,10:43:41 PM,27.8039,57.1448,0.5,,TEH      ,ML    ,3.5
615353260,ke  ,ISC      ,1/10/2018,2:03:04 AM,26.699,54.7628,17,TRUE,DSN      ,ML    ,2.9
617231633,ke  ,TEH      ,1/11/2018,6:24:43 PM,28.517,55.776,11,,TEH      ,ML    ,3.3
617231795,ke  ,TEH      ,1/13/2018,8:59:02 AM,27.918,56.466,10,,TEH      ,ML    ,2.6
617231856,ke  ,ISC      ,1/14/2018,4:15:56 PM,27.9178,56.7115,23.4,,TEH      ,ML    ,2.6
617231969,ke  ,TEH      ,1/16/2018,8:03:04 PM,28.797,57.3,18,,TEH      ,ML    ,2.2
615353281,ke  ,ISC      ,1/16/2018,8:10:33 PM,27.1566,55.0832,17,TRUE,DSN      ,ML    ,2.8
617231977,ke  ,ISC      ,1/16/2018,11:13:05 PM,27.4438,54.6247,10,TRUE,TEH      ,ML    ,3.3
617232170,ke  ,ISC      ,1/18/2018,12:25:03 AM,27.0681,55.2625,9.3,,TEH      ,ML    ,3
617232174,ke  ,TEH      ,1/18/2018,1:10:25 AM,27.723,57.3,28,,TEH      ,ML    ,2.2
615353288,ke  ,OMAN     ,1/18/2018,2:23:32 AM,27.0128,55.4339,10,TRUE,OMAN     ,ml    ,2.7
617232159,ke  ,TEH      ,1/18/2018,5:19:40 PM,28,56.812,8,,TEH      ,ML    ,2.8
617232165,ke  ,TEH      ,1/18/2018,8:13:56 PM,27.962,56.878,10,,TEH      ,ML    ,2.9
615353289,ke  ,ISC      ,1/18/2018,8:28:50 PM,26.965,55.5237,23.4,,TEH      ,ML    ,2.9
617232204,ke  ,TEH      ,1/19/2018,8:32:50 AM,28.516,57.217,10,,TEH      ,ML    ,2.8
617232327,ke  ,TEH      ,1/21/2018,7:08:57 PM,28.43,57.235,10,,TEH      ,ML    ,2.1
617232328,ke  ,TEH      ,1/21/2018,8:06:18 PM,28.424,57.274,8,,TEH      ,ML    ,2.9
615353304,ke  ,ISC      ,1/23/2018,4:33:23 AM,26.4728,56.464,9.5,,TEH      ,ML    ,3.3
617232565,ke  ,TEH      ,1/25/2018,3:35:03 PM,27.56,56.622,10,,TEH      ,ML    ,2.3
611660318,se  ,ISC      ,1/25/2018,5:17:40 PM,27.2546,57.5016,51.6,,ISC      ,mb    ,4.1
617232569,ke  ,ISC      ,1/25/2018,5:28:24 PM,27.2226,57.5199,25,TRUE,OMAN     ,mb    ,4.5
617233045,ke  ,TEH      ,1/28/2018,11:29:32 PM,28.248,57.475,10,,TEH      ,ML    ,2.7
617233141,ke  ,TEH      ,1/30/2018,10:32:28 PM,28.939,57.298,10,,TEH      ,ML    ,2.5
617233231,ke  ,TEH      ,2/1/2018,10:03:24 PM,27.834,56.612,5,,TEH      ,ML    ,2
611700978,ke  ,ISC      ,2/2/2018,1:54:42 PM,27.1315,54.4938,9.7,,ISC      ,mb    ,3.6
617233287,ke  ,TEH      ,2/2/2018,9:25:08 PM,27.468,55.032,10,,TEH      ,ML    ,2.7
617233288,ke  ,TEH      ,2/2/2018,9:28:25 PM,27.633,55.057,10,,TEH      ,ML    ,2.9
617233321,ke  ,TEH      ,2/3/2018,6:05:08 PM,28.5,57.395,10,,TEH      ,ML    ,2.1
617590519,ke  ,OMAN     ,2/5/2018,2:24:55 AM,26.5251,57.3248,10,TRUE,OMAN     ,ml    ,1.5
615353325,ke  ,ISC      ,2/5/2018,12:23:19 PM,27.2906,55.9903,4.5,,TEH      ,ML    ,2.9
617233426,ke  ,TEH      ,2/5/2018,4:55:56 PM,28.487,57.171,8.1,,TEH      ,ML    ,2.6
615353330,ke  ,DSN      ,2/7/2018,2:45:53 PM,27.0799,55.7316,10,,DSN      ,ML    ,2.5
615353339,ke  ,DSN      ,2/8/2018,5:11:58 AM,25.1082,56.1975,9.6,,DSN      ,ML    ,1.5
617236788,ke  ,TEH      ,2/8/2018,9:39:13 AM,28.053,57.753,10,,TEH      ,ML    ,2.2
617236803,ke  ,TEH      ,2/8/2018,4:20:58 PM,28.069,57.662,17,,TEH      ,ML    ,2.9
615353350,ke  ,ISC      ,2/11/2018,9:29:52 PM,28.0123,57.5436,30,TRUE,TEH      ,ML    ,3.5
617236919,ke  ,TEH      ,2/12/2018,8:36:19 AM,27.688,57.833,19,,TEH      ,ML    ,2.5
617236948,ke  ,TEH      ,2/13/2018,3:41:16 AM,28.871,57.211,8,,TEH      ,ML    ,3
617236961,ke  ,ISC      ,2/13/2018,11:37:45 AM,27.8251,57.316,24.5,,TEH      ,ML    ,2.9
615353355,ke  ,OMAN     ,2/14/2018,2:42:58 PM,26.2334,57.2747,10,TRUE,OMAN     ,ml    ,2.1
617237003,ke  ,TEH      ,2/14/2018,9:09:35 PM,27.971,56.146,10,,TEH      ,ML    ,2.5
617237036,ke  ,TEH      ,2/15/2018,7:03:32 PM,28.293,55.194,10,,TEH      ,ML    ,2.8
617237111,ke  ,ISC      ,2/18/2018,2:26:56 AM,27.8158,57.1048,6.1,,TEH      ,ML    ,2.9
615353373,ke  ,DSN      ,2/18/2018,5:35:45 PM,26.8712,55.9331,10.7,,DSN      ,ML    ,2.2
617237133,ke  ,TEH      ,2/18/2018,7:22:11 PM,28.307,55.867,4.8,,TEH      ,ML    ,2.8
611775411,ke  ,ISC      ,2/19/2018,2:24:29 AM,27.3759,56.3971,7,,ISC      ,mb    ,3.6
617237183,ke  ,TEH      ,2/20/2018,12:24:56 PM,28.203,57.223,9,,TEH      ,ML    ,3.3
617237195,ke  ,TEH      ,2/20/2018,8:32:48 PM,27.111,57.614,17.8,,TEH      ,ML    ,2.6
617237198,ke  ,TEH      ,2/20/2018,9:22:09 PM,27.921,56.505,10,,TEH      ,ML    ,1.7
617237252,ke  ,TEH      ,2/22/2018,1:05:48 PM,27.762,57.868,14.5,,TEH      ,ML    ,2.6
617237269,ke  ,TEH      ,2/22/2018,9:52:21 PM,28.978,57.354,10,,TEH      ,ML    ,2.1
615353393,ke  ,ISC      ,2/23/2018,4:01:13 AM,27.5652,56.8351,14.2,,DSN      ,ML    ,2.6
617237296,ke  ,TEH      ,2/23/2018,8:53:23 PM,28.81,57.151,10,,TEH      ,ML    ,2.6
611709353,se  ,ISC      ,2/25/2018,8:15:47 PM,27.6681,56.5463,25.7,,ISC      ,mb    ,4.6
615353403,ke  ,ISC      ,2/26/2018,1:55:10 AM,27.7474,57.7878,19.7,,TEH      ,ML    ,3.6
611795252,se  ,ISC      ,2/26/2018,3:27:39 PM,27.5413,54.3227,17.8,,ISC      ,mb    ,4.2
617237371,ke  ,TEH      ,2/26/2018,3:51:35 PM,27.541,54.353,16.9,,TEH      ,ML    ,3
617237373,ke  ,TEH      ,2/26/2018,5:36:18 PM,27.733,56.703,10,,TEH      ,ML    ,2.8
617590592,ke  ,OMAN     ,3/2/2018,10:24:49 PM,26.182,57.4528,20.8,,OMAN     ,ml    ,1.6
615353415,ke  ,ISC      ,3/4/2018,3:56:03 AM,27.6761,55.6354,15,TRUE,DSN      ,ML    ,3
617237531,ke  ,TEH      ,3/4/2018,4:15:18 AM,27.923,56.172,8,,TEH      ,ML    ,2.2
617237533,ke  ,TEH      ,3/4/2018,6:03:55 AM,27.915,56.074,9,,TEH      ,ML    ,2.3
617237559,ke  ,TEH      ,3/4/2018,7:46:37 PM,28.449,57.312,8,,TEH      ,ML    ,2.7
617237583,ke  ,TEH      ,3/5/2018,2:55:50 PM,28.534,57.102,10,,TEH      ,ML    ,2.4
617237587,ke  ,TEH      ,3/5/2018,7:24:12 PM,28.196,57.608,11.6,,TEH      ,ML    ,2.9
617237604,ke  ,TEH      ,3/6/2018,7:57:40 AM,28.291,57.466,11,,TEH      ,ML    ,2.3
615353422,ke  ,TEH      ,3/7/2018,12:29:00 PM,27.592,56.631,15.8,,TEH      ,ML    ,3.2
611767244,se  ,ISC      ,3/7/2018,2:46:12 PM,28.0616,57.6867,32.4,,ISC      ,mb    ,5.2
611775615,se  ,ISC      ,3/7/2018,2:50:20 PM,27.9733,57.6858,30.1,,ISC      ,mb    ,4.6
617237672,ke  ,TEH      ,3/7/2018,2:54:23 PM,28.117,57.596,8,,TEH      ,ML    ,3.1
617237673,ke  ,TEH      ,3/7/2018,2:56:05 PM,28.174,57.616,8,,TEH      ,ML    ,3.3
617237674,ke  ,TEH      ,3/7/2018,3:01:20 PM,27.853,57.902,28,,TEH      ,ML    ,2.3
617237675,ke  ,TEH      ,3/7/2018,3:03:00 PM,28.075,57.884,12,,TEH      ,ML    ,2.8
617237676,ke  ,TEH      ,3/7/2018,3:05:04 PM,28.125,57.783,10,,TEH      ,ML    ,2.6
617237677,ke  ,TEH      ,3/7/2018,3:16:11 PM,28.17,57.598,8,,TEH      ,ML    ,2.8
617237679,ke  ,TEH      ,3/7/2018,3:22:58 PM,27.935,57.816,23.8,,TEH      ,ML    ,3.4
617237680,ke  ,TEH      ,3/7/2018,3:25:16 PM,27.774,56.549,9.9,,TEH      ,ML    ,2.5
615353423,ke  ,ISC      ,3/7/2018,4:21:11 PM,27.9078,57.9383,17.6,,DSN      ,ML    ,3.1
617237682,ke  ,TEH      ,3/7/2018,4:49:14 PM,28.155,57.565,10,,TEH      ,ML    ,2.7
617237684,ke  ,TEH      ,3/7/2018,5:13:44 PM,28.063,57.536,10,,TEH      ,ML    ,2.4
617237685,ke  ,TEH      ,3/7/2018,5:37:15 PM,28,57.708,28,,TEH      ,ML    ,2.9
617237693,ke  ,TEH      ,3/8/2018,2:05:20 AM,28.116,57.672,15.1,,TEH      ,ML    ,2.3
617237695,ke  ,TEH      ,3/8/2018,2:52:30 AM,28.053,57.046,20,,TEH      ,ML    ,2.6
617237708,ke  ,TEH      ,3/8/2018,12:25:14 PM,26.904,57.479,8.5,,TEH      ,ML    ,3.1
611814462,ke  ,ISC      ,3/8/2018,4:37:50 PM,27.7936,57.3465,15.6,,ISC      ,mb    ,3.7
617237718,ke  ,TEH      ,3/8/2018,10:37:07 PM,27.764,55.754,10,,TEH      ,ML    ,2.6
615353431,ke  ,DSN      ,3/9/2018,8:07:55 AM,26.0184,54.8255,15,,DSN      ,ML    ,2
617237737,ke  ,TEH      ,3/9/2018,12:38:08 PM,28.182,57.589,7,,TEH      ,ML    ,2.4
615353433,ke  ,ISC      ,3/9/2018,7:14:34 PM,26.8756,55.9081,8.1,,OMAN     ,ml    ,2.3
615353434,ke  ,ISC      ,3/9/2018,10:50:18 PM,27.9142,57.8356,10,TRUE,TEH      ,ML    ,3.2
617237756,ke  ,TEH      ,3/10/2018,4:20:45 AM,28.125,57.63,19,,TEH      ,ML    ,2.2
617237800,ke  ,TEH      ,3/11/2018,10:03:33 AM,28.228,56.492,9,,TEH      ,ML    ,2.5
611838117,ke  ,ISC      ,3/12/2018,4:37:31 AM,28.1318,56.9183,24,TRUE,ISC      ,mb    ,3.7
617237843,ke  ,TEH      ,3/12/2018,6:26:21 AM,28.098,56.966,21.7,,TEH      ,ML    ,2.9
617237844,ke  ,TEH      ,3/12/2018,6:44:01 AM,27.9,56.831,6,,TEH      ,ML    ,2.6
611784834,ke  ,ISC      ,3/12/2018,7:35:32 AM,28.1212,57.4628,15.8,,ISC      ,mb    ,4.8
611838127,ke  ,ISC      ,3/12/2018,7:53:21 AM,28.1495,57.5856,30,TRUE,IDC      ,mb    ,3.5
617237847,ke  ,TEH      ,3/12/2018,8:03:39 AM,28.163,57.539,28,,TEH      ,ML    ,3.4
611838128,ke  ,ISC      ,3/12/2018,8:10:19 AM,28.1766,57.6046,30,TRUE,ISC      ,mb    ,3.5
617237852,ke  ,ISC      ,3/12/2018,9:01:16 AM,28.156,57.7093,30,TRUE,OMAN     ,ml    ,3.1
617237817,ke  ,TEH      ,3/12/2018,9:51:30 AM,28.192,57.486,18.8,,TEH      ,ML    ,3.4
617237818,ke  ,TEH      ,3/12/2018,9:57:29 AM,28.227,57.425,15,,TEH      ,ML    ,2.2
611838132,se  ,ISC      ,3/12/2018,10:24:02 AM,27.9146,55.0204,26,TRUE,ISC      ,mb    ,4.1
617237829,ke  ,ISC      ,3/12/2018,4:37:25 PM,28.2154,57.603,30,TRUE,DSN      ,ML    ,2.5
615353445,ke  ,ISC      ,3/13/2018,6:21:57 PM,27.5807,56.7865,11.9,,DSN      ,ML    ,2.8
617237892,ke  ,TEH      ,3/14/2018,7:21:52 AM,28.497,56.368,9,,TEH      ,ML    ,2.8
617237916,ke  ,TEH      ,3/14/2018,11:19:32 PM,27.664,56.467,5,,TEH      ,ML    ,2.1
617237918,ke  ,TEH      ,3/15/2018,12:25:19 AM,28.207,57.238,10,,TEH      ,ML    ,2.2
617237923,ke  ,TEH      ,3/15/2018,3:10:26 AM,28.196,57.415,10,,TEH      ,ML    ,2.4
615353468,ke  ,ISC      ,3/17/2018,3:24:52 PM,28.2803,57.4654,10,TRUE,DSN      ,ML    ,3.2
617238059,ke  ,TEH      ,3/18/2018,7:17:06 AM,28.237,57.382,11,,TEH      ,ML    ,2.6
617238062,ke  ,TEH      ,3/18/2018,8:38:33 AM,28.343,57.476,13.7,,TEH      ,ML    ,2.9
611849695,ke  ,ISC      ,3/18/2018,4:32:15 PM,27.8764,54.95,26,TRUE,ISC      ,mb    ,3.6
617238076,ke  ,TEH      ,3/18/2018,4:56:31 PM,27.976,55.12,24,,TEH      ,ML    ,2.7
617238091,ke  ,ISC      ,3/19/2018,3:24:18 AM,27.1856,57.5226,12.6,,TEH      ,ML    ,2.7
617238185,ke  ,TEH      ,3/20/2018,10:26:17 AM,28.247,55.514,10,,TEH      ,ML    ,2.9
617238232,ke  ,TEH      ,3/21/2018,10:02:24 AM,27.902,56.409,19.6,,TEH      ,ML    ,2.7
611803541,se  ,ISC      ,3/21/2018,12:33:11 PM,27.6052,56.6727,24.2,,ISC      ,mb    ,4.6
617238238,ke  ,TEH      ,3/21/2018,1:27:41 PM,27.645,56.757,10,,TEH      ,ML    ,2.4
615353477,ke  ,TEH      ,3/21/2018,2:41:32 PM,28.98,56.043,8,,TEH      ,ML    ,3.2
615353478,ke  ,DSN      ,3/21/2018,6:55:21 PM,25.2735,56.1745,5,,DSN      ,ML    ,0.8
611803638,se  ,ISC      ,3/21/2018,8:41:20 PM,27.5987,56.6711,16.8,,ISC      ,mb    ,4.9
615353479,ke  ,ISC      ,3/21/2018,8:49:56 PM,27.5017,56.8162,10,TRUE,DSN      ,ML    ,2.9
617238244,ke  ,TEH      ,3/21/2018,9:23:23 PM,27.571,56.837,10,,TEH      ,ML    ,2.3
615353480,ke  ,ISC      ,3/21/2018,9:33:06 PM,27.5652,56.797,8.5,,DSN      ,ML    ,3
617238245,ke  ,TEH      ,3/21/2018,9:56:30 PM,27.553,56.799,15.3,,TEH      ,ML    ,2.1
617238247,ke  ,TEH      ,3/21/2018,10:10:21 PM,27.577,56.784,10,,TEH      ,ML    ,2.1
617238249,ke  ,TEH      ,3/21/2018,10:16:28 PM,27.582,56.778,10,,TEH      ,ML    ,2.5
611805627,se  ,ISC      ,3/21/2018,10:26:03 PM,27.5607,56.7221,24.8,,ISC      ,mb    ,4
617238251,ke  ,TEH      ,3/21/2018,11:32:19 PM,27.628,56.748,10,,TEH      ,ML    ,2.1
617238253,ke  ,TEH      ,3/21/2018,11:48:57 PM,27.597,56.746,10,,TEH      ,ML    ,2.2
617238258,ke  ,TEH      ,3/22/2018,12:56:23 AM,27.622,56.74,10,,TEH      ,ML    ,2.5
617238265,ke  ,TEH      ,3/22/2018,3:01:39 AM,27.62,56.758,10,,TEH      ,ML    ,2.9
617238268,ke  ,TEH      ,3/22/2018,4:12:20 AM,27.65,56.749,10,,TEH      ,ML    ,2.5
617238269,ke  ,TEH      ,3/22/2018,4:29:19 AM,27.644,56.735,10,,TEH      ,ML    ,2.5
617238270,ke  ,TEH      ,3/22/2018,4:51:25 AM,27.635,56.771,10,,TEH      ,ML    ,2.4
617238272,ke  ,TEH      ,3/22/2018,6:49:50 AM,27.617,56.769,10,,TEH      ,ML    ,2.8
617238273,ke  ,TEH      ,3/22/2018,7:26:06 AM,27.653,56.731,10,,TEH      ,ML    ,2.6
617238275,ke  ,TEH      ,3/22/2018,8:56:55 AM,27.705,56.937,10,,TEH      ,ML    ,2.1
617238283,ke  ,TEH      ,3/22/2018,11:34:27 AM,27.698,56.73,10,,TEH      ,ML    ,2.7
617238294,ke  ,TEH      ,3/22/2018,6:09:01 PM,27.63,56.76,10,,TEH      ,ML    ,2
615353483,ke  ,ISC      ,3/22/2018,7:11:51 PM,27.5486,56.7672,19.3,,DSN      ,ML    ,3
617238297,ke  ,TEH      ,3/22/2018,7:21:37 PM,27.543,56.796,10,,TEH      ,ML    ,2.3
611858831,ke  ,ISC      ,3/22/2018,8:01:58 PM,27.5834,56.7182,16.7,,ISC      ,mb    ,3.6
617238307,ke  ,TEH      ,3/22/2018,10:51:21 PM,27.645,56.75,10,,TEH      ,ML    ,2.2
617238321,ke  ,TEH      ,3/23/2018,2:40:19 AM,27.68,56.684,10,,TEH      ,ML    ,2.1
615353487,ke  ,ISC      ,3/23/2018,5:51:08 AM,27.6847,56.7256,15.4,,DSN      ,ML    ,2.4
617238326,ke  ,TEH      ,3/23/2018,9:10:22 AM,28,56.758,7,,TEH      ,ML    ,3.3
617238327,ke  ,TEH      ,3/23/2018,9:21:30 AM,27.939,56.872,14,,TEH      ,ML    ,3.1
617238328,ke  ,TEH      ,3/23/2018,9:34:21 AM,27.703,56.714,5,,TEH      ,ML    ,2.4
617238333,ke  ,TEH      ,3/23/2018,10:44:13 AM,27.917,56.912,23.3,,TEH      ,ML    ,3
617238335,ke  ,TEH      ,3/23/2018,11:25:07 AM,27.99,56.991,5,,TEH      ,ML    ,2.8
617238336,ke  ,TEH      ,3/23/2018,11:26:44 AM,27.978,56.858,9.2,,TEH      ,ML    ,2.8
617238338,ke  ,ISC      ,3/23/2018,12:22:10 PM,27.995,56.888,10,TRUE,OMAN     ,mb    ,4
617238345,ke  ,TEH      ,3/23/2018,5:09:42 PM,27.901,56.838,20,,TEH      ,ML    ,3.1
617238348,ke  ,TEH      ,3/23/2018,6:09:31 PM,27.964,56.881,15.8,,TEH      ,ML    ,3.3
617238355,ke  ,TEH      ,3/23/2018,8:43:55 PM,27.6,56.773,10,,TEH      ,ML    ,2.3
611868871,ke  ,ISC      ,3/24/2018,10:02:51 AM,27.674,56.7767,14.9,,ISC      ,mb    ,3.5
617238377,ke  ,TEH      ,3/24/2018,10:36:38 AM,27.585,56.782,10,,TEH      ,ML    ,2.6
617238378,ke  ,ISC      ,3/24/2018,11:14:27 AM,27.559,56.7959,10,TRUE,TEH      ,ML    ,3.3
617238387,ke  ,TEH      ,3/24/2018,6:47:17 PM,27.888,56.887,17.7,,TEH      ,ML    ,3.4
617238389,ke  ,ISC      ,3/24/2018,7:19:33 PM,27.5179,56.8864,7.2,,TEH      ,ML    ,2.9
615353502,ke  ,DSN      ,3/25/2018,1:10:53 AM,27.1728,54.8992,10,,DSN      ,ML    ,2.6
617238395,ke  ,TEH      ,3/25/2018,5:07:16 AM,27.643,56.672,10,,TEH      ,ML    ,2.7
611858861,ke  ,ISC      ,3/25/2018,6:53:05 AM,27.6143,56.8029,10,TRUE,ISC      ,mb    ,3.8
617238396,ke  ,TEH      ,3/25/2018,7:00:10 AM,27.582,56.78,10,,TEH      ,ML    ,2.9
617238415,ke  ,TEH      ,3/25/2018,9:55:24 PM,27.983,55.088,10,,TEH      ,ML    ,2.5
617238427,ke  ,ISC      ,3/26/2018,8:46:35 AM,27.5272,56.8166,10,TRUE,TEH      ,ML    ,3.4
615353508,ke  ,DSN      ,3/27/2018,5:19:27 PM,25.4306,56.2408,5,,DSN      ,ML    ,2.1
617238463,ke  ,TEH      ,3/27/2018,7:22:34 PM,27.95,56.951,15.9,,TEH      ,ML    ,2.6
617238465,ke  ,TEH      ,3/27/2018,7:23:56 PM,27.929,57.041,10,,TEH      ,ML    ,2.5
617238466,ke  ,ISC      ,3/27/2018,7:32:24 PM,27.8736,56.9156,4.8,,TEH      ,ML    ,3.4
615353513,ke  ,DSN      ,3/28/2018,3:03:05 PM,25.0888,56.2617,5,,DSN      ,ML    ,1.5
617238548,ke  ,TEH      ,3/29/2018,12:40:43 AM,27.626,56.728,10,,TEH      ,ML    ,2.4
617238581,ke  ,TEH      ,3/29/2018,3:58:44 PM,28.26,57.393,10,,TEH      ,ML    ,2.7
617238618,ke  ,TEH      ,3/30/2018,11:58:10 AM,27.39,56.873,10,,TEH      ,ML    ,2.9
617238622,ke  ,TEH      ,3/30/2018,4:07:18 PM,27.632,56.72,10,,TEH      ,ML    ,2.6
615353525,ke  ,ISC      ,3/30/2018,6:24:57 PM,28.9325,57.3758,35,TRUE,TEH      ,ML    ,3
617238629,ke  ,TEH      ,3/30/2018,9:53:37 PM,28.314,57.469,10,,TEH      ,ML    ,2.6
617238635,ke  ,TEH      ,3/31/2018,1:07:29 AM,28.241,57.476,10,,TEH      ,ML    ,2.5
617238636,ke  ,TEH      ,3/31/2018,1:13:29 AM,28.447,57.124,10,,TEH      ,ML    ,2.2
617238650,ke  ,TEH      ,3/31/2018,6:49:10 AM,28.149,57.646,10,,TEH      ,ML    ,2.5
617238708,ke  ,TEH      ,4/1/2018,3:22:00 AM,28.393,56.749,10,,TEH      ,ML    ,2.8
617238745,ke  ,TEH      ,4/1/2018,4:03:42 PM,28.106,57.729,11.6,,TEH      ,ML    ,2.4
617238850,ke  ,TEH      ,4/3/2018,4:25:01 PM,27.538,56.79,15.7,,TEH      ,ML    ,2.8
615353551,ke  ,ISC      ,4/3/2018,7:58:24 PM,26.6809,55.6454,10,TRUE,TEH      ,ML    ,3.4
615353552,ke  ,ISC      ,4/3/2018,10:06:48 PM,26.7449,55.6986,17.2,,TEH      ,ML    ,3.2
617238864,ke  ,TEH      ,4/4/2018,4:50:55 AM,27.713,57.46,13.3,,TEH      ,ML    ,3.2
615353558,ke  ,ISC      ,4/4/2018,8:44:33 AM,27.5601,56.801,7,,TEH      ,ML    ,2.8
611886074,ke  ,ISC      ,4/4/2018,2:19:41 PM,27.5846,56.6071,13.5,,ISC      ,mb    ,3.6
617238891,ke  ,TEH      ,4/5/2018,4:24:37 AM,27.473,56.818,5,,TEH      ,ML    ,2.9
617238923,ke  ,TEH      ,4/5/2018,11:47:46 PM,28.479,55.758,11,,TEH      ,ML    ,2.8
617238928,ke  ,TEH      ,4/6/2018,12:56:45 AM,27.509,56.8,20.6,,TEH      ,ML    ,2.6
615353580,ke  ,DSN      ,4/6/2018,2:08:38 AM,25.2966,55.725,1.2,,DSN      ,ML    ,1.5
617238934,ke  ,TEH      ,4/6/2018,3:47:25 AM,28.811,57.808,10,,TEH      ,ML    ,2.4
617238936,ke  ,TEH      ,4/6/2018,7:03:40 AM,28.279,57.31,10,,TEH      ,ML    ,2.2
617238960,ke  ,TEH      ,4/6/2018,8:42:29 PM,28.265,57.435,9.3,,TEH      ,ML    ,2.5
617238969,ke  ,TEH      ,4/6/2018,10:19:27 PM,27.236,54.407,10,,TEH      ,ML    ,2.9
617238972,ke  ,TEH      ,4/6/2018,11:50:39 PM,27.574,56.181,10,,TEH      ,ML    ,1.9
617238999,ke  ,TEH      ,4/8/2018,12:34:18 AM,27.486,57.663,8.7,,TEH      ,ML    ,2.4
617239004,ke  ,TEH      ,4/8/2018,5:23:13 AM,28.382,55.194,9,,TEH      ,ML    ,2.8
617239005,ke  ,TEH      ,4/8/2018,5:30:00 AM,28.18,55.115,19.4,,TEH      ,ML    ,3.1
617239083,ke  ,TEH      ,4/9/2018,6:25:10 PM,27.629,56.758,10,,TEH      ,ML    ,2.4
615353614,ke  ,ISC      ,4/11/2018,4:13:23 AM,27.3213,56.8943,7.5,,TEH      ,ML    ,3.3
617239149,ke  ,TEH      ,4/12/2018,1:01:04 AM,27.613,57.484,15.5,,TEH      ,ML    ,2.5
617239150,ke  ,TEH      ,4/12/2018,1:07:12 AM,27.709,57.411,10,,TEH      ,ML    ,2.8
617239152,ke  ,TEH      ,4/12/2018,1:19:30 AM,27.595,57.523,21.7,,TEH      ,ML    ,2.9
617239154,ke  ,TEH      ,4/12/2018,1:33:19 AM,27.514,57.617,23.4,,TEH      ,ML    ,2.8
617239157,ke  ,TEH      ,4/12/2018,3:02:48 AM,27.562,57.486,10,,TEH      ,ML    ,2.7
615353621,ke  ,TEH      ,4/12/2018,4:36:22 AM,27.588,57.46,8.1,,TEH      ,ML    ,3.4
611898079,ke  ,ISC      ,4/12/2018,6:51:09 PM,28.1321,54.2805,17,TRUE,ISC      ,mb    ,3.7
615353627,ke  ,DSN      ,4/13/2018,3:11:25 AM,25.2915,56.0848,4.2,,DSN      ,ML    ,1.6
615353633,ke  ,DSN      ,4/14/2018,9:27:47 AM,25.2969,56.1631,5,,DSN      ,ML    ,1.1
611904564,ke  ,ISC      ,4/16/2018,1:54:19 AM,27.8976,54.9986,26,TRUE,ISC      ,mb    ,3.5
617239296,ke  ,TEH      ,4/17/2018,6:29:37 PM,27.809,57.405,21.4,,TEH      ,ML    ,2.8
617239297,ke  ,TEH      ,4/17/2018,6:32:39 PM,27.898,57.346,10,,TEH      ,ML    ,2.9
615353651,ke  ,ISC      ,4/17/2018,11:22:51 PM,27.0815,54.5068,10,TRUE,DSN      ,ML    ,2.7
611883767,se  ,ISC      ,4/18/2018,1:11:29 AM,27.6163,56.7508,24.2,,ISC      ,mb    ,4.2
617239317,ke  ,TEH      ,4/18/2018,3:22:45 PM,28.057,57.534,10,,TEH      ,ML    ,2.8
611917191,ke  ,ISC      ,4/18/2018,8:03:43 PM,26.8736,54.4612,15.6,,ISC      ,mb    ,3.4
611922686,ke  ,ISC      ,4/19/2018,11:02:20 PM,26.5843,53.7633,25.6,,ISC      ,mb    ,3.6
617239385,ke  ,TEH      ,4/20/2018,1:14:47 AM,27.902,56.799,10,,TEH      ,ML    ,2.3
617239388,ke  ,TEH      ,4/20/2018,2:48:57 AM,28.226,57.391,10,,TEH      ,ML    ,2.6
617239391,ke  ,ISC      ,4/20/2018,4:18:35 AM,28.8079,55.9614,10,TRUE,TEH      ,ML    ,2.5
617239363,ke  ,TEH      ,4/20/2018,11:38:34 AM,29.044,56.018,10,,TEH      ,ML    ,2.6
617239400,ke  ,TEH      ,4/21/2018,3:02:04 AM,27.49,56.933,11.4,,TEH      ,ML    ,2.8
617239401,ke  ,TEH      ,4/21/2018,3:44:59 AM,27.596,56.861,7,,TEH      ,ML    ,2.9
617239404,ke  ,TEH      ,4/21/2018,8:58:29 AM,27.473,56.782,17,,TEH      ,ML    ,2.6
617239413,ke  ,TEH      ,4/21/2018,8:17:57 PM,27.517,54.607,5,,TEH      ,ML    ,3.1
617239535,ke  ,TEH      ,4/24/2018,2:53:19 PM,28.075,57.459,28,,TEH      ,ML    ,3.3
611893447,se  ,ISC      ,4/24/2018,2:59:17 PM,28.1142,57.3373,10,TRUE,ISC      ,mb    ,4.1
617239621,ke  ,ISC      ,4/26/2018,4:17:39 PM,28.1158,57.4296,30,TRUE,DSN      ,ML    ,2.7
611904997,se  ,ISC      ,4/26/2018,5:36:04 PM,29.1333,55.8425,10,TRUE,ISC      ,mb    ,4
617239624,ke  ,TEH      ,4/26/2018,9:21:11 PM,28.289,57.352,14.5,,TEH      ,ML    ,2.1
615353712,ke  ,DSN      ,4/27/2018,12:17:54 PM,25.1043,56.2941,5,,DSN      ,ML    ,1.3
617239654,ke  ,TEH      ,4/27/2018,7:40:38 PM,28.031,56.388,10,,TEH      ,ML    ,2.4
617582677,ke  ,OMAN     ,4/27/2018,10:07:30 PM,25.7588,56.1896,5,TRUE,OMAN     ,ml    ,0.6
617239676,ke  ,TEH      ,4/28/2018,3:37:47 PM,28.173,57.59,10,,TEH      ,ML    ,2.6
617239690,ke  ,TEH      ,4/29/2018,6:39:34 AM,27.819,57.815,9.6,,TEH      ,ML    ,2.7
617239742,ke  ,TEH      ,4/30/2018,4:15:24 PM,28.391,55.961,16.4,,TEH      ,ML    ,2.8
617239795,ke  ,TEH      ,5/2/2018,8:00:20 PM,28.055,56.029,10,,TEH      ,ML    ,2.7
617239824,ke  ,TEH      ,5/3/2018,5:28:35 PM,27.669,56.805,10,,TEH      ,ML    ,2.2
611930696,se  ,ISC      ,5/5/2018,6:13:57 PM,26.9679,55.8674,14,TRUE,ISC      ,mb    ,4.2
615353755,ke  ,DSN      ,5/6/2018,7:07:21 AM,26.2958,56.3449,0,,DSN      ,ML    ,2.4
617239917,ke  ,TEH      ,5/6/2018,2:32:37 PM,28.24,57.378,10,,TEH      ,ML    ,2.3
617239929,ke  ,TEH      ,5/6/2018,11:08:50 PM,28.666,57.858,10,,TEH      ,ML    ,1.9
611932042,se  ,ISC      ,5/8/2018,6:27:33 PM,27.966,57.8012,14.7,,ISC      ,mb    ,4.4
617239996,ke  ,ISC      ,5/9/2018,10:08:37 AM,27.1952,57.9574,0.9,,DSN      ,ML    ,3
615353764,ke  ,OMAN     ,5/9/2018,5:31:49 PM,27.0934,56.6398,10,TRUE,OMAN     ,ml    ,2.7
617240046,ke  ,TEH      ,5/11/2018,4:40:26 AM,28.768,57.156,10,,TEH      ,ML    ,2.6
617240059,ke  ,ISC      ,5/11/2018,10:05:49 AM,29.1249,55.2926,10,TRUE,TEH      ,ML    ,2.8
615353769,ke  ,TEH      ,5/11/2018,6:04:33 PM,28.26,55.717,15.2,,TEH      ,ML    ,3.2
615353776,ke  ,DSN      ,5/13/2018,12:30:59 AM,25.4731,56.2328,26.4,,DSN      ,ML    ,1.5
617240136,ke  ,TEH      ,5/13/2018,10:33:18 AM,27.623,56.644,6.8,,TEH      ,ML    ,2.6
617240151,ke  ,TEH      ,5/13/2018,11:54:21 PM,27.995,56.777,10,,TEH      ,ML    ,2.3
615353791,ke  ,TEH      ,5/19/2018,12:20:46 AM,28.465,55.757,8,,TEH      ,ML    ,3.2
615353792,ke  ,ISC      ,5/19/2018,4:00:38 AM,27.0037,55.1472,8.7,,DSN      ,ML    ,3.2
617240492,ke  ,ISC      ,5/22/2018,7:47:44 PM,29.2917,56.2272,10,TRUE,TEH      ,ML    ,2.9
617240551,ke  ,TEH      ,5/24/2018,6:39:07 AM,28.352,56.698,10,,TEH      ,ML    ,2.8
615353809,ke  ,ISC      ,5/26/2018,12:38:00 AM,28.7995,56.7032,10,TRUE,TEH      ,ML    ,3.7
617583041,ke  ,OMAN     ,5/26/2018,2:08:07 AM,26.1314,57.5494,0.9,,OMAN     ,ml    ,1.9
617240600,ke  ,TEH      ,5/26/2018,3:27:54 AM,28.95,57.248,12,,TEH      ,ML    ,2.4
612025497,ke  ,ISC      ,5/26/2018,10:23:14 AM,27.6682,54.3139,9.4,,ISC      ,mb    ,3.6
615353810,ke  ,ISC      ,5/26/2018,12:37:57 PM,27.5304,56.7291,10,TRUE,DSN      ,ML    ,2.5
617240652,ke  ,TEH      ,5/26/2018,10:31:21 PM,28.325,55.595,20,,TEH      ,ML    ,3.2
617240706,ke  ,TEH      ,5/28/2018,6:58:21 AM,27.63,57.482,11,,TEH      ,ML    ,2.8
617240727,ke  ,TEH      ,5/28/2018,4:18:04 PM,27.433,57.661,10.4,,TEH      ,ML    ,3.3
617583075,ke  ,OMAN     ,5/30/2018,2:15:35 AM,26.0813,55.5565,19.7,,OMAN     ,ml    ,2.1
615353822,ke  ,ISC      ,6/2/2018,1:57:14 AM,27.4728,55.7066,15,TRUE,DSN      ,ML    ,2.3
617240866,ke  ,TEH      ,6/2/2018,2:35:11 AM,28.871,56.982,8,,TEH      ,ML    ,3.4
611973672,se  ,ISC      ,6/2/2018,2:40:53 AM,27.5087,55.7627,11.6,,ISC      ,mb    ,3.9
617240874,ke  ,TEH      ,6/2/2018,6:31:19 AM,28.936,57.026,15.6,,TEH      ,ML    ,2.4
617240904,ke  ,ISC      ,6/2/2018,10:54:09 PM,28.4997,57.4194,10,TRUE,TEH      ,ML    ,2.9
617240911,ke  ,TEH      ,6/3/2018,3:14:18 AM,27.666,55.722,12,,TEH      ,ML    ,2.8
617240929,ke  ,TEH      ,6/3/2018,10:46:57 AM,29,57.064,10,,TEH      ,ML    ,2.2
615353827,ke  ,ISC      ,6/3/2018,8:33:31 PM,27.5384,55.3833,15,TRUE,DSN      ,ML    ,2.4
617240986,ke  ,ISC      ,6/5/2018,2:37:20 PM,27.495,56.507,14.5,,TEH      ,ML    ,3.2
615353836,ke  ,ISC      ,6/9/2018,10:17:35 AM,27.1145,56.1143,6.8,,DSN      ,ML    ,3.3
615353841,ke  ,DSN      ,6/10/2018,10:44:11 AM,27.0887,55.2473,15,,DSN      ,ML    ,2.9
617241153,ke  ,TEH      ,6/11/2018,1:58:43 PM,28.76,57.145,10,,TEH      ,ML    ,2.7
612151640,ke  ,ISC      ,6/11/2018,8:31:45 PM,27.873,56.4054,10,TRUE,ISC      ,mb    ,3.5
617241163,ke  ,TEH      ,6/12/2018,2:23:43 AM,27.912,56.451,6.3,,TEH      ,ML    ,1.9
617241168,ke  ,TEH      ,6/12/2018,4:30:04 AM,27.411,56.314,8.3,,TEH      ,ML    ,3
615353845,ke  ,DSN      ,6/12/2018,5:08:36 AM,25.3285,56.1748,2.9,,DSN      ,ML    ,1.7
617241211,ke  ,TEH      ,6/13/2018,6:25:22 PM,27.477,54.792,13.5,,TEH      ,ML    ,3
617241238,ke  ,TEH      ,6/14/2018,12:55:36 AM,27.951,56.948,11.7,,TEH      ,ML    ,2.8
617241241,ke  ,TEH      ,6/14/2018,2:00:45 AM,27.636,56.7,10,,TEH      ,ML    ,2.3
617241308,ke  ,TEH      ,6/17/2018,4:17:59 AM,28.961,57.052,7.5,,TEH      ,ML    ,2.5
617241311,ke  ,TEH      ,6/17/2018,5:51:08 AM,28.889,56.99,9,,TEH      ,ML    ,1.9
617241327,ke  ,TEH      ,6/18/2018,6:46:34 AM,27.208,54.719,17.7,,TEH      ,ML    ,2.9
617241341,ke  ,TEH      ,6/18/2018,6:50:34 PM,28.425,57.255,10,,TEH      ,ML    ,2.6
615353855,ke  ,TEH      ,6/19/2018,12:27:14 AM,27.652,57.949,7.4,,TEH      ,ML    ,3
617241359,ke  ,TEH      ,6/19/2018,4:53:24 AM,28.241,57.773,11,,TEH      ,ML    ,2.2
615353856,ke  ,TEH      ,6/19/2018,6:04:22 PM,27.924,56.652,10,,TEH      ,ML    ,2.8
612242382,ke  ,ISC      ,6/20/2018,4:13:42 AM,27.7125,56.5099,14.9,,ISC      ,mb    ,3.8
617241421,ke  ,TEH      ,6/22/2018,12:21:41 AM,27.355,57.615,10.8,,TEH      ,ML    ,3.1
617241424,ke  ,TEH      ,6/22/2018,3:18:14 AM,28.548,53.804,6,,TEH      ,ML    ,3.1
617241521,ke  ,TEH      ,6/26/2018,5:25:03 AM,28.2,54.373,11,,TEH      ,ML    ,2.6
612284327,ke  ,ISC      ,6/26/2018,5:44:28 PM,27.7345,56.7504,17.9,,ISC      ,mb    ,3.6
617241539,ke  ,TEH      ,6/26/2018,5:50:35 PM,27.692,56.739,28,,TEH      ,ML    ,2.8
617241554,ke  ,TEH      ,6/26/2018,10:01:34 PM,27.825,56.687,17.7,,TEH      ,ML    ,2.4
612174205,se  ,ISC      ,6/27/2018,11:46:33 PM,27.5665,57.39,14.2,,ISC      ,mb    ,4.2
615353876,ke  ,ISC      ,6/28/2018,1:10:57 AM,27.6111,57.3813,10,TRUE,TEH      ,ML    ,2.6
617241588,ke  ,TEH      ,6/28/2018,3:46:46 AM,27.637,57.542,8,,TEH      ,ML    ,2.4
615353878,ke  ,OMAN     ,6/29/2018,2:18:14 AM,27.1373,56.176,1,,OMAN     ,ml    ,2.2
617241685,ke  ,TEH      ,7/1/2018,9:39:11 AM,28.344,55.599,28,,TEH      ,ML    ,2.8
617241690,ke  ,TEH      ,7/1/2018,7:25:44 PM,27.93,57.826,15,,TEH      ,ML    ,2.8
612246186,se  ,ISC      ,7/4/2018,12:57:45 AM,28.0217,56.8773,24,TRUE,ISC      ,mb    ,4.2
617241746,ke  ,ISC      ,7/4/2018,11:28:09 AM,29.0102,56.894,10,TRUE,TEH      ,ML    ,2.7
617241754,ke  ,TEH      ,7/4/2018,3:54:31 PM,28.794,57.167,10,,TEH      ,ML    ,2.4
617241775,ke  ,TEH      ,7/5/2018,8:32:11 AM,28.272,55.211,10,,TEH      ,ML    ,2.6
615353897,ke  ,TEH      ,7/5/2018,3:18:28 PM,27.604,56.607,11.5,,TEH      ,ML    ,3.4
615353900,ke  ,ISC      ,7/6/2018,8:04:46 PM,27.5783,57.3897,10,TRUE,TEH      ,ML    ,2.9
615353901,ke  ,DSN      ,7/6/2018,11:33:24 PM,25.3124,55.7697,0,,DSN      ,ML    ,1.5
617241841,ke  ,TEH      ,7/7/2018,6:35:54 AM,27.797,56.702,9,,TEH      ,ML    ,2.7
617241901,ke  ,TEH      ,7/9/2018,8:24:34 AM,28.753,57.168,8,,TEH      ,ML    ,3
612365193,ke  ,ISC      ,7/10/2018,8:03:51 PM,28.0381,55.1165,26,TRUE,ISC      ,mb    ,3.5
617241956,ke  ,TEH      ,7/11/2018,2:30:26 AM,28.541,54.995,25.9,,TEH      ,ML    ,3.1
615353910,ke  ,DSN      ,7/12/2018,10:23:20 AM,27.7654,56.7325,15,,DSN      ,ML    ,2.6
615353911,ke  ,ISC      ,7/12/2018,5:43:47 PM,27.5731,56.7425,27.4,,DSN      ,ML    ,2.7
612299506,se  ,ISC      ,7/13/2018,9:03:25 AM,28.1064,57.2824,32.5,,ISC      ,mb    ,4.7
617242005,ke  ,TEH      ,7/13/2018,9:25:47 AM,28.177,57.365,16.5,,TEH      ,ML    ,3
617242011,ke  ,TEH      ,7/13/2018,1:27:50 PM,28.209,57.353,10,,TEH      ,ML    ,2.9
617242014,ke  ,TEH      ,7/13/2018,5:01:32 PM,28.17,57.343,10,,TEH      ,ML    ,2.5
615353913,ke  ,DSN      ,7/13/2018,10:15:22 PM,27.0682,55.6451,10,,DSN      ,ML    ,2.1
612300584,se  ,ISC      ,7/15/2018,11:48:23 AM,28.1534,57.7523,10,TRUE,ISC      ,mb    ,4.2
615353921,ke  ,TEH      ,7/17/2018,2:36:43 PM,27.573,56.565,13.5,,TEH      ,ML    ,3.2
617242262,ke  ,TEH      ,7/21/2018,6:24:14 PM,28.063,55.08,20.5,,TEH      ,ML    ,2.8
612366652,se  ,ISC      ,7/22/2018,5:04:47 AM,27.5085,54.8922,16.1,,ISC      ,mb    ,4.6
612366651,ke  ,ISC      ,7/22/2018,5:07:03 AM,27.5942,54.9686,13.6,,ISC      ,mb    ,5.5
612414333,ke  ,ISC      ,7/22/2018,5:59:21 AM,27.5497,54.9924,13.4,,ISC      ,mb    ,3.8
617242276,ke  ,TEH      ,7/22/2018,7:51:45 AM,27.486,54.892,21.4,,TEH      ,ML    ,3.4
616323553,ke  ,ISC      ,7/22/2018,2:45:27 PM,27.4874,54.8046,20,TRUE,ISC      ,mb    ,3.5
612414359,ke  ,ISC      ,7/22/2018,5:23:00 PM,27.5272,54.9623,20,TRUE,ISC      ,mb    ,4
617242351,ke  ,TEH      ,7/22/2018,5:34:29 PM,28.246,57.544,25.7,,TEH      ,ML    ,3.3
617242402,ke  ,TEH      ,7/22/2018,7:39:49 PM,27.46,54.963,20,,TEH      ,ML    ,3.3
617242404,ke  ,TEH      ,7/22/2018,7:59:55 PM,27.525,54.938,10,,TEH      ,ML    ,2.7
612366896,ke  ,ISC      ,7/22/2018,8:59:53 PM,27.6234,54.9485,19.5,,ISC      ,mb    ,4.8
615353999,ke  ,ISC      ,7/22/2018,10:55:40 PM,27.4472,54.9375,20,TRUE,DSN      ,ML    ,3
612444129,ke  ,ISC      ,7/23/2018,2:50:19 AM,27.5651,54.9233,20,TRUE,ISC      ,mb    ,3.6
615354000,ke  ,ISC      ,7/23/2018,8:41:30 AM,27.5908,55.0521,5.4,,DSN      ,ML    ,3
615354001,ke  ,ISC      ,7/23/2018,10:18:24 AM,27.4653,54.9579,20,TRUE,DSN      ,ML    ,3.3
617242521,ke  ,TEH      ,7/23/2018,10:44:03 PM,27.79,54.964,12.7,,TEH      ,ML    ,2.9
615354004,ke  ,DSN      ,7/24/2018,9:00:49 AM,27.3922,55.0359,15,,DSN      ,ML    ,2.6
617242567,ke  ,TEH      ,7/24/2018,8:34:33 PM,27.641,56.781,4.9,,TEH      ,ML    ,2.4
615354005,ke  ,ISC      ,7/24/2018,10:38:34 PM,27.5219,54.9367,10,TRUE,DSN      ,ML    ,2.8
612481907,ke  ,ISC      ,7/26/2018,2:38:33 PM,28.305,57.2131,31,TRUE,ISC      ,mb    ,3.6
615354009,ke  ,DSN      ,7/27/2018,7:56:52 AM,25.1807,55.7192,0,,DSN      ,ML    ,2
615354010,ke  ,OMAN     ,7/27/2018,9:18:45 PM,28.0445,56.4014,10,TRUE,OMAN     ,ml    ,2.7
617242764,ke  ,TEH      ,7/28/2018,8:59:23 PM,27.555,56.797,13.8,,TEH      ,ML    ,2.8
617242823,ke  ,TEH      ,7/30/2018,8:44:47 AM,28.253,57.192,8.2,,TEH      ,ML    ,3.1
612379687,se  ,ISC      ,7/30/2018,10:38:55 AM,28.2384,57.1511,16.5,,ISC      ,mb    ,4.3
617242877,ke  ,TEH      ,7/31/2018,10:58:19 PM,27.192,54.805,10,,TEH      ,ML    ,2.5
615354018,ke  ,DSN      ,8/1/2018,3:36:13 PM,26.935,55.7882,15,,DSN      ,ML    ,2.3
617242895,ke  ,ISC      ,8/1/2018,4:34:17 PM,27.8765,57.6033,25.8,,TEH      ,ML    ,2.8
617242913,ke  ,TEH      ,8/2/2018,8:21:38 AM,28.653,56.952,10,,TEH      ,ML    ,2.5
615354021,ke  ,ISC      ,8/2/2018,10:50:04 AM,27.7377,57.7297,4.6,,TEH      ,ML    ,3.5
617242919,ke  ,TEH      ,8/2/2018,6:47:07 PM,28.882,57.162,10,,TEH      ,ML    ,2.6
617242948,ke  ,TEH      ,8/3/2018,4:13:55 PM,28.895,57.29,10,,TEH      ,ML    ,2.1
617242957,ke  ,TEH      ,8/3/2018,11:53:53 PM,28.136,55.725,10,,TEH      ,ML    ,2.9
612529912,ke  ,ISC      ,8/4/2018,4:31:21 AM,28.1844,54.3189,17,TRUE,ISC      ,mb    ,3.8
612456361,se  ,ISC      ,8/4/2018,9:36:05 AM,28.8404,57.4377,100,TRUE,ISC      ,mb    ,4.4
617243042,ke  ,TEH      ,8/7/2018,9:52:02 AM,28.468,57.243,10,,TEH      ,ML    ,2.8
615354147,ke  ,ISC      ,8/7/2018,12:23:49 PM,28.2798,57.5273,10,TRUE,TEH      ,ML    ,3.6
617583137,ke  ,OMAN     ,8/8/2018,12:28:59 AM,28.0349,57.3132,10,TRUE,OMAN     ,ml    ,2.7
612635168,ke  ,ISC      ,8/11/2018,12:09:45 PM,28.1092,56.3256,10,TRUE,ISC      ,mb    ,3.9
617243148,ke  ,TEH      ,8/12/2018,8:39:34 AM,28.893,56.977,16,,TEH      ,ML    ,2.7
617243194,ke  ,TEH      ,8/13/2018,6:02:43 PM,28.366,55.351,7.9,,TEH      ,ML    ,2.9
617243201,ke  ,TEH      ,8/14/2018,3:26:09 AM,27.731,56.869,13.5,,TEH      ,ML    ,2.9
615357839,ke  ,DSN      ,8/17/2018,7:33:32 PM,26.9168,54.146,15,,DSN      ,ML    ,2.6
617243331,ke  ,TEH      ,8/18/2018,7:09:43 PM,27.506,55.358,11.3,,TEH      ,ML    ,2.9
617243420,ke  ,TEH      ,8/21/2018,3:58:12 PM,27.862,54.119,10,,TEH      ,ML    ,2.8
615357850,ke  ,DSN      ,8/21/2018,4:07:13 PM,26.9962,54.2371,10,,DSN      ,ML    ,2.7
617243430,ke  ,TEH      ,8/21/2018,10:39:51 PM,28.268,57.172,10,,TEH      ,ML    ,2.8
615357851,ke  ,ISC      ,8/21/2018,11:06:07 PM,26.3112,57.3193,3.5,,TEH      ,ML    ,2.9
612706250,ke  ,ISC      ,8/22/2018,3:53:27 AM,28.394,56.9728,10,TRUE,ISC      ,mb    ,3.7
617243440,ke  ,TEH      ,8/22/2018,3:55:16 AM,28.476,56.961,10,,TEH      ,ML    ,2.9
617243441,ke  ,TEH      ,8/22/2018,3:57:09 AM,28.482,56.986,10,,TEH      ,ML    ,2.5
615357853,ke  ,ISC      ,8/22/2018,2:21:47 PM,28.173,57.3421,9.6,,TEH      ,ML    ,3.3
617243454,ke  ,TEH      ,8/22/2018,2:51:11 PM,28.238,57.233,10,,TEH      ,ML    ,2.5
612634327,ke  ,ISC      ,8/23/2018,10:52:46 AM,27.0588,54.2085,11.2,,ISC      ,mb    ,4.9
612634330,se  ,ISC      ,8/23/2018,11:10:49 AM,27.0792,54.2109,7.3,,ISC      ,mb    ,4.3
612706366,ke  ,ISC      ,8/23/2018,11:28:49 AM,28.241,55.7253,22,TRUE,ISC      ,mb    ,3.9
612706375,ke  ,ISC      ,8/23/2018,2:21:09 PM,27.1004,54.3498,10,TRUE,ISC      ,mb    ,3.5
617243506,ke  ,TEH      ,8/24/2018,6:32:13 AM,27.059,54.334,6,,TEH      ,ML    ,3.2
617243507,ke  ,TEH      ,8/24/2018,7:14:33 AM,27.093,54.355,15.2,,TEH      ,ML    ,2.8
617243516,ke  ,TEH      ,8/24/2018,10:57:18 AM,27.152,54.357,8.2,,TEH      ,ML    ,3.1
617243519,ke  ,TEH      ,8/24/2018,3:36:03 PM,27.26,54.406,20,,TEH      ,ML    ,2.7
612638169,se  ,ISC      ,8/24/2018,6:18:43 PM,27.0561,54.3002,5.9,,ISC      ,mb    ,4.1
617243522,ke  ,TEH      ,8/24/2018,7:24:27 PM,28.578,56.84,10,,TEH      ,ML    ,2.2
617243525,ke  ,TEH      ,8/24/2018,11:25:10 PM,27.173,54.416,22.2,,TEH      ,ML    ,2.7
617243546,ke  ,TEH      ,8/25/2018,9:51:05 AM,27.193,54.435,5,,TEH      ,ML    ,3.1
615357859,ke  ,ISC      ,8/25/2018,2:28:40 PM,27.2085,54.4885,10,TRUE,DSN      ,ML    ,3
615357864,ke  ,ISC      ,8/26/2018,5:40:09 PM,27.5952,56.4212,18,TRUE,DSN      ,ML    ,3
612640472,ke  ,ISC      ,8/27/2018,10:55:15 AM,27.1299,54.269,10.9,,ISC      ,mb    ,3.9
617243718,ke  ,TEH      ,8/27/2018,2:46:56 PM,28.438,57.32,10,,TEH      ,ML    ,2.7
617243822,ke  ,TEH      ,8/28/2018,5:12:01 AM,28.386,57.065,10,,TEH      ,ML    ,2.4
617243827,ke  ,TEH      ,8/28/2018,6:00:50 AM,27.766,54.918,10,,TEH      ,ML    ,2.9
617243969,ke  ,TEH      ,8/29/2018,9:10:23 AM,28.396,57.365,11,,TEH      ,ML    ,2.7
617243981,ke  ,TEH      ,8/29/2018,3:05:28 PM,28.188,56.352,10.7,,TEH      ,ML    ,3.1
617244123,ke  ,TEH      ,8/31/2018,7:06:51 AM,27.149,54.331,11.8,,TEH      ,ML    ,3.2
617244136,ke  ,TEH      ,8/31/2018,3:23:46 PM,27.304,54.435,5,,TEH      ,ML    ,3.2
617244180,ke  ,TEH      ,9/2/2018,5:36:28 AM,28.036,57.564,9,,TEH      ,ML    ,2.1
617244216,ke  ,TEH      ,9/2/2018,5:06:44 PM,28.138,56.783,10,,TEH      ,ML    ,2.4
617244270,ke  ,ISC      ,9/3/2018,9:10:51 AM,26.6332,58.054,10,TRUE,TEH      ,ML    ,2.9
617244370,ke  ,TEH      ,9/5/2018,11:06:16 AM,28.548,57.036,10,,TEH      ,ML    ,2.8
617457091,ke  ,TEH      ,9/5/2018,11:46:17 AM,27.987,56.892,14.7,,TEH      ,ML    ,2.9
617244382,ke  ,TEH      ,9/5/2018,5:01:01 PM,28.01,56.907,10,,TEH      ,ML    ,2.4
612735818,ke  ,ISC      ,9/7/2018,6:54:38 AM,28.5103,55.6536,22,TRUE,ISC      ,mb    ,3.6
615357889,ke  ,OMAN     ,9/8/2018,2:00:41 AM,25.9867,57.6523,10,TRUE,OMAN     ,ml    ,2.3
617244541,ke  ,TEH      ,9/8/2018,10:13:37 AM,27.663,54.985,9,,TEH      ,ML    ,3
617244628,ke  ,TEH      ,9/10/2018,1:33:30 AM,27.598,56.685,8,,TEH      ,ML    ,2.9
617583163,ke  ,OMAN     ,9/12/2018,7:24:08 AM,25.8677,57.7115,10,TRUE,OMAN     ,ml    ,1.7
612794379,ke  ,ISC      ,9/13/2018,3:36:18 AM,28.0015,56.4242,16.2,,ISC      ,mb    ,3.9
615357898,ke  ,OMAN     ,9/13/2018,10:41:23 PM,25.8486,57.6482,10,TRUE,OMAN     ,ml    ,2.1
615357899,ke  ,ISC      ,9/14/2018,7:18:46 AM,27.5674,55.4514,15,TRUE,DSN      ,ML    ,3
615357900,ke  ,ISC      ,9/14/2018,1:39:59 PM,25.8379,58.255,7.4,,TEH      ,ML    ,3.3
617244889,ke  ,TEH      ,9/15/2018,6:19:05 PM,28.744,54.876,8.6,,TEH      ,ML    ,2.8
612723498,ke  ,ISC      ,9/15/2018,9:37:57 PM,28.6659,54.9175,10,TRUE,ISC      ,mb    ,3.9
617244898,ke  ,TEH      ,9/15/2018,10:06:18 PM,28.558,56.862,10,,TEH      ,ML    ,2.6
617244912,ke  ,TEH      ,9/16/2018,2:15:36 AM,28.133,55.879,7.3,,TEH      ,ML    ,3
617244919,ke  ,ISC      ,9/16/2018,7:12:26 AM,28.8365,56.2861,10,TRUE,TEH      ,ML    ,2.6
612724802,ke  ,ISC      ,9/16/2018,7:51:31 AM,27.115,54.2379,19,TRUE,ISC      ,mb    ,3.8
612723519,ke  ,ISC      ,9/16/2018,11:49:54 AM,25.9812,57.7207,17.1,,ISC      ,mb    ,3.9
615357908,ke  ,OMAN     ,9/16/2018,2:24:03 PM,25.8246,57.6461,10,TRUE,OMAN     ,ml    ,2.7
615357909,ke  ,OMAN     ,9/16/2018,3:55:30 PM,25.922,57.7353,19.7,,OMAN     ,ml    ,2.9
615357910,ke  ,ISC      ,9/16/2018,5:10:59 PM,27.9017,56.3122,30.4,,TEH      ,ML    ,3.3
615357911,ke  ,TEH      ,9/16/2018,5:32:57 PM,25.987,57.659,18.6,,TEH      ,ML    ,3.2
617244946,ke  ,TEH      ,9/16/2018,9:34:36 PM,27.952,56.304,20,,TEH      ,ML    ,3.4
617244947,ke  ,TEH      ,9/16/2018,9:41:56 PM,27.997,56.375,10,,TEH      ,ML    ,2.6
617244948,ke  ,TEH      ,9/16/2018,10:24:26 PM,27.96,56.433,9.7,,TEH      ,ML    ,2.8
615357912,ke  ,ISC      ,9/16/2018,10:36:16 PM,27.9921,56.2949,25,,DSN      ,ML    ,2.8
617244949,ke  ,TEH      ,9/16/2018,10:41:57 PM,28.001,56.387,10,,TEH      ,ML    ,2.6
617244950,ke  ,TEH      ,9/16/2018,11:43:35 PM,27.578,54.97,8,,TEH      ,ML    ,2.9
617244951,ke  ,TEH      ,9/16/2018,11:54:59 PM,28.064,56.283,8.7,,TEH      ,ML    ,2.4
612848769,ke  ,ISC      ,9/17/2018,3:44:18 AM,28.0201,56.2798,18.9,,ISC      ,mb    ,3.6
617244978,ke  ,TEH      ,9/17/2018,8:14:52 PM,28.891,57.933,10,,TEH      ,ML    ,1.8
617245172,ke  ,TEH      ,9/22/2018,2:07:14 AM,28.453,57.17,10,,TEH      ,ML    ,2.7
612855854,ke  ,ISC      ,9/22/2018,4:28:28 AM,27.0309,55.1245,16.5,,ISC      ,mb    ,3.8
617245142,ke  ,TEH      ,9/22/2018,1:58:36 PM,28.523,57.172,10,,TEH      ,ML    ,2.9
612855915,ke  ,ISC      ,9/23/2018,3:53:00 AM,27.6274,54.995,15.3,,ISC      ,mb    ,3.5
613407785,se  ,ISC      ,9/27/2018,12:14:10 AM,27.0443,57.5695,29.1,,ISC      ,mb    ,4
617245420,ke  ,TEH      ,9/28/2018,6:41:31 AM,27.608,57.532,15.4,,TEH      ,ML    ,2.7
615357945,ke  ,ISC      ,9/29/2018,9:08:19 AM,27.1004,54.2731,19.3,,TEH      ,ML    ,3.9
613497623,ke  ,ISC      ,9/29/2018,3:27:33 PM,28.2348,54.5701,17,TRUE,ISC      ,mb    ,3.8
617245455,ke  ,TEH      ,9/29/2018,3:37:16 PM,28.358,54.685,10,,TEH      ,ML    ,2.5
617245472,ke  ,TEH      ,9/30/2018,12:33:03 AM,28.044,56.51,10,,TEH      ,ML    ,1.9
612845189,se  ,ISC      ,9/30/2018,1:23:39 PM,28.8367,57.3415,115.5,,ISC      ,mb    ,4.4
615357953,ke  ,ISC      ,10/1/2018,12:41:18 AM,27.4566,54.8866,20,TRUE,TEH      ,ML    ,3.4
613505484,ke  ,ISC      ,10/2/2018,10:53:15 AM,27.5926,54.9215,10,TRUE,ISC      ,mb    ,4
617245623,ke  ,TEH      ,10/3/2018,5:19:41 PM,28.576,57.351,18,,TEH      ,ML    ,2
615357960,ke  ,ISC      ,10/3/2018,11:50:09 PM,27.4638,56.5376,11.4,,TEH      ,ML    ,2.6
613508172,ke  ,ISC      ,10/4/2018,3:10:06 AM,25.9627,57.7256,11.8,,ISC      ,mb    ,3.5
613508213,se  ,ISC      ,10/4/2018,5:26:15 PM,28.9155,57.2812,100,TRUE,ISC      ,mb    ,4.1
615357971,ke  ,ISC      ,10/9/2018,3:49:51 AM,26.4906,57.9336,6.2,,DSN      ,ML    ,3.2
615357972,ke  ,ISC      ,10/9/2018,4:59:01 PM,27.8492,57.3611,30,TRUE,DSN      ,ML    ,2.4
615357974,ke  ,ISC      ,10/9/2018,10:51:18 PM,25.9507,57.729,14.5,,TEH      ,ML    ,3.2
617245860,ke  ,TEH      ,10/11/2018,4:50:19 AM,27.815,56.748,10,,TEH      ,ML    ,2.5
613512981,ke  ,ISC      ,10/11/2018,9:37:30 AM,28.1689,57.3141,10,TRUE,ISC      ,mb    ,3.7
617245895,ke  ,TEH      ,10/11/2018,10:46:17 PM,27.436,57.604,10,,TEH      ,ML    ,2.7
617245906,ke  ,TEH      ,10/12/2018,1:59:50 AM,28.899,57.286,10,,TEH      ,ML    ,2
617245921,ke  ,TEH      ,10/12/2018,5:26:35 PM,27.462,57.61,8,,TEH      ,ML    ,2.5
615357979,ke  ,DSN      ,10/13/2018,12:41:33 PM,27.8115,56.6613,10,,DSN      ,ML    ,2.1
615357985,ke  ,OMAN     ,10/14/2018,9:15:02 PM,26.7856,55.556,16.4,,OMAN     ,ml    ,2.5
617245996,ke  ,TEH      ,10/14/2018,11:53:02 PM,28.216,57.684,3.9,,TEH      ,ML    ,2.8
617246010,ke  ,ISC      ,10/15/2018,12:15:36 PM,27.0627,57.8911,3.7,,TEH      ,ML    ,2.9
617246016,ke  ,TEH      ,10/15/2018,3:09:05 PM,27.645,54.97,10,,TEH      ,ML    ,2.9
617246047,ke  ,TEH      ,10/16/2018,9:33:29 AM,28.3,56.968,11,,TEH      ,ML    ,2.8
617246071,ke  ,TEH      ,10/17/2018,2:36:49 AM,28.267,57.399,10,,TEH      ,ML    ,2.5
617246081,ke  ,TEH      ,10/17/2018,5:59:48 AM,28.052,57.169,8,,TEH      ,ML    ,2.7
617246235,ke  ,TEH      ,10/20/2018,4:05:44 PM,27.417,57.418,15.5,,TEH      ,ML    ,2.8
617246245,ke  ,TEH      ,10/20/2018,8:57:24 PM,28.151,57.468,10,,TEH      ,ML    ,2
617246249,ke  ,TEH      ,10/20/2018,9:35:06 PM,28.139,57.751,10,,TEH      ,ML    ,2.1
617246263,ke  ,ISC      ,10/21/2018,4:11:21 AM,28.2386,54.0748,10,TRUE,TEH      ,ML    ,2.9
617246358,ke  ,TEH      ,10/23/2018,9:18:33 PM,26.747,54.559,17,,TEH      ,ML    ,2.9
617246384,ke  ,ISC      ,10/24/2018,3:13:40 PM,27.2334,57.7818,10,TRUE,TEH      ,ML    ,3.5
617246403,ke  ,TEH      ,10/25/2018,1:23:06 AM,27.705,56.757,10,,TEH      ,ML    ,2
617246422,ke  ,TEH      ,10/25/2018,9:20:47 AM,28.2,57.393,10,,TEH      ,ML    ,2.5
617246445,ke  ,TEH      ,10/26/2018,12:48:08 PM,28.757,57.434,10,,TEH      ,ML    ,2.7
615358015,ke  ,DSN      ,10/26/2018,4:00:17 PM,26.7872,55.3061,10,,DSN      ,ML    ,2.1
615358018,ke  ,ISC      ,10/27/2018,7:58:53 AM,29.1258,56.9583,10,TRUE,TEH      ,ML    ,2.8
617246534,ke  ,TEH      ,10/30/2018,4:49:23 AM,27.908,57.202,10,,TEH      ,ML    ,2.4
617246550,ke  ,TEH      ,10/30/2018,5:51:23 PM,27.983,57.497,10,,TEH      ,ML    ,2.5
617246590,ke  ,TEH      ,11/1/2018,2:50:20 AM,28.876,57.85,10,,TEH      ,ML    ,2.3
617246638,ke  ,TEH      ,11/2/2018,7:59:55 PM,28.93,57.818,8,,TEH      ,ML    ,2.2
615358046,ke  ,OMAN     ,11/5/2018,12:13:00 AM,27.0986,54.2609,10,TRUE,OMAN     ,ml    ,2.7
617246697,ke  ,TEH      ,11/5/2018,3:09:32 PM,28.236,57.797,5,,TEH      ,ML    ,2.7
613534117,se  ,ISC      ,11/6/2018,4:14:43 AM,28.3002,57.1397,10,TRUE,ISC      ,mb    ,4.2
615358048,ke  ,DSN      ,11/6/2018,3:54:19 PM,27.0955,56.6465,5,,DSN      ,ML    ,2
617246734,ke  ,TEH      ,11/7/2018,6:10:55 AM,28.036,57.547,10,,TEH      ,ML    ,2.4
617246748,ke  ,TEH      ,11/7/2018,1:28:47 PM,27.77,56.754,9.6,,TEH      ,ML    ,2.9
613970783,ke  ,ISC      ,11/8/2018,1:07:55 AM,28.3223,57.2013,10,TRUE,ISC      ,mb    ,3.9
615358054,ke  ,DSN      ,11/8/2018,3:17:30 PM,26.802,56.7367,10,,DSN      ,ML    ,2.2
615358055,ke  ,DSN      ,11/8/2018,3:19:23 PM,27.0209,55.8491,10,,DSN      ,ML    ,2.2
617246790,ke  ,TEH      ,11/8/2018,3:27:23 PM,28.365,57.179,10,,TEH      ,ML    ,2.9
617246867,ke  ,TEH      ,11/10/2018,11:42:07 AM,28.398,55.974,8,,TEH      ,ML    ,2.5
617246845,ke  ,TEH      ,11/10/2018,10:30:12 PM,28.388,54.141,15,,TEH      ,ML    ,2.9
615358062,ke  ,ISC      ,11/11/2018,10:36:06 AM,27.1897,56.2251,12.7,,TEH      ,ML    ,3.3
615358063,ke  ,ISC      ,11/11/2018,10:50:40 AM,27.3614,56.3365,29.6,,TEH      ,ML    ,3.2
617246943,ke  ,TEH      ,11/12/2018,7:58:33 PM,28.181,56.689,10,,TEH      ,ML    ,2.6
617246946,ke  ,TEH      ,11/12/2018,9:27:05 PM,28.155,57.534,10,,TEH      ,ML    ,2.9
617246973,ke  ,TEH      ,11/13/2018,9:15:51 PM,27.942,57.224,10,,TEH      ,ML    ,2.8
617246975,ke  ,TEH      ,11/13/2018,10:18:45 PM,28.461,57.12,10,,TEH      ,ML    ,2.7
617247060,ke  ,TEH      ,11/16/2018,4:14:51 PM,27.939,57.24,10,,TEH      ,ML    ,2.7
615358089,ke  ,ISC      ,11/19/2018,9:31:14 PM,26.7882,56.5709,9.6,,TEH      ,ML    ,3.3
614267310,ke  ,ISC      ,11/22/2018,2:11:51 AM,27.031,53.8315,9.7,,ISC      ,mb    ,4.7
615358098,ke  ,DSN      ,11/22/2018,12:41:02 PM,26.3358,56.5965,10,,DSN      ,ML    ,1.8
617247316,ke  ,TEH      ,11/24/2018,12:14:19 AM,27.723,56.78,16.4,,TEH      ,ML    ,1.9
617247317,ke  ,TEH      ,11/24/2018,12:16:49 AM,27.786,56.781,10,,TEH      ,ML    ,2.4
617247320,ke  ,TEH      ,11/24/2018,1:59:14 AM,27.826,56.76,9,,TEH      ,ML    ,2.3
615358106,ke  ,OMAN     ,11/24/2018,1:11:27 PM,26.1582,57.4752,10,TRUE,OMAN     ,ml    ,2.6
615358107,ke  ,DSN      ,11/24/2018,1:31:22 PM,27.1489,55.6693,5,,DSN      ,ML    ,2.6
617460332,ke  ,ISC      ,11/25/2018,8:57:25 AM,27.6638,54.9408,20,TRUE,ISC      ,mb    ,3.8
617247546,ke  ,TEH      ,11/27/2018,4:18:06 AM,28.599,57.788,10,,TEH      ,ML    ,1.9
617247606,ke  ,TEH      ,11/27/2018,10:56:43 PM,27.737,54.797,16.2,,TEH      ,ML    ,3
617247747,ke  ,TEH      ,11/29/2018,4:58:13 PM,27.537,56.794,15.9,,TEH      ,ML    ,2.3
617247770,ke  ,TEH      ,11/30/2018,12:53:53 PM,28.567,56.95,10,,TEH      ,ML    ,2.5
615358134,ke  ,ISC      ,12/1/2018,12:25:30 AM,27.762,55.5829,22,TRUE,TEH      ,ML    ,2.9
617247794,ke  ,TEH      ,12/1/2018,10:44:10 AM,28.095,57.59,26.3,,TEH      ,ML    ,2.4
615358138,ke  ,DSN      ,12/2/2018,6:17:02 AM,26.2514,56.3285,0,,DSN      ,ML    ,1.7
615358139,ke  ,DSN      ,12/2/2018,1:50:45 PM,25.6692,56.296,9,,DSN      ,ML    ,1.6
615358146,ke  ,ISC      ,12/4/2018,2:19:27 AM,27.1738,56.1627,12.8,,OMAN     ,ml    ,3.1
617248111,ke  ,TEH      ,12/5/2018,12:47:04 AM,28.272,56.96,10,,TEH      ,ML    ,2.2
615358150,ke  ,ISC      ,12/5/2018,5:47:06 AM,26.8782,55.7132,10,TRUE,OMAN     ,ml    ,2.8
615358151,ke  ,ISC      ,12/5/2018,7:38:52 AM,27.065,54.3013,10,TRUE,DSN      ,ML    ,3.4
614406039,se  ,ISC      ,12/5/2018,8:12:38 PM,27.3835,56.2643,12,,ISC      ,mb    ,4.2
615358156,ke  ,DSN      ,12/7/2018,12:44:39 AM,27.3767,56.1009,10,,DSN      ,ML    ,2.5
614458921,ke  ,ISC      ,12/8/2018,12:22:23 PM,28.2708,57.1703,14.6,,ISC      ,mb    ,3.6
617248466,ke  ,TEH      ,12/9/2018,12:14:56 PM,28.575,57.239,8,,TEH      ,ML    ,3.1
617248544,ke  ,ISC      ,12/10/2018,2:15:22 AM,28.5417,56.8577,31,TRUE,TEH      ,ML    ,2.9
615358165,ke  ,ISC      ,12/10/2018,11:08:51 PM,26.8112,55.0024,15.7,,OMAN     ,mb    ,4.2
615358172,ke  ,DSN      ,12/12/2018,12:01:10 PM,25.3019,56.2188,3.5,,DSN      ,ML    ,2.3
614461727,ke  ,ISC      ,12/13/2018,5:30:03 PM,28.3028,57.3108,10,TRUE,ISC      ,mb    ,3.7
617248996,ke  ,TEH      ,12/15/2018,12:50:51 AM,28.122,57.692,10,,TEH      ,ML    ,2.1
617248975,ke  ,TEH      ,12/15/2018,1:05:36 PM,28.356,57.323,10,,TEH      ,ML    ,2.2
617249065,ke  ,TEH      ,12/16/2018,2:16:15 AM,28.276,57.151,10,,TEH      ,ML    ,2.6
617249162,ke  ,TEH      ,12/17/2018,7:48:32 PM,28.748,57.834,10,,TEH      ,ML    ,2.3
617249165,ke  ,TEH      ,12/17/2018,11:09:10 PM,27.863,54.122,10,,TEH      ,ML    ,2.3
617583344,ke  ,OMAN     ,12/19/2018,5:19:59 AM,26.1134,57.3359,26.7,,OMAN     ,ml    ,1.9
615358196,ke  ,ISC      ,12/21/2018,7:38:23 PM,27.1318,56.5444,0.5,,OMAN     ,mb    ,3.5
617249677,ke  ,TEH      ,12/24/2018,4:36:38 PM,29.124,57.113,75,,TEH      ,ML    ,2.3
615358211,ke  ,DSN      ,12/25/2018,2:02:41 AM,27.4103,56.2058,10,,DSN      ,ML    ,2
617249748,ke  ,TEH      ,12/25/2018,9:39:54 AM,26.895,56.653,15.4,,TEH      ,ML    ,2
615358216,ke  ,DSN      ,12/26/2018,4:01:26 PM,27.0473,56.2156,10,,DSN      ,ML    ,2.3
615358217,ke  ,ISC      ,12/26/2018,4:08:05 PM,27.017,56.0997,5.6,,DSN      ,ML    ,2.8
614582980,ke  ,ISC      ,12/27/2018,3:08:05 AM,26.7543,54.8803,17,TRUE,ISC      ,mb    ,3.5
617249890,ke  ,TEH      ,12/27/2018,4:55:32 AM,27.887,57.817,16.2,,TEH      ,ML    ,2.5
615358226,ke  ,DSN      ,12/28/2018,9:37:41 PM,27.113,55.8513,10,,DSN      ,ML    ,1.9
614463811,se  ,ISC      ,12/29/2018,11:16:39 PM,28.2484,55.6141,10,TRUE,ISC      ,mb    ,4
615358232,ke  ,OMAN     ,12/30/2018,9:13:45 PM,25.9748,56.48,5,TRUE,OMAN     ,ml    ,2.5
617250138,ke  ,ISC      ,12/31/2018,1:51:45 AM,28.5221,57.3423,10,TRUE,TEH      ,ML    ,2.5
614470873,se  ,ISC      ,12/31/2018,6:44:13 AM,28.274,56.6355,10,TRUE,ISC      ,mb    ,4.2
617250145,ke  ,TEH      ,12/31/2018,6:48:45 AM,28.361,56.661,9,,TEH      ,ML    ,2.9
617307654,ke  ,TEH      ,1/1/2019,1:20:43 AM,27.337,57.938,8,,DSN      ,ML    ,2.6
617583366,ke  ,ISC      ,1/1/2019,4:39:48 AM,27.3815,58.2459,10,TRUE,OMAN     ,ml    ,3.4
617307683,ke  ,ISC      ,1/1/2019,4:54:14 PM,26.8793,55.9032,11,,DSN      ,ML    ,2.8
614470894,se  ,ISC      ,1/2/2019,3:39:33 PM,28.0175,54.3036,17,TRUE,ISC      ,mb    ,4.4
616303632,ke  ,ISC      ,1/2/2019,5:10:12 PM,28.0263,54.3519,17,TRUE,ISC      ,mb    ,3.8
616303649,ke  ,ISC      ,1/2/2019,11:32:04 PM,28.0193,54.2931,10,TRUE,ISC      ,mb    ,3.5
617335375,ke  ,ISC      ,1/4/2019,3:16:44 PM,28.0444,54.3154,10,TRUE,ISC      ,mb    ,3.9
617583370,ke  ,OMAN     ,1/4/2019,5:38:39 PM,25.6767,57.5515,7.2,,OMAN     ,ml    ,1.8
617335387,ke  ,ISC      ,1/5/2019,4:31:47 AM,27.9901,54.2942,17,TRUE,ISC      ,mb    ,3.4
617335433,ke  ,TEH      ,1/6/2019,8:30:09 PM,28.013,54.375,10,,         ,      ,
617335468,ke  ,TEH      ,1/7/2019,4:12:23 PM,28.232,55.799,10,,         ,      ,
617335472,ke  ,ISC      ,1/7/2019,8:17:15 PM,28.3381,56.998,10,TRUE,DSN      ,ML    ,2.7
617335475,ke  ,TEH      ,1/7/2019,9:41:22 PM,28.509,56.86,10,,         ,      ,
617335479,ke  ,TEH      ,1/7/2019,10:14:42 PM,28.087,57.419,10,,         ,      ,
617335480,ke  ,TEH      ,1/7/2019,10:54:26 PM,28.44,56.987,10,,         ,      ,
617335482,ke  ,TEH      ,1/7/2019,11:10:23 PM,28.43,56.983,14.2,,         ,      ,
617335488,ke  ,TEH      ,1/8/2019,5:05:29 AM,27.544,54.782,24.9,,         ,      ,
617335493,ke  ,TEH      ,1/8/2019,7:22:11 AM,28.058,54.428,13.8,,         ,      ,
617335534,ke  ,ISC      ,1/9/2019,3:32:04 PM,27.7769,56.1873,16,TRUE,DSN      ,ML    ,2.7
617335540,ke  ,ISC      ,1/9/2019,10:41:39 PM,28.1607,55.8132,16,TRUE,ISC      ,mb    ,3.8
617335549,ke  ,TEH      ,1/10/2019,1:33:43 AM,27.315,56.187,13,,DSN      ,ML    ,2.6
617335571,ke  ,TEH      ,1/11/2019,6:12:08 AM,28.462,56.984,10,,OMAN     ,ml    ,2.6
617335579,ke  ,ISC      ,1/11/2019,8:51:25 AM,25.6939,56.1116,4.7,,ISC      ,mb    ,3.6
617335598,ke  ,TEH      ,1/11/2019,10:08:43 PM,28.106,57.141,10,,         ,      ,
617583380,ke  ,OMAN     ,1/14/2019,1:51:56 AM,26.8853,56.149,10,TRUE,OMAN     ,ml    ,2.3
617335681,ke  ,TEH      ,1/14/2019,4:52:08 PM,27.656,55.87,10,,         ,      ,
617335682,ke  ,TEH      ,1/14/2019,4:53:39 PM,27.479,55.674,15.3,,DSN      ,ML    ,2.9
617335735,ke  ,TEH      ,1/17/2019,3:21:48 AM,27.392,54.585,9.2,,         ,      ,
617583382,ke  ,OMAN     ,1/17/2019,4:22:33 PM,26.3402,57.299,10,TRUE,OMAN     ,ml    ,2
617335748,ke  ,TEH      ,1/18/2019,5:19:34 AM,28.323,57.315,16.1,,         ,      ,
617335760,ke  ,TEH      ,1/18/2019,7:53:05 PM,28.267,57.376,10,,         ,      ,
619040427,ke  ,DSN      ,1/19/2019,5:41:52 AM,26.0542,57.4072,11,,DSN      ,ML    ,2.4
617411528,se  ,ISC      ,1/22/2019,11:50:23 PM,28.4773,56.9774,10,TRUE,ISC      ,mb    ,3.7
617411530,ke  ,TEH      ,1/23/2019,12:07:05 AM,28.411,57.022,7.2,,         ,      ,
617411533,ke  ,TEH      ,1/23/2019,12:41:30 AM,28.459,57.097,10,,         ,      ,
617411539,ke  ,TEH      ,1/23/2019,1:44:59 AM,28.477,57.047,10,,         ,      ,
617411541,ke  ,TEH      ,1/23/2019,2:03:07 AM,28.494,56.985,14.2,,         ,      ,
617411546,ke  ,TEH      ,1/23/2019,2:44:29 AM,28.467,57.012,10,,         ,      ,
617411722,ke  ,ISC      ,1/24/2019,4:55:54 AM,27.7887,57.5291,10,TRUE,OMAN     ,mb    ,4.5
617411875,ke  ,ISC      ,1/25/2019,1:32:21 AM,27.1408,55.8173,14,,ISC      ,mb    ,3.5
617411876,ke  ,TEH      ,1/25/2019,1:39:37 AM,27.292,57.833,10,,         ,      ,
617583389,ke  ,OMAN     ,1/25/2019,5:02:38 AM,27.0145,54.7165,10,TRUE,OMAN     ,ml    ,2.6
617411921,ke  ,ISC      ,1/25/2019,9:09:45 AM,27.5682,56.8929,2.8,,OMAN     ,mb    ,4.1
617411957,ke  ,TEH      ,1/25/2019,1:38:13 PM,27.537,56.836,12.2,,DSN      ,ML    ,2.8
617412281,ke  ,TEH      ,1/27/2019,3:29:23 PM,27.494,56.429,8,,         ,      ,
617412469,ke  ,TEH      ,1/28/2019,3:08:16 PM,28.465,57.178,19.4,,         ,      ,
614617861,ke  ,ISC      ,1/29/2019,12:23:59 AM,27.5969,56.7786,16.7,,ISC      ,mb    ,3.7
617412783,ke  ,ISC      ,1/30/2019,1:40:08 PM,28.0371,54.349,17,TRUE,ISC      ,mb    ,3.9
617412803,ke  ,TEH      ,1/30/2019,6:34:04 PM,28.017,56.818,2,,         ,      ,
617412841,ke  ,TEH      ,1/30/2019,10:39:25 PM,27.628,56.604,10,,         ,      ,
617412864,ke  ,TEH      ,1/31/2019,12:43:16 AM,28.075,54.391,5,,         ,      ,
617413038,ke  ,TEH      ,2/1/2019,2:21:14 AM,27.227,56.623,14.1,,         ,      ,
617413088,ke  ,ISC      ,2/1/2019,4:53:18 PM,27.4903,56.7313,2.3,,ISC      ,mb    ,3.6
617413255,ke  ,TEH      ,2/3/2019,8:54:48 AM,28.922,57.681,8,,         ,      ,
617413256,ke  ,TEH      ,2/3/2019,8:57:13 AM,28.997,57.703,14.3,,         ,      ,
617413284,ke  ,TEH      ,2/3/2019,12:48:46 PM,28.043,57.718,10,,         ,      ,
617413446,ke  ,TEH      ,2/5/2019,8:53:03 PM,28.906,57.246,80,,         ,      ,
617413461,ke  ,ISC      ,2/6/2019,1:41:37 AM,27.6414,56.6519,15.5,,ISC      ,mb    ,3.8
617413721,ke  ,TEH      ,2/8/2019,3:13:35 PM,27.72,57.826,10,,         ,      ,
617413738,ke  ,TEH      ,2/8/2019,5:21:14 PM,28.974,57.904,10,,         ,      ,
614640996,se  ,ISC      ,2/9/2019,7:19:49 AM,27.9706,56.7831,24,TRUE,ISC      ,mb    ,4
617413811,ke  ,ISC      ,2/9/2019,11:00:27 AM,26.9467,55.1026,17,TRUE,DSN      ,ML    ,3
616644547,se  ,ISC      ,2/10/2019,10:54:48 AM,27.0806,55.6262,9.7,,ISC      ,mb    ,5.1
614987423,se  ,ISC      ,2/10/2019,2:56:38 PM,27.0529,55.7031,10.7,,ISC      ,mb    ,4.1
617413911,ke  ,TEH      ,2/10/2019,7:29:47 PM,27.759,56.124,10,,         ,      ,
617583410,ke  ,OMAN     ,2/10/2019,9:24:03 PM,27.0632,55.8522,7.1,,OMAN     ,ml    ,2.5
617413916,ke  ,TEH      ,2/10/2019,9:57:27 PM,28.884,57.664,8,,         ,      ,
617413923,ke  ,ISC      ,2/11/2019,12:38:41 AM,26.9322,55.7104,16.6,,ISC      ,mb    ,3.5
617583412,ke  ,OMAN     ,2/11/2019,2:37:46 AM,27.167,55.6727,0.6,,OMAN     ,ml    ,2.7
614620342,se  ,ISC      ,2/11/2019,4:12:32 AM,27.0372,55.5962,15.5,,ISC      ,mb    ,4.3
617414044,ke  ,ISC      ,2/12/2019,10:55:08 PM,27.2051,56.0578,10,,DSN      ,ML    ,2.6
617414067,ke  ,ISC      ,2/13/2019,8:45:41 AM,26.8811,55.6702,10,TRUE,ISC      ,mb    ,3.8
617414072,ke  ,TEH      ,2/13/2019,10:10:10 AM,27.959,57.359,10,,         ,      ,
617414101,ke  ,ISC      ,2/13/2019,4:55:43 PM,28.6253,57.4292,10,TRUE,OMAN     ,ml    ,2.8
617583418,ke  ,OMAN     ,2/14/2019,12:21:54 AM,27.0337,55.6957,9.7,,OMAN     ,ml    ,2.6
617583419,ke  ,OMAN     ,2/14/2019,1:25:43 AM,26.9405,55.8274,10.9,,OMAN     ,ml    ,2.2
617414139,ke  ,TEH      ,2/14/2019,7:59:07 AM,28.17,55.951,10,,         ,      ,
614670015,se  ,ISC      ,2/14/2019,8:00:47 AM,28.1556,55.9057,16,TRUE,ISC      ,mb    ,4.1
617414250,ke  ,TEH      ,2/15/2019,3:28:16 PM,28.446,57.229,10,,         ,      ,
619040475,ke  ,DSN      ,2/16/2019,3:52:04 AM,26.8537,56.259,10.7,,DSN      ,ML    ,2
617414294,ke  ,TEH      ,2/16/2019,5:34:19 AM,28.252,55.971,9.5,,         ,      ,
617414372,ke  ,TEH      ,2/17/2019,12:37:52 PM,28.361,57.087,10,,         ,      ,
617414427,ke  ,TEH      ,2/18/2019,10:23:03 AM,28.038,56.474,10,,         ,      ,
617414541,ke  ,TEH      ,2/20/2019,11:08:46 AM,28.242,57.021,10,,         ,      ,
617414567,ke  ,TEH      ,2/20/2019,3:04:54 PM,27.723,57.454,10,,         ,      ,
617414579,ke  ,TEH      ,2/20/2019,4:37:08 PM,27.824,57.403,10,,         ,      ,
617414586,ke  ,ISC      ,2/20/2019,5:45:27 PM,27.7783,57.4155,9,,DSN      ,ML    ,2.4
617414587,ke  ,TEH      ,2/20/2019,5:53:28 PM,27.662,57.527,14.4,,         ,      ,
617414588,ke  ,TEH      ,2/20/2019,6:02:09 PM,27.823,57.4,13.1,,         ,      ,
617414597,ke  ,TEH      ,2/20/2019,8:28:41 PM,28.886,57.86,10,,         ,      ,
617414606,ke  ,TEH      ,2/20/2019,11:52:15 PM,28.508,57.025,10,,         ,      ,
617414639,ke  ,TEH      ,2/21/2019,12:21:36 PM,27.737,57.446,13.2,,OMAN     ,ml    ,2.9
617414676,ke  ,TEH      ,2/22/2019,2:47:02 AM,28.255,57.438,10,,DSN      ,ML    ,2.5
617414751,ke  ,TEH      ,2/23/2019,7:16:16 AM,28.121,57.521,8,,         ,      ,
617414752,ke  ,ISC      ,2/23/2019,7:19:27 AM,27.9179,57.6865,27.3,,ISC      ,mb    ,3.7
617414771,ke  ,TEH      ,2/23/2019,1:16:13 PM,28.238,57.632,10,,         ,      ,
617414800,ke  ,ISC      ,2/23/2019,8:03:52 PM,27.0366,55.0729,14.7,,ISC      ,mb    ,3.8
617414815,ke  ,ISC      ,2/24/2019,1:43:32 AM,26.9744,55.2937,5.2,,OMAN     ,ml    ,2.9
617414821,ke  ,TEH      ,2/24/2019,3:53:51 AM,28.072,57.562,12.3,,         ,      ,
617414824,ke  ,TEH      ,2/24/2019,3:54:43 AM,28.081,57.548,10,,         ,      ,
617415049,ke  ,TEH      ,2/26/2019,10:04:22 PM,28.101,57.52,8,,         ,      ,
617415069,ke  ,TEH      ,2/27/2019,5:04:18 AM,26.843,54.116,21.3,,         ,      ,
617415081,ke  ,TEH      ,2/27/2019,8:17:58 AM,27.857,54.491,9,,         ,      ,
617415096,ke  ,TEH      ,2/27/2019,1:55:14 PM,27.837,56.98,15.8,,         ,      ,
617415194,ke  ,TEH      ,3/1/2019,4:22:07 AM,28.069,57.569,10,,         ,      ,
617415365,ke  ,TEH      ,3/3/2019,9:01:29 AM,28.492,55.517,8,,         ,      ,
617415445,ke  ,TEH      ,3/4/2019,10:30:54 AM,27.989,57.054,8,,         ,      ,
617415493,ke  ,TEH      ,3/5/2019,4:23:01 AM,28.224,57.428,9,,         ,      ,
617415543,ke  ,TEH      ,3/5/2019,5:31:07 PM,28.439,57.25,10,,         ,      ,
617415545,ke  ,TEH      ,3/5/2019,5:53:33 PM,27.973,56.165,12,,         ,      ,
617415552,ke  ,TEH      ,3/5/2019,6:56:26 PM,27.337,57.934,14.6,,         ,      ,
617415799,ke  ,ISC      ,3/7/2019,9:44:54 PM,27.5478,56.6926,9.1,,DSN      ,ML    ,2.6
617415813,ke  ,TEH      ,3/8/2019,2:22:53 AM,27.985,57.856,28,,         ,      ,
617583447,ke  ,ISC      ,3/9/2019,4:25:28 PM,27.0941,55.9682,2.7,,DSN      ,ML    ,2.9
617416178,ke  ,TEH      ,3/12/2019,12:40:02 AM,27.979,56.497,10,,         ,      ,
617416241,ke  ,ISC      ,3/12/2019,4:04:08 PM,27.4566,56.5336,7,,OMAN     ,ml    ,2.9
617416279,ke  ,TEH      ,3/13/2019,2:28:19 AM,27.76,56.773,12.1,,         ,      ,
617416288,ke  ,TEH      ,3/13/2019,6:32:39 AM,27.794,56.741,12.2,,         ,      ,
617416369,ke  ,TEH      ,3/14/2019,4:54:30 PM,27.344,56.455,8,,         ,      ,
617583460,ke  ,OMAN     ,3/16/2019,1:56:27 AM,27.0181,54.8646,10,TRUE,OMAN     ,ml    ,2.8
617416659,ke  ,OMAN     ,3/19/2019,12:53:58 AM,26.5663,55.1621,10,,OMAN     ,ml    ,2.5
617583469,ke  ,OMAN     ,3/19/2019,7:15:03 PM,25.1431,56.2625,4.7,,OMAN     ,ml    ,0.8
617416798,ke  ,TEH      ,3/21/2019,3:36:48 AM,27.907,56.538,8,,DSN      ,ML    ,2.5
617416838,ke  ,ISC      ,3/21/2019,8:18:42 PM,27.0983,54.7707,8.8,,OMAN     ,ml    ,3
617416863,ke  ,TEH      ,3/22/2019,8:18:11 AM,28.424,57.282,10,,         ,      ,
617416878,ke  ,ISC      ,3/22/2019,1:26:20 PM,28.3993,54.058,10,TRUE,ISC      ,mb    ,3.6
615307780,ke  ,ISC      ,3/24/2019,7:12:24 AM,28.6025,54.9787,10,TRUE,ISC      ,mb    ,3.9
617417068,ke  ,TEH      ,3/26/2019,1:45:26 AM,27.666,56.643,3.2,,         ,      ,
617417069,ke  ,TEH      ,3/26/2019,1:50:56 AM,26.988,55.692,6,,DSN      ,ML    ,2.6
617583474,ke  ,OMAN     ,3/26/2019,7:05:10 PM,25.6419,57.5993,10,TRUE,OMAN     ,ml    ,2.4
619051050,ke  ,DSN      ,3/26/2019,10:59:08 PM,25.2963,56.1695,0.8,,DSN      ,ML    ,1
617417123,ke  ,ISC      ,3/27/2019,1:20:10 AM,27.4869,56.847,1.4,,DSN      ,ML    ,3.3
615317757,se  ,ISC      ,3/27/2019,4:52:11 AM,28.2961,56.2294,10,TRUE,ISC      ,mb    ,4.4
615317761,se  ,ISC      ,3/27/2019,6:19:30 AM,27.5649,56.7315,11.7,,ISC      ,mb    ,4.2
617417182,ke  ,TEH      ,3/27/2019,8:04:57 PM,27.55,56.749,10,,         ,      ,
617417185,ke  ,TEH      ,3/27/2019,8:44:11 PM,28.833,57.443,8,,         ,      ,
617417186,ke  ,TEH      ,3/27/2019,9:39:31 PM,27.528,56.77,10,,         ,      ,
619051071,ke  ,DSN      ,3/28/2019,4:56:11 AM,26.8132,55.0444,10,,DSN      ,ML    ,2.3
617417308,ke  ,TEH      ,3/29/2019,10:10:41 AM,27.993,57.485,5,,         ,      ,
617417408,ke  ,ISC      ,3/31/2019,12:58:55 AM,27.7633,54.8011,26,TRUE,ISC      ,mb    ,3.6
617417435,ke  ,TEH      ,3/31/2019,12:13:30 PM,28.576,54.356,18.5,,         ,      ,
617417637,ke  ,TEH      ,4/2/2019,2:28:42 AM,27.529,57.891,9,,         ,      ,
617417751,ke  ,TEH      ,4/3/2019,12:13:33 PM,28.879,54.266,5,,         ,      ,
617417810,ke  ,TEH      ,4/4/2019,11:33:59 AM,28.756,57.492,6,,         ,      ,
617417814,ke  ,ISC      ,4/4/2019,12:33:19 PM,27.7208,57.315,10,TRUE,DSN      ,ML    ,2.7
617417911,ke  ,TEH      ,4/5/2019,11:01:30 PM,28.339,54.015,8,,         ,      ,
617417963,ke  ,ISC      ,4/6/2019,6:39:21 PM,28.3578,54.0797,10,TRUE,OMAN     ,mb    ,4.1
617418126,ke  ,TEH      ,4/8/2019,10:39:34 PM,26.873,55.737,18,,DSN      ,ML    ,1.9
615390157,se  ,ISC      ,4/11/2019,1:39:53 AM,27.671,54.2114,9.2,,ISC      ,mb    ,3.9
617418480,ke  ,ISC      ,4/12/2019,9:46:03 PM,28.1536,57.3222,30,TRUE,ISC      ,mb    ,3.8
617418546,ke  ,TEH      ,4/13/2019,3:39:54 PM,28.65,57.12,10,,         ,      ,
617418583,ke  ,ISC      ,4/14/2019,3:05:19 AM,27.623,56.8884,2.6,,ISC      ,mb    ,3
617418584,ke  ,TEH      ,4/14/2019,3:21:32 AM,27.773,56.817,9,,         ,      ,
617418587,ke  ,TEH      ,4/14/2019,3:33:55 AM,27.785,56.847,10,,         ,      ,
617418714,ke  ,TEH      ,4/15/2019,5:42:00 PM,27.824,57.524,15,,         ,      ,
615439784,ke  ,ISC      ,4/16/2019,5:42:15 AM,27.0568,55.2757,32.3,,ISC      ,mb    ,3.8
617583496,ke  ,OMAN     ,4/16/2019,8:43:11 PM,25.7203,56.6199,3.5,,OMAN     ,ml    ,2.2
617583502,ke  ,OMAN     ,4/17/2019,9:12:00 PM,26.9745,54.4512,10,TRUE,OMAN     ,ml    ,2.4
617418933,ke  ,TEH      ,4/18/2019,9:02:22 PM,27.588,56.545,5,,DSN      ,ML    ,2.3
617418990,ke  ,TEH      ,4/19/2019,2:22:01 PM,28.184,55.801,22,,         ,      ,
617419014,ke  ,ISC      ,4/19/2019,10:28:09 PM,27.7586,56.602,28,TRUE,ISC      ,mb    ,3.5
615412378,ke  ,ISC      ,4/20/2019,2:41:06 AM,27.1991,55.8509,8.7,,ISC      ,mb    ,4.7
617419302,ke  ,ISC      ,4/24/2019,2:19:07 AM,33.4074,53.7335,10,TRUE,THR      ,ML    ,4.2
617419454,ke  ,TEH      ,4/26/2019,3:39:49 AM,28.043,57.398,10,,         ,      ,
617419584,ke  ,TEH      ,4/27/2019,3:15:11 PM,28.651,57.419,10,,         ,      ,
619051333,ke  ,DSN      ,4/29/2019,4:46:20 AM,26.9044,55.3697,15,,DSN      ,ML    ,2.5
617419725,ke  ,TEH      ,4/29/2019,10:47:02 AM,28.437,57.702,10,,         ,      ,
619051345,ke  ,DSN      ,4/30/2019,8:05:59 AM,26.2548,56.3619,0,,DSN      ,ML    ,2
617419802,ke  ,ISC      ,4/30/2019,12:46:15 PM,29.144,56.4409,10,TRUE,OMAN     ,mb    ,3.6
617420045,ke  ,TEH      ,5/4/2019,7:59:31 AM,27.975,57.335,9,,         ,      ,
617583532,ke  ,OMAN     ,5/6/2019,8:52:51 AM,27.0574,55.1634,10,TRUE,OMAN     ,ml    ,2.6
617420311,ke  ,TEH      ,5/7/2019,4:51:57 PM,27.186,56.237,20.2,,DSN      ,ML    ,2.2
619051395,ke  ,DSN      ,5/7/2019,7:14:12 PM,27.5291,56.5013,10,,DSN      ,ML    ,2.4
619051398,ke  ,DSN      ,5/8/2019,1:00:23 PM,27.2412,55.8108,5,,DSN      ,ML    ,1.9
615747398,ke  ,ISC      ,5/10/2019,12:23:37 AM,28.266,54.64,10,TRUE,ISC      ,mb    ,3.8
615522575,se  ,ISC      ,5/10/2019,2:41:53 AM,27.509,56.3194,10,TRUE,ISC      ,mb    ,4
617420601,ke  ,ISC      ,5/11/2019,11:30:15 PM,28.2489,57.125,24,TRUE,ISC      ,mb    ,3.6
615756348,se  ,ISC      ,5/13/2019,8:09:10 AM,26.8272,55.2864,32.5,,ISC      ,mb    ,4
619051433,ke  ,DSN      ,5/13/2019,10:42:00 AM,27.0951,55.643,10,,DSN      ,ML    ,2.2
617420780,ke  ,TEH      ,5/14/2019,6:15:27 AM,28.548,57.238,13.5,,         ,      ,
617420867,ke  ,ISC      ,5/15/2019,1:23:34 AM,28.1896,57.5566,30,TRUE,DSN      ,ML    ,3.2
619051450,ke  ,DSN      ,5/15/2019,4:26:10 AM,25.0548,56.0901,0,,DSN      ,ML    ,1.6
617421049,ke  ,TEH      ,5/17/2019,2:29:03 AM,28.42,57.492,8,,         ,      ,
615900860,ke  ,ISC      ,5/19/2019,6:02:02 AM,28.2472,55.2603,10,TRUE,ISC      ,mb    ,3.5
617421266,ke  ,ISC      ,5/19/2019,8:13:24 AM,28.1013,57.7635,13.7,,OMAN     ,ml    ,3.4
617421331,ke  ,ISC      ,5/20/2019,4:42:16 AM,27.0558,55.6771,8.2,,ISC      ,mb    ,3.6
619051501,ke  ,DSN      ,5/20/2019,8:09:04 AM,27.3905,55.7413,10,,DSN      ,ML    ,2.2
617421429,ke  ,ISC      ,5/21/2019,9:29:27 AM,26.9333,55.3868,3.8,,ISC      ,mb    ,3.4
619051544,ke  ,DSN      ,5/24/2019,7:26:34 AM,26.5603,54.9424,10,,DSN      ,ML    ,2.1
617421698,ke  ,TEH      ,5/24/2019,9:30:17 PM,28.133,57.574,10,,         ,      ,
617421770,ke  ,TEH      ,5/26/2019,4:03:33 AM,28.514,55.833,10,,         ,      ,
619051553,ke  ,DSN      ,5/26/2019,10:44:09 AM,26.6508,54.8839,15,,DSN      ,ML    ,2.5
617421875,ke  ,TEH      ,5/27/2019,9:40:15 PM,28.066,57.844,7.3,,         ,      ,
617421983,ke  ,ISC      ,5/29/2019,4:01:35 PM,28.0922,57.3625,23,,DSN      ,ML    ,3
615773333,se  ,ISC      ,5/30/2019,11:09:12 PM,29.1712,56.4111,10,TRUE,ISC      ,mb    ,4.1
617422086,ke  ,ISC      ,5/31/2019,4:16:01 AM,27.6235,56.6346,15.5,,ISC      ,mb    ,3.6
617422108,ke  ,TEH      ,5/31/2019,10:21:16 AM,27.628,56.756,8.2,,DSN      ,ML    ,3.1
617422136,ke  ,TEH      ,5/31/2019,11:27:20 PM,27.997,56.58,10,,         ,      ,
617422199,ke  ,TEH      ,6/2/2019,2:03:09 AM,28.364,57.437,10,,         ,      ,
617583570,ke  ,OMAN     ,6/3/2019,3:38:32 PM,26.8226,53.8514,10,TRUE,OMAN     ,ml    ,2.7
617422549,ke  ,TEH      ,6/7/2019,12:23:38 AM,28.278,57.403,10,,         ,      ,
617422692,ke  ,TEH      ,6/8/2019,8:28:54 PM,28.506,55.106,10,,         ,      ,
617583574,ke  ,OMAN     ,6/8/2019,10:19:04 PM,26.9315,55.871,11,,OMAN     ,ml    ,2.4
617422849,ke  ,TEH      ,6/11/2019,12:43:14 AM,27.697,56.674,10,,         ,      ,
617422880,ke  ,ISC      ,6/11/2019,9:02:15 AM,28.2746,57.5236,10,TRUE,ISC      ,mb    ,3.7
617423054,ke  ,TEH      ,6/13/2019,5:37:42 PM,27.829,57.46,10,,         ,      ,
617423107,ke  ,TEH      ,6/14/2019,8:43:56 AM,27.821,57.421,5.8,,         ,      ,
617423263,ke  ,TEH      ,6/16/2019,6:27:24 AM,28.076,57.411,10,,         ,      ,
615956032,se  ,ISC      ,6/17/2019,1:32:26 PM,27.5402,55.907,14.4,,ISC      ,mb    ,4.6
617423439,ke  ,ISC      ,6/17/2019,9:14:26 PM,27.5263,55.9192,15,TRUE,DSN      ,ML    ,2.6
617423442,ke  ,TEH      ,6/17/2019,10:35:47 PM,27.568,55.984,10,,DSN      ,ML    ,2.4
617423497,ke  ,TEH      ,6/18/2019,1:00:45 PM,27.581,55.981,7,,         ,      ,
617423598,ke  ,TEH      ,6/19/2019,12:39:39 PM,27.843,56.374,8,,         ,      ,
619052371,ke  ,DSN      ,6/23/2019,2:49:57 PM,26.461,55.0519,15,,DSN      ,ML    ,2.5
617424025,ke  ,TEH      ,6/23/2019,10:24:52 PM,27.434,57.545,6,,         ,      ,
617424026,ke  ,TEH      ,6/23/2019,10:26:42 PM,27.586,57.446,10,,         ,      ,
617424170,ke  ,ISC      ,6/24/2019,10:35:36 PM,27.0479,54.0744,19,TRUE,OMAN     ,ml    ,2.6
617583670,ke  ,OMAN     ,6/25/2019,3:19:15 PM,26.6301,55.0622,10,TRUE,OMAN     ,ml    ,2.4
617424291,ke  ,ISC      ,6/25/2019,11:52:11 PM,27.0444,53.9849,10,TRUE,OMAN     ,ml    ,2.8
617424295,ke  ,ISC      ,6/26/2019,2:15:12 AM,26.5671,55.0481,0.9,,DSN      ,ML    ,2.7
617424346,ke  ,TEH      ,6/26/2019,3:53:44 PM,28.521,54.013,17.3,,         ,      ,
617584058,ke  ,OMAN     ,6/27/2019,9:33:13 PM,25.1786,56.2593,2.8,,OMAN     ,ml    ,0.9
619052458,ke  ,DSN      ,6/27/2019,10:17:54 PM,27.1842,55.1622,10,,DSN      ,ML    ,2.4
617424462,ke  ,TEH      ,6/28/2019,1:25:31 AM,27.104,56.577,10,,         ,      ,
617424569,ke  ,TEH      ,6/29/2019,7:57:21 AM,27.139,54.095,27.5,,         ,      ,
617424830,ke  ,ISC      ,7/2/2019,10:20:47 PM,27.1615,54.8673,10,TRUE,DSN      ,ML    ,2.4
617424874,ke  ,TEH      ,7/3/2019,11:21:35 AM,28.442,57.17,10,,         ,      ,
617425055,ke  ,TEH      ,7/5/2019,9:16:57 AM,28.118,57.165,10,,         ,      ,
617425091,ke  ,TEH      ,7/5/2019,8:01:29 PM,28.599,57.357,14.2,,         ,      ,
617425318,ke  ,TEH      ,7/7/2019,8:37:00 PM,28.984,57.19,12,,         ,      ,
617425519,ke  ,TEH      ,7/8/2019,8:35:05 PM,27.901,57.129,10,,         ,      ,
617425532,ke  ,TEH      ,7/8/2019,10:08:32 PM,27.65,56.686,10,,         ,      ,
617425669,ke  ,ISC      ,7/9/2019,11:31:56 PM,26.7388,54.5847,10,TRUE,ISC      ,mb    ,3.8
617425838,ke  ,TEH      ,7/11/2019,8:19:21 PM,28.463,57.259,12.6,,OMAN     ,ml    ,3.2
617426088,ke  ,TEH      ,7/14/2019,7:40:11 PM,28.008,57.435,10,,         ,      ,
617426213,ke  ,TEH      ,7/16/2019,4:00:27 PM,28.498,56.368,10,,         ,      ,
616064123,se  ,ISC      ,7/16/2019,4:21:06 PM,28.377,57.0132,10,TRUE,ISC      ,mb    ,4.4
616064199,se  ,ISC      ,7/16/2019,6:15:26 PM,28.3949,56.9054,10,TRUE,ISC      ,mb    ,4.1
617426242,ke  ,TEH      ,7/17/2019,3:41:12 AM,27.84,56.948,8,,DSN      ,ML    ,2.9
617426296,ke  ,TEH      ,7/17/2019,5:43:35 PM,27.731,56.717,10,,         ,      ,
617426407,ke  ,ISC      ,7/19/2019,8:09:48 AM,27.6008,55.9309,2.5,,OMAN     ,ml    ,3.3
616193329,ke  ,ISC      ,7/19/2019,9:45:43 PM,28.9226,57.2133,100,TRUE,ISC      ,mb    ,3.6
617426492,ke  ,ISC      ,7/20/2019,9:27:50 AM,27.0113,55.9469,9,,OMAN     ,ml    ,2.8
617426515,ke  ,TEH      ,7/20/2019,4:50:47 PM,28.399,56.939,10,,         ,      ,
617426521,ke  ,TEH      ,7/20/2019,7:49:22 PM,28.897,54.09,13.3,,DSN      ,ML    ,2.8
617426523,ke  ,TEH      ,7/20/2019,9:39:28 PM,28.118,57.833,10,,         ,      ,
616068582,ke  ,ISC      ,7/22/2019,10:59:03 PM,26.7021,55.0303,20.2,,ISC      ,mb    ,4.9
617426679,ke  ,ISC      ,7/22/2019,11:20:40 PM,26.6924,55.1273,23.8,,OMAN     ,ml    ,3.5
617426680,ke  ,ISC      ,7/22/2019,11:26:24 PM,26.6459,55.0063,17,TRUE,DSN      ,ML    ,3.4
617426684,ke  ,ISC      ,7/23/2019,1:57:58 AM,26.7153,55.1966,10,TRUE,DSN      ,ML    ,2.8
619053096,ke  ,DSN      ,7/23/2019,2:06:47 AM,26.8071,55.1391,10,,DSN      ,ML    ,2.8
617588483,ke  ,OMAN     ,7/23/2019,2:08:43 AM,26.3558,55.0136,10,TRUE,OMAN     ,ml    ,2.9
617426692,ke  ,ISC      ,7/23/2019,3:38:44 AM,26.8267,55.1614,13.8,,IDC      ,mb    ,3.4
619053097,ke  ,DSN      ,7/23/2019,3:41:20 AM,26.806,55.095,10,,DSN      ,ML    ,2.6
619053098,ke  ,DSN      ,7/23/2019,5:01:33 AM,26.8108,55.1328,10,,DSN      ,ML    ,2.7
617426709,ke  ,ISC      ,7/23/2019,8:35:42 AM,26.7382,55.1924,17,TRUE,DSN      ,ML    ,2.5
617426721,ke  ,ISC      ,7/23/2019,10:16:10 AM,26.5984,55.059,13.9,,DSN      ,ML    ,3
617588484,ke  ,OMAN     ,7/24/2019,5:18:35 PM,26.6649,56.2356,10,TRUE,OMAN     ,ml    ,2.3
617426793,ke  ,TEH      ,7/24/2019,7:20:02 PM,28.123,56.649,10,,         ,      ,
617426830,ke  ,ISC      ,7/25/2019,12:19:28 PM,28.2523,55.6938,10,TRUE,ISC      ,mb    ,3.6
617588485,ke  ,OMAN     ,7/26/2019,2:31:52 AM,26.6012,55.0891,10,TRUE,OMAN     ,ml    ,3
617427137,ke  ,ISC      ,7/29/2019,10:02:44 AM,26.5903,55.4617,17,,ISC      ,mb    ,3.8
619053263,ke  ,DSN      ,7/29/2019,10:22:17 AM,26.6406,55.5546,10,,DSN      ,ML    ,2
617427157,ke  ,TEH      ,7/29/2019,6:29:44 PM,27.624,57.354,5,,         ,      ,
617427310,ke  ,TEH      ,8/1/2019,3:49:11 AM,28.726,57.124,10,,         ,      ,
617427385,ke  ,TEH      ,8/2/2019,7:04:52 AM,28.384,57.041,10,,         ,      ,
617427432,ke  ,TEH      ,8/2/2019,10:38:19 PM,27.892,54.307,10,,         ,      ,
617427457,ke  ,TEH      ,8/3/2019,7:53:58 AM,28.386,55.991,9,,         ,      ,
617279648,ke  ,TEH      ,8/5/2019,1:29:46 AM,27.614,57.789,14.6,,         ,      ,
617279686,ke  ,TEH      ,8/7/2019,12:06:25 AM,28.371,57.408,10,,OMAN     ,ml    ,2.8
617279706,ke  ,TEH      ,8/7/2019,5:34:52 PM,28.639,54.318,10,,         ,      ,
616223389,ke  ,ISC      ,8/8/2019,10:01:52 AM,28.2553,53.8143,24,TRUE,ISC      ,mb    ,3.9
617279769,ke  ,TEH      ,8/10/2019,7:58:26 PM,28.541,57.307,7.5,,         ,      ,
617279770,ke  ,TEH      ,8/10/2019,9:41:37 PM,28.13,57.474,30,,OMAN     ,ml    ,3.3
617279808,ke  ,ISC      ,8/12/2019,11:28:27 PM,27.6041,53.3122,16,TRUE,DSN      ,ML    ,2.7
617279819,ke  ,TEH      ,8/13/2019,10:34:00 AM,28.291,57.394,10,,         ,      ,
617279843,ke  ,TEH      ,8/14/2019,11:47:02 AM,28.055,56.745,14.1,,         ,      ,
617279863,ke  ,TEH      ,8/15/2019,8:33:28 AM,28.114,57.342,11.2,,         ,      ,
617588499,ke  ,OMAN     ,8/16/2019,2:47:44 AM,26.9378,55.704,17.3,,OMAN     ,ml    ,2.5
616240903,ke  ,ISC      ,8/17/2019,5:10:32 AM,26.6704,56.2411,13.9,,ISC      ,mb    ,3.8
617280898,ke  ,TEH      ,8/19/2019,5:03:14 AM,28.436,57.801,10,,         ,      ,
617280899,ke  ,TEH      ,8/19/2019,5:42:41 AM,27.847,56.881,10,,         ,      ,
617280966,ke  ,TEH      ,8/22/2019,6:00:53 AM,28.984,57.226,9.9,,         ,      ,
617281006,ke  ,TEH      ,8/25/2019,4:59:22 AM,28.986,57.831,10,,         ,      ,
617281011,ke  ,TEH      ,8/25/2019,8:24:15 AM,28.968,57.359,10,,         ,      ,
617281047,ke  ,TEH      ,8/26/2019,1:10:38 PM,28.316,57.359,10,,         ,      ,
617281053,ke  ,TEH      ,8/26/2019,8:24:13 PM,28.89,57.165,11.8,,DSN      ,ML    ,2.5
617281089,ke  ,ISC      ,8/27/2019,7:03:43 PM,27.8975,56.9076,14.8,,DSN      ,ML    ,2.8
617281090,ke  ,TEH      ,8/27/2019,7:09:31 PM,27.904,57.075,10,,         ,      ,
617281091,ke  ,TEH      ,8/27/2019,7:19:42 PM,27.354,57.507,10,,         ,      ,
616250706,se  ,ISC      ,8/27/2019,8:05:32 PM,27.9034,56.7143,25.5,,ISC      ,mb    ,4.1
617281093,ke  ,TEH      ,8/27/2019,8:23:09 PM,27.971,56.78,6,,         ,      ,
617106987,ke  ,ISC      ,8/28/2019,4:36:15 PM,27.5292,57.7419,25,TRUE,ISC      ,mb    ,3.4
617281165,ke  ,TEH      ,8/30/2019,8:49:50 AM,28.847,56.291,10,,         ,      ,
618406918,ke  ,TEH      ,9/1/2019,9:54:48 PM,28.186,57.42,8,,         ,      ,
618406948,ke  ,TEH      ,9/2/2019,10:36:38 PM,27.939,56.819,10,,         ,      ,
618406979,ke  ,TEH      ,9/3/2019,5:34:13 PM,28.134,56.114,28,,         ,      ,
617107414,ke  ,ISC      ,9/5/2019,10:02:16 PM,27.6125,56.4877,18,TRUE,ISC      ,mb    ,3.5
618407041,ke  ,TEH      ,9/6/2019,5:11:51 AM,28.732,57.914,10,,         ,      ,
617107450,ke  ,ISC      ,9/6/2019,2:22:50 PM,28.4899,53.937,10,TRUE,ISC      ,mb    ,3.7
617588510,ke  ,OMAN     ,9/7/2019,3:07:15 AM,26.9765,55.4257,10,TRUE,OMAN     ,ml    ,2.5
618407103,ke  ,TEH      ,9/8/2019,10:08:12 AM,28.535,55.888,10,,         ,      ,
616346284,se  ,ISC      ,9/8/2019,10:53:29 AM,26.9207,55.6637,21.9,,ISC      ,mb    ,4.5
617107519,ke  ,ISC      ,9/8/2019,12:05:15 PM,26.9089,55.6853,12.2,,ISC      ,mb    ,3.8
619054353,ke  ,DSN      ,9/8/2019,1:26:56 PM,27.0554,56.0933,10,,DSN      ,ML    ,2.3
618407105,ke  ,TEH      ,9/8/2019,4:45:04 PM,28.498,56.353,10,,         ,      ,
616494025,se  ,ISC      ,9/8/2019,7:13:46 PM,26.9822,55.6816,13.4,,ISC      ,mb    ,4.1
619054354,ke  ,DSN      ,9/8/2019,8:39:32 PM,26.9038,56.5582,10,,         ,      ,
618407130,ke  ,TEH      ,9/9/2019,4:54:15 PM,27.799,55.153,23.4,,         ,      ,
618407147,ke  ,TEH      ,9/10/2019,12:04:44 AM,28.391,57.451,8,,         ,      ,
618407165,ke  ,TEH      ,9/10/2019,7:36:25 PM,27.56,54.454,5,,         ,      ,
618407176,ke  ,TEH      ,9/11/2019,4:06:07 AM,28.56,56.633,10,,         ,      ,
618407184,ke  ,TEH      ,9/11/2019,10:58:38 AM,28.511,56.335,9.3,,         ,      ,
618407187,ke  ,TEH      ,9/11/2019,2:51:16 PM,27.733,56.551,10,,         ,      ,
618407205,ke  ,TEH      ,9/12/2019,5:55:28 AM,28.501,57.52,10,,         ,      ,
618407268,ke  ,ISC      ,9/14/2019,7:57:11 PM,27.6389,56.8077,10,TRUE,DSN      ,ML    ,2.5
618407303,ke  ,TEH      ,9/15/2019,9:40:58 PM,28.01,54.255,13.2,,         ,      ,
618407313,ke  ,TEH      ,9/16/2019,5:55:11 AM,28.991,57.873,9,,         ,      ,
616489752,ke  ,ISC      ,9/16/2019,4:55:41 PM,27.6522,56.4853,6.7,,ISC      ,mb    ,4.4
616489833,se  ,ISC      ,9/16/2019,8:03:24 PM,27.6436,56.507,18,TRUE,ISC      ,mb    ,4.2
617281596,ke  ,ISC      ,9/16/2019,10:58:07 PM,28.7356,57.8303,10,TRUE,DSN      ,ML    ,2.9
617107840,ke  ,ISC      ,9/16/2019,11:53:59 PM,27.6514,56.5296,9.7,,ISC      ,mb    ,3.6
618407344,ke  ,TEH      ,9/17/2019,5:06:08 AM,27.652,56.535,13,,         ,      ,
617281617,ke  ,ISC      ,9/17/2019,3:25:47 PM,26.9569,55.6704,6.5,,DSN      ,ML    ,3.1
618407395,ke  ,TEH      ,9/19/2019,11:07:24 AM,28.468,57.216,8,,DSN      ,ML    ,3
617281675,ke  ,ISC      ,9/20/2019,3:33:35 PM,27.4007,56.7871,6.3,,OMAN     ,ml    ,3.4
617281684,ke  ,ISC      ,9/21/2019,1:32:35 AM,27.3998,56.7728,3.7,,OMAN     ,ml    ,3.3
618407436,ke  ,TEH      ,9/21/2019,3:18:06 AM,27.608,56.655,10,,         ,      ,
618407484,ke  ,TEH      ,9/23/2019,3:47:40 AM,28.211,57.341,9,,         ,      ,
617281735,ke  ,ISC      ,9/23/2019,8:31:50 AM,28.402,57.5402,10,TRUE,OMAN     ,ml    ,2.9
618407489,ke  ,TEH      ,9/23/2019,8:39:52 AM,28.513,57.381,12,,         ,      ,
617108089,ke  ,ISC      ,9/23/2019,12:04:05 PM,28.4307,57.319,32.5,,ISC      ,mb    ,3.8
618407491,ke  ,TEH      ,9/23/2019,12:23:15 PM,28.466,57.38,8,,         ,      ,
617108097,ke  ,ISC      ,9/23/2019,3:45:16 PM,27.8561,55.4159,10.5,,ISC      ,mb    ,3.6
617108130,ke  ,ISC      ,9/24/2019,11:51:24 AM,27.6334,56.7887,25.8,,ISC      ,mb    ,3.8
618407554,ke  ,TEH      ,9/25/2019,1:34:03 AM,27.617,56.55,10,,         ,      ,
617108389,ke  ,ISC      ,9/26/2019,4:45:21 AM,27.2539,54.6065,11.8,,ISC      ,mb    ,3.6
617281837,ke  ,ISC      ,9/26/2019,3:49:31 PM,27.1516,54.8216,10,TRUE,DSN      ,ML    ,3
618407656,ke  ,TEH      ,9/28/2019,8:39:50 PM,27.916,56.515,8.8,,         ,      ,
618407693,ke  ,TEH      ,9/30/2019,12:10:58 AM,27.86,56.936,10,,         ,      ,
619054529,ke  ,DSN      ,9/30/2019,10:53:08 PM,26.9952,55.5164,10,,DSN      ,ML    ,2.2
617588519,se  ,OMAN     ,10/1/2019,5:59:03 AM,25.9744,57.2448,10,TRUE,OMAN     ,ml    ,2.8
618407725,se  ,TEH      ,10/1/2019,9:09:44 AM,27.717,56.75,10,,         ,      ,
618407735,se  ,TEH      ,10/1/2019,9:55:06 PM,28.599,57.503,10,,         ,      ,
618407736,se  ,TEH      ,10/1/2019,10:19:54 PM,28.558,57.472,10,,         ,      ,
617588520,se  ,OMAN     ,10/1/2019,11:00:46 PM,26.1159,56.4939,0.2,,OMAN     ,ml    ,2.3
619054567,se  ,DSN      ,10/2/2019,6:41:06 AM,25.6082,56.1442,16.2,,DSN      ,ML    ,1.5
618407750,se  ,TEH      ,10/2/2019,11:09:58 AM,28.253,57.43,7.1,,         ,      ,
618407758,se  ,TEH      ,10/2/2019,9:54:09 PM,27.19,55.476,11.6,,         ,      ,
618407775,se  ,TEH      ,10/3/2019,12:39:14 PM,28.097,56.816,23.9,,         ,      ,
618407802,se  ,TEH      ,10/4/2019,8:17:55 AM,27.897,56.474,4.1,,         ,      ,
618407807,se  ,TEH      ,10/4/2019,6:06:32 PM,28.271,57.378,10,,         ,      ,
617112255,se  ,ISC      ,10/5/2019,12:50:38 PM,29.1979,56.7851,10,TRUE,ISC      ,mb    ,3.6
618407838,se  ,TEH      ,10/5/2019,2:09:22 PM,28.198,57.151,10,,         ,      ,
618407875,se  ,TEH      ,10/6/2019,12:03:20 PM,28.171,57.725,10,,         ,      ,
618407902,se  ,TEH      ,10/7/2019,2:09:30 PM,28.018,56.294,9.7,,         ,      ,
618407931,se  ,TEH      ,10/8/2019,6:18:29 PM,28.404,55.416,10,,         ,      ,
617282163,se  ,ISC      ,10/9/2019,11:39:45 PM,27.6237,56.5413,2.1,,DSN      ,ML    ,2.9
618407983,se  ,TEH      ,10/10/2019,2:37:34 AM,27.814,57.976,23,,         ,      ,
619054665,se  ,DSN      ,10/11/2019,8:37:32 AM,26.6454,54.9263,10,,DSN      ,ML    ,2.2
616622015,se  ,ISC      ,10/11/2019,9:19:35 AM,28.2921,54.6552,10,TRUE,ISC      ,mb    ,4.2
617588526,se  ,OMAN     ,10/11/2019,11:18:28 PM,26.4957,55.9867,10.1,,OMAN     ,ml    ,1.8
619054666,se  ,DSN      ,10/11/2019,11:47:56 PM,25.4808,56.3697,10,,DSN      ,ML    ,1.6
618408069,se  ,TEH      ,10/12/2019,4:49:38 PM,26.96,55.028,18,,         ,      ,
618408116,se  ,TEH      ,10/13/2019,3:11:30 PM,28.506,57.33,9,,         ,      ,
618408121,se  ,TEH      ,10/13/2019,7:54:49 PM,27.64,56.507,10,,         ,      ,
619054678,se  ,DSN      ,10/13/2019,10:43:51 PM,27.149,55.7968,10,,DSN      ,ML    ,2.2
617116279,se  ,ISC      ,10/14/2019,1:53:39 AM,27.9992,56.0428,16,TRUE,ISC      ,mb    ,4
618408173,se  ,TEH      ,10/15/2019,2:52:04 PM,28.778,57.3,10,,         ,      ,
618408193,se  ,TEH      ,10/16/2019,1:12:09 AM,27.617,57.814,8.1,,         ,      ,
617282396,se  ,ISC      ,10/16/2019,9:25:05 PM,27.6246,57.4241,10,TRUE,DSN      ,ML    ,3
617282428,se  ,ISC      ,10/18/2019,1:16:15 AM,26.8305,55.4647,2,,DSN      ,ML    ,2.7
616652176,se  ,ISC      ,10/18/2019,4:09:38 AM,26.6099,55.2288,16.4,,ISC      ,mb    ,4.1
618408263,se  ,ISC      ,10/18/2019,6:48:16 AM,26.67,55.2982,10,TRUE,DSN      ,ML    ,2.5
619054739,se  ,DSN      ,10/18/2019,7:19:46 AM,27.0051,55.5651,10,,DSN      ,ML    ,2.5
617116492,se  ,ISC      ,10/18/2019,7:42:30 AM,26.598,55.2553,9.1,,ISC      ,mb    ,3.6
617588539,se  ,OMAN     ,10/18/2019,7:55:57 AM,26.9333,55.5214,10,TRUE,OMAN     ,ml    ,2.6
617282443,se  ,ISC      ,10/18/2019,10:25:48 AM,26.6563,55.2662,5.3,,DSN      ,ML    ,2.7
617588540,se  ,OMAN     ,10/18/2019,11:46:01 PM,26.607,55.2489,10,TRUE,OMAN     ,ml    ,2.2
617116542,se  ,ISC      ,10/19/2019,4:56:55 AM,28.2883,57.4316,10,TRUE,ISC      ,mb    ,3.8
618408317,se  ,TEH      ,10/20/2019,3:13:27 AM,27.773,57.543,10.5,,         ,      ,
617588541,se  ,OMAN     ,10/20/2019,8:56:55 PM,26.7911,55.4787,10,TRUE,OMAN     ,ml    ,1.9
618408342,se  ,TEH      ,10/21/2019,4:56:52 AM,28.641,56.884,14.6,,         ,      ,
617116671,se  ,ISC      ,10/21/2019,5:00:02 AM,26.5863,55.2668,14.5,,ISC      ,mb    ,3.6
617282519,se  ,ISC      ,10/21/2019,6:57:27 AM,28.5731,56.9569,10,TRUE,OMAN     ,mb    ,4.7
618408349,se  ,TEH      ,10/21/2019,7:20:02 AM,28.209,57.751,19,,         ,      ,
616685721,se  ,ISC      ,10/21/2019,10:58:52 AM,27.1762,55.0196,12.4,,ISC      ,mb    ,5.6
618408358,se  ,TEH      ,10/21/2019,11:20:09 AM,27.219,55.07,11.9,,         ,      ,
618408359,se  ,TEH      ,10/21/2019,11:25:12 AM,27.375,55.13,11,,         ,      ,
618408360,se  ,TEH      ,10/21/2019,11:27:09 AM,27.329,55.118,10,,         ,      ,
617282533,se  ,ISC      ,10/21/2019,11:30:04 AM,27.1667,55.0683,3.4,,DSN      ,ML    ,3.2
618408362,se  ,TEH      ,10/21/2019,11:49:51 AM,27.309,55.067,10,,         ,      ,
616753850,se  ,ISC      ,10/21/2019,12:06:34 PM,27.2452,55.0311,16.9,,ISC      ,mb    ,4.1
618408364,se  ,TEH      ,10/21/2019,12:45:13 PM,27.351,55.12,5,,         ,      ,
617116698,se  ,ISC      ,10/21/2019,1:16:20 PM,27.1388,55.0732,28.8,,ISC      ,mb    ,4
617282541,se  ,ISC      ,10/21/2019,2:34:49 PM,27.1274,55.081,3,,OMAN     ,ml    ,3.1
617282542,se  ,ISC      ,10/21/2019,3:03:39 PM,27.1782,55.0371,5.5,,DSN      ,ML    ,2.9
618408368,se  ,TEH      ,10/21/2019,3:09:34 PM,27.261,55.066,10,,         ,      ,
618408369,se  ,TEH      ,10/21/2019,3:34:16 PM,27.282,55.067,10,,         ,      ,
618408373,se  ,TEH      ,10/21/2019,6:56:16 PM,27.188,55.139,10,,         ,      ,
618408375,se  ,TEH      ,10/21/2019,7:56:26 PM,27.53,55.281,10,,         ,      ,
617588542,se  ,OMAN     ,10/21/2019,9:23:58 PM,26.8462,54.901,10,TRUE,OMAN     ,ml    ,2.2
618408380,se  ,TEH      ,10/21/2019,11:43:57 PM,27.175,55.06,17.7,,         ,      ,
617282558,se  ,ISC      ,10/22/2019,1:00:03 AM,27.1761,55.1768,10,TRUE,DSN      ,ML    ,2.6
618408383,se  ,TEH      ,10/22/2019,1:35:25 AM,27.395,55.13,10,,         ,      ,
617116730,se  ,ISC      ,10/22/2019,2:34:52 AM,27.186,55.0083,18.8,,ISC      ,mb    ,3.9
618408387,se  ,TEH      ,10/22/2019,3:39:03 AM,27.115,55.013,15.4,,         ,      ,
616763706,se  ,ISC      ,10/22/2019,4:33:19 AM,27.1606,55.0332,15.4,,ISC      ,mb    ,4.1
618408391,se  ,TEH      ,10/22/2019,7:57:25 AM,27.346,54.392,21,,         ,      ,
618408393,se  ,ISC      ,10/22/2019,8:19:06 AM,27.1577,55.1222,17,TRUE,DSN      ,ML    ,2.5
618408394,se  ,TEH      ,10/22/2019,8:20:34 AM,26.893,55.092,10,,         ,      ,
617116832,se  ,ISC      ,10/22/2019,10:10:05 PM,27.137,55.0961,19.7,,ISC      ,mb    ,3.8
617282584,se  ,ISC      ,10/23/2019,1:08:12 AM,27.1294,55.1307,7.8,,DSN      ,ML    ,3.4
618408434,se  ,TEH      ,10/24/2019,1:28:12 AM,27.335,55.139,10,,DSN      ,ML    ,2.2
618408435,se  ,TEH      ,10/24/2019,1:47:11 AM,27.266,55.111,15.8,,DSN      ,ML    ,2.4
616718955,se  ,ISC      ,10/24/2019,3:15:02 AM,27.123,55.0506,31.4,,ISC      ,mb    ,4
617588544,se  ,ISC      ,10/24/2019,3:36:52 AM,27.0876,55.0121,7.9,,DSN      ,ML    ,2.4
618408437,se  ,TEH      ,10/24/2019,3:51:47 AM,28.437,57.2,10,,         ,      ,
618408460,se  ,ISC      ,10/24/2019,2:44:45 PM,27.1509,55.1172,17,TRUE,DSN      ,ML    ,2.9
618408467,se  ,TEH      ,10/24/2019,9:35:28 PM,27.305,55.099,11.9,,         ,      ,
618408468,se  ,TEH      ,10/24/2019,9:49:01 PM,27.537,55.182,5,,         ,      ,
617282669,se  ,ISC      ,10/26/2019,1:19:52 AM,27.0275,55.0632,10,TRUE,DSN      ,ML    ,2.7
617282693,se  ,ISC      ,10/26/2019,7:08:32 PM,26.5746,55.2724,3,,DSN      ,ML    ,2.6
617282698,se  ,ISC      ,10/26/2019,10:08:13 PM,27.261,54.9528,76.4,,OMAN     ,mb    ,4
618408524,se  ,TEH      ,10/26/2019,10:09:29 PM,27.889,55.172,10,,         ,      ,
617118677,se  ,ISC      ,10/26/2019,10:34:28 PM,26.831,55.2461,17.5,,ISC      ,mb    ,3.5
619054805,se  ,DSN      ,10/27/2019,12:14:08 AM,27.0143,55.7111,10,,DSN      ,ML    ,2
618408538,se  ,TEH      ,10/27/2019,8:40:49 AM,28.178,56.394,10,,         ,      ,
618408549,se  ,TEH      ,10/27/2019,4:01:32 PM,27.866,56.965,19,,         ,      ,
617282729,se  ,ISC      ,10/27/2019,7:26:19 PM,27.1659,55.0673,2.8,,DSN      ,ML    ,2.8
618408571,se  ,TEH      ,10/28/2019,8:50:38 AM,27.318,55.025,10,,         ,      ,
617282746,se  ,ISC      ,10/28/2019,9:51:31 AM,27.0571,55.0521,4.6,,DSN      ,ML    ,3.1
619054815,se  ,DSN      ,10/28/2019,12:30:00 PM,26.5037,57.3612,17,,DSN      ,ML    ,2.4
618408585,se  ,TEH      ,10/29/2019,12:16:27 AM,27.182,54.489,8,,         ,      ,
617118847,se  ,ISC      ,10/29/2019,1:48:52 PM,27.1755,55.1303,17,TRUE,ISC      ,mb    ,3.5
617118856,se  ,ISC      ,10/29/2019,4:23:48 PM,27.1737,55.0385,17.3,,ISC      ,mb    ,3.7
618408596,se  ,TEH      ,10/29/2019,7:30:35 PM,27.262,55.096,14.8,,         ,      ,
616740933,se  ,ISC      ,10/30/2019,1:56:53 AM,27.0882,55.0499,18.4,,ISC      ,mb    ,4.4
616740982,se  ,ISC      ,10/30/2019,11:33:05 AM,27.1998,55.1011,17,TRUE,ISC      ,mb    ,4.3
618408609,se  ,TEH      ,10/30/2019,4:11:33 PM,27.201,55.257,20.2,,         ,      ,
618408610,se  ,TEH      ,10/30/2019,5:11:03 PM,27.562,55.254,10,,         ,      ,
618408612,se  ,TEH      ,10/30/2019,5:50:39 PM,27.371,55.161,10,,         ,      ,
618408614,se  ,TEH      ,10/30/2019,8:04:55 PM,27.913,55.483,10,,         ,      ,
618408629,se  ,TEH      ,10/31/2019,3:36:06 AM,27.279,55.194,19.6,,         ,      ,
618408647,se  ,TEH      ,10/31/2019,3:10:16 PM,27.477,57.684,17,,         ,      ,
616744001,ke  ,ISC      ,10/31/2019,3:43:59 PM,26.0569,54.7346,14.5,,ISC      ,mb    ,4.9
617588551,se  ,OMAN     ,10/31/2019,3:57:56 PM,26.1465,54.7081,10,TRUE,OMAN     ,ml    ,2.5
617282835,se  ,ISC      ,11/1/2019,10:04:43 AM,26.0913,54.7985,7.6,,DSN      ,ML    ,3.1
617588552,se  ,OMAN     ,11/1/2019,3:40:54 PM,26.0485,54.978,9.1,,OMAN     ,ml    ,2.4
617588553,se  ,OMAN     ,11/1/2019,8:55:07 PM,26.7546,55.564,10,TRUE,OMAN     ,ml    ,2.4
617282844,se  ,TEH      ,11/2/2019,1:58:49 AM,28.355,55.269,9,,         ,      ,
617282863,se  ,TEH      ,11/2/2019,3:19:02 PM,27.443,55.191,8.2,,         ,      ,
617119090,se  ,ISC      ,11/2/2019,3:47:16 PM,27.2621,55.1531,15.6,,ISC      ,mb    ,3.8
617282866,se  ,TEH      ,11/2/2019,5:11:45 PM,27.414,55.209,20.4,,         ,      ,
617282869,se  ,ISC      ,11/2/2019,7:08:50 PM,27.2748,55.1756,20,TRUE,DSN      ,ML    ,2.5
617282873,se  ,TEH      ,11/3/2019,1:55:25 AM,27.249,55.054,12,,         ,      ,
617282891,se  ,TEH      ,11/3/2019,10:22:59 AM,27.355,55.113,10,,DSN      ,ML    ,2.3
617282892,se  ,ISC      ,11/3/2019,10:27:04 AM,27.4832,54.9675,10,TRUE,DSN      ,ML    ,3
617282895,se  ,TEH      ,11/3/2019,12:32:22 PM,27.963,57.161,8,,         ,      ,
617282897,se  ,ISC      ,11/3/2019,1:40:31 PM,27.1745,55.1923,10,TRUE,DSN      ,ML    ,2.8
616747282,se  ,ISC      ,11/4/2019,12:18:43 AM,26.0956,54.6944,22,,ISC      ,mb    ,4.2
616747283,se  ,ISC      ,11/4/2019,12:45:21 AM,26.0488,54.7347,12.4,,ISC      ,mb    ,4.1
617588557,se  ,OMAN     ,11/4/2019,12:52:20 AM,26.3099,54.61,11.9,,OMAN     ,ml    ,2.5
617282935,se  ,ISC      ,11/4/2019,4:59:23 PM,28.3863,57.3015,10,TRUE,OMAN     ,mb    ,4.4
617282942,se  ,TEH      ,11/5/2019,1:17:53 AM,28.133,54.335,10,,OMAN     ,ml    ,2.8
617282956,se  ,TEH      ,11/5/2019,7:37:04 AM,28.433,56.017,5,,         ,      ,
617283004,se  ,ISC      ,11/6/2019,12:59:23 AM,27.2541,55.0838,22.4,,DSN      ,ML    ,2.6
616751981,se  ,ISC      ,11/6/2019,7:40:43 AM,27.2903,54.9909,10.4,,ISC      ,mb    ,5.3
617119261,se  ,ISC      ,11/6/2019,8:01:56 AM,27.2189,55.0539,18.3,,ISC      ,mb    ,3.8
617283014,se  ,ISC      ,11/6/2019,8:20:33 AM,27.0635,54.9731,17,TRUE,DSN      ,ML    ,3.2
616751989,se  ,ISC      ,11/6/2019,8:37:04 AM,27.0945,54.998,17,TRUE,ISC      ,mb    ,3.6
617434126,se  ,ISC      ,11/6/2019,8:37:30 AM,27.1329,55.046,17,TRUE,ISC      ,mb    ,4.3
617283015,se  ,ISC      ,11/6/2019,9:06:34 AM,27.1277,54.9231,10,TRUE,DSN      ,ML    ,2.6
617283016,se  ,ISC      ,11/6/2019,9:10:19 AM,27.2998,54.9794,20,TRUE,DSN      ,ML    ,2.5
617119269,se  ,ISC      ,11/6/2019,9:49:30 AM,27.2782,55.063,23.1,,ISC      ,mb    ,3.5
617283023,se  ,ISC      ,11/6/2019,11:33:34 AM,27.9409,57.3336,17,,DSN      ,ML    ,2.9
616753929,se  ,ISC      ,11/6/2019,12:23:38 PM,27.2606,54.9416,22.8,,ISC      ,mb    ,4.3
616753946,ke  ,ISC      ,11/6/2019,4:28:52 PM,27.2858,54.9378,16.5,,ISC      ,mb    ,4.5
617283028,se  ,TEH      ,11/6/2019,4:54:12 PM,27.408,55.077,10,,         ,      ,
617283029,se  ,ISC      ,11/6/2019,5:16:39 PM,27.0928,54.9666,0.1,,DSN      ,ML    ,2.9
617283032,se  ,ISC      ,11/6/2019,7:11:25 PM,27.2841,55.0299,20,TRUE,DSN      ,ML    ,2.6
617283045,se  ,ISC      ,11/7/2019,12:09:14 AM,27.2527,55.1164,10,TRUE,DSN      ,ML    ,3.1
617283046,se  ,TEH      ,11/7/2019,12:38:40 AM,28.393,57.051,8,,         ,      ,
617119305,se  ,ISC      ,11/7/2019,12:51:46 AM,27.3905,55.0446,6.1,,ISC      ,mb    ,3.8
617283048,se  ,TEH      ,11/7/2019,2:03:32 AM,28.256,57.505,8,,DSN      ,ML    ,2.9
617283054,se  ,ISC      ,11/7/2019,3:20:34 AM,27.1715,55.1234,17,TRUE,DSN      ,ML    ,3
617283055,se  ,ISC      ,11/7/2019,3:46:23 AM,27.2637,54.9303,5.4,,OMAN     ,mb    ,4.3
617283068,se  ,TEH      ,11/7/2019,11:18:29 AM,28.27,57.555,10,,         ,      ,
617119336,se  ,ISC      ,11/7/2019,2:36:34 PM,27.1052,55.0308,31.8,,ISC      ,mb    ,3.8
617119347,se  ,ISC      ,11/7/2019,5:48:50 PM,27.2017,55.0522,17,TRUE,ISC      ,mb    ,3.3
616763871,se  ,ISC      ,11/7/2019,6:00:56 PM,27.148,55.0526,8.6,,ISC      ,mb    ,4.1
619054919,se  ,DSN      ,11/8/2019,4:18:30 AM,27.5341,55.3397,10,,DSN      ,ML    ,2.5
617283195,se  ,ISC      ,11/8/2019,6:34:43 AM,27.5295,55.0936,20,TRUE,DSN      ,ML    ,3
617283258,se  ,ISC      ,11/8/2019,11:14:12 AM,28.8088,58.0917,10,TRUE,DSN      ,ML    ,3.2
617283348,se  ,TEH      ,11/8/2019,8:51:27 PM,28.715,57.842,8,,         ,      ,
616916813,se  ,ISC      ,11/9/2019,8:00:05 PM,27.4315,55.9795,9.4,,ISC      ,mb    ,3.8
617283469,se  ,TEH      ,11/9/2019,9:20:37 PM,27.956,56.569,10,,OMAN     ,ml    ,2.2
616772286,se  ,ISC      ,11/10/2019,4:02:15 PM,27.9673,56.4166,30.6,,ISC      ,mb    ,4.4
616772350,se  ,ISC      ,11/11/2019,12:12:33 AM,27.1012,57.9514,39.9,,ISC      ,mb    ,4
617283610,se  ,ISC      ,11/11/2019,7:23:29 AM,27.0567,57.9887,10.2,,DSN      ,ML    ,2.6
617283660,se  ,TEH      ,11/11/2019,6:47:08 PM,27.221,55.146,10,,         ,      ,
617283701,se  ,ISC      ,11/12/2019,3:24:58 AM,27.0894,55.1056,11,,OMAN     ,mb    ,4.3
616777431,se  ,ISC      ,11/12/2019,6:01:00 AM,27.2693,54.9227,10.2,,ISC      ,mb    ,4
616773491,se  ,ISC      ,11/12/2019,8:25:21 AM,27.1174,57.9379,12.9,,ISC      ,mb    ,4.7
617283723,se  ,TEH      ,11/12/2019,11:51:42 AM,28.02,57.382,10,,         ,      ,
616779217,se  ,ISC      ,11/12/2019,1:18:24 PM,27.1341,57.8859,10,,ISC      ,mb    ,4
617283742,se  ,TEH      ,11/12/2019,4:36:31 PM,27.334,57.989,10,,         ,      ,
617283748,se  ,ISC      ,11/12/2019,6:41:46 PM,27.1412,58.2062,10,TRUE,DSN      ,ML    ,2.7
617283775,se  ,TEH      ,11/13/2019,9:43:11 AM,27.213,58.131,10,,OMAN     ,ml    ,2.4
617283798,se  ,TEH      ,11/13/2019,2:59:50 PM,28.317,57.927,10,,         ,      ,
617283807,se  ,ISC      ,11/13/2019,8:04:06 PM,28.5575,57.6048,5.4,,DSN      ,ML    ,2.7
617119689,se  ,ISC      ,11/14/2019,12:56:33 AM,27.1602,57.9815,17.2,,ISC      ,mb    ,3.6
617283820,se  ,ISC      ,11/14/2019,3:33:59 AM,27.486,54.0303,23,TRUE,OMAN     ,ml    ,2.8
616790354,se  ,ISC      ,11/15/2019,1:51:16 AM,27.1486,57.9382,1.6,,ISC      ,mb    ,4.2
617283870,se  ,OMAN     ,11/15/2019,2:02:41 AM,26.9303,57.9742,17.6,,OMAN     ,ml    ,2.2
617283871,se  ,TEH      ,11/15/2019,2:15:01 AM,27.358,57.987,10,,         ,      ,
617283912,se  ,ISC      ,11/15/2019,11:57:36 PM,26.9647,57.935,10,TRUE,OMAN     ,ml    ,2.8
617283914,se  ,ISC      ,11/16/2019,1:48:22 AM,27.0738,57.9899,16,,DSN      ,ML    ,2.9
617283915,se  ,ISC      ,11/16/2019,3:52:13 AM,28.3896,57.0629,10,TRUE,DSN      ,ML    ,2.9
617588573,se  ,OMAN     ,11/16/2019,10:06:45 PM,28.0309,54.5537,12.3,,OMAN     ,mb    ,4
617283951,se  ,TEH      ,11/17/2019,3:39:13 AM,28.22,57.158,10,,         ,      ,
617283956,se  ,TEH      ,11/17/2019,9:13:28 AM,27.322,57.955,5,,         ,      ,
617283983,se  ,TEH      ,11/17/2019,4:42:33 PM,27.47,57.768,5,,         ,      ,
617284006,se  ,ISC      ,11/18/2019,8:08:59 AM,28.0967,57.7776,10,TRUE,OMAN     ,ml    ,3.6
617284053,se  ,TEH      ,11/19/2019,3:36:24 PM,27.976,57.234,10,,         ,      ,
616913980,se  ,ISC      ,11/19/2019,6:23:03 PM,27.0523,57.8926,15.3,,ISC      ,mb    ,3.9
617120443,se  ,ISC      ,11/19/2019,6:49:47 PM,27.0677,58.0339,3.2,,ISC      ,mb    ,3.7
617120448,se  ,ISC      ,11/19/2019,7:40:47 PM,27.0562,57.9622,6.5,,ISC      ,mb    ,3.6
617284065,se  ,TEH      ,11/19/2019,10:36:16 PM,27.003,57.99,60,,OMAN     ,ml    ,2.9
617284093,se  ,ISC      ,11/20/2019,12:41:44 PM,29.0248,54.525,10,TRUE,OMAN     ,mb    ,3.8
617284094,se  ,TEH      ,11/20/2019,1:32:51 PM,28.287,55.177,10,,         ,      ,
617284103,se  ,TEH      ,11/20/2019,4:54:53 PM,28.264,57.444,10,,         ,      ,
617284143,se  ,ISC      ,11/21/2019,12:00:07 PM,26.9187,58.3655,7.4,,DSN      ,ML    ,2.6
617284203,se  ,TEH      ,11/22/2019,9:58:53 PM,27.457,57.718,10,,         ,      ,
617284238,se  ,ISC      ,11/23/2019,8:06:12 PM,27.6718,57.8496,1.4,,OMAN     ,ml    ,3.1
617284243,se  ,TEH      ,11/23/2019,11:07:49 PM,28.961,54.341,11.6,,         ,      ,
617284283,se  ,ISC      ,11/25/2019,12:14:48 AM,27.2058,58.1156,8.2,,DSN      ,ML    ,2.2
617588580,se  ,OMAN     ,11/25/2019,6:49:31 PM,27.3007,55.0392,10,TRUE,OMAN     ,ml    ,2.5
617284377,se  ,ISC      ,11/26/2019,7:55:50 PM,27.2785,56.5933,15.8,,DSN      ,ML    ,2.8
617284456,se  ,TEH      ,11/29/2019,5:39:06 AM,28.623,57.212,17,,         ,      ,
617284481,se  ,ISC      ,11/29/2019,9:23:05 PM,27.7063,56.4867,1.2,,OMAN     ,ml    ,3.3
617284485,se  ,TEH      ,11/29/2019,10:47:34 PM,28.404,57.398,10,,         ,      ,
617284486,se  ,TEH      ,11/29/2019,10:50:26 PM,28.424,57.409,8,,         ,      ,
617284514,se  ,TEH      ,11/30/2019,1:28:21 PM,28.407,57.412,10,,         ,      ,
617284521,se  ,TEH      ,11/30/2019,9:25:55 PM,27.398,57.949,10,,         ,      ,
617284522,se  ,ISC      ,11/30/2019,10:56:17 PM,27.1986,54.9526,6.7,,DSN      ,ML    ,2.6
618408803,se  ,TEH      ,12/1/2019,10:29:36 AM,28.944,55.493,10,,         ,      ,
617105623,se  ,ISC      ,12/2/2019,2:44:14 AM,28.1866,54.8616,26,TRUE,IDC      ,mb    ,3.6
618408845,se  ,ISC      ,12/2/2019,10:02:25 AM,27.6566,57.4553,25,TRUE,DSN      ,ML    ,2.7
618408847,se  ,TEH      ,12/2/2019,10:29:13 AM,27.777,57.341,10,,         ,      ,
617284621,se  ,ISC      ,12/3/2019,8:01:58 AM,27.1903,54.9012,10,TRUE,DSN      ,ML    ,3.1
618408909,se  ,TEH      ,12/3/2019,8:57:05 PM,28.942,57.424,10,,         ,      ,
618408933,se  ,TEH      ,12/4/2019,6:20:30 AM,28.368,55.837,10,,         ,      ,
618408935,se  ,TEH      ,12/4/2019,7:15:36 AM,28.339,56.17,8,,         ,      ,
616965928,se  ,ISC      ,12/4/2019,6:47:10 PM,27.6431,57.42,14.4,,ISC      ,mb    ,4.1
618408961,se  ,TEH      ,12/4/2019,7:22:04 PM,27.554,57.544,13.8,,         ,      ,
621385843,se  ,ISC      ,12/4/2019,9:36:35 PM,28.3151,51.7762,10,TRUE,ISC      ,mb    ,3.7
617284716,se  ,ISC      ,12/5/2019,11:06:29 AM,27.1013,56.486,3.9,,DSN      ,ML    ,2.8
618409008,se  ,TEH      ,12/5/2019,9:27:12 PM,27.561,55.118,10,,         ,      ,
618409075,se  ,TEH      ,12/8/2019,4:02:32 PM,28.739,57.654,10,,         ,      ,
617588684,se  ,OMAN     ,12/9/2019,8:49:30 PM,26.2157,57.3451,10.2,,OMAN     ,ml    ,1.8
617284876,se  ,ISC      ,12/10/2019,11:19:23 AM,29.1212,55.2733,10,TRUE,OMAN     ,mb    ,3.6
617106197,se  ,ISC      ,12/12/2019,2:25:06 PM,26.0854,54.7863,27.9,,ISC      ,mb    ,3.8
617588693,se  ,OMAN     ,12/12/2019,4:43:36 PM,26.203,54.7445,10,TRUE,OMAN     ,ml    ,2.8
617588695,se  ,OMAN     ,12/13/2019,2:52:38 AM,25.9093,54.6567,10,TRUE,OMAN     ,ml    ,2.6
617284968,se  ,ISC      ,12/13/2019,10:26:32 PM,28.9634,57.1647,10,TRUE,OMAN     ,mb    ,4.1
618409326,se  ,TEH      ,12/14/2019,5:35:23 PM,27.586,57.934,11.8,,         ,      ,
617285005,se  ,ISC      ,12/14/2019,6:23:24 PM,28.3569,57.2238,10,TRUE,DSN      ,ML    ,2.5
618409337,se  ,TEH      ,12/15/2019,2:22:35 AM,28.058,56.981,7.7,,         ,      ,
617171291,se  ,ISC      ,12/15/2019,1:04:13 PM,28.0593,56.2316,17.3,,ISC      ,mb    ,3.8
618409366,se  ,TEH      ,12/16/2019,8:22:23 AM,27.955,55.847,13.9,,DSN      ,ML    ,3
618409392,se  ,TEH      ,12/17/2019,12:52:45 AM,28.205,57.844,10,,         ,      ,
618409396,se  ,TEH      ,12/17/2019,5:26:08 AM,27.801,57.385,13.5,,         ,      ,
617588700,se  ,OMAN     ,12/17/2019,10:43:34 PM,26.2531,54.8814,10.5,,OMAN     ,ml    ,2.6
618409501,se  ,TEH      ,12/20/2019,10:00:10 AM,27.224,54.974,14.9,,         ,      ,
618409510,se  ,TEH      ,12/20/2019,2:34:03 PM,27.953,56.03,10,,         ,      ,
618409569,se  ,ISC      ,12/22/2019,12:02:22 PM,27.4114,57.62,25,TRUE,DSN      ,ML    ,2.5
617588707,se  ,OMAN     ,12/24/2019,11:58:35 PM,27.1025,54.8971,10,TRUE,OMAN     ,ml    ,2.1
617191610,se  ,ISC      ,12/25/2019,10:14:31 PM,27.167,55.075,17.3,,ISC      ,mb    ,3.8
618409709,se  ,TEH      ,12/27/2019,2:09:14 AM,28.089,57.722,10,,         ,      ,
617191747,se  ,ISC      ,12/27/2019,8:16:18 PM,27.6383,54.3083,10,TRUE,ISC      ,mb    ,3.6
617197735,se  ,ISC      ,12/30/2019,11:51:53 AM,27.3653,56.6754,28.3,,ISC      ,mb    ,4.3
617005807,se  ,ISC      ,12/30/2019,1:49:46 PM,27.3806,56.623,14.1,,ISC      ,mb    ,5.2
617197741,se  ,ISC      ,12/30/2019,1:53:32 PM,27.4175,56.7739,17.4,,OMAN     ,ml    ,3.8
618409800,se  ,ISC      ,12/30/2019,1:54:30 PM,27.3787,56.6763,10,TRUE,ISC      ,mb    ,4.5
618409802,se  ,TEH      ,12/30/2019,2:13:43 PM,27.509,56.74,10,,         ,      ,
617285434,se  ,ISC      ,12/30/2019,2:26:10 PM,27.3897,56.7463,14,,DSN      ,ML    ,3
617285435,se  ,ISC      ,12/30/2019,2:39:49 PM,27.3406,56.8068,12.1,,DSN      ,ML    ,3.1
617197746,se  ,ISC      ,12/30/2019,3:39:46 PM,27.2481,56.8241,10,TRUE,ISC      ,mb    ,3.7
618409807,se  ,TEH      ,12/30/2019,6:40:22 PM,27.583,56.599,10,,         ,      ,
617285441,se  ,ISC      ,12/30/2019,6:42:59 PM,27.3362,56.8072,3.1,,OMAN     ,ml    ,2.8
618409809,se  ,TEH      ,12/30/2019,7:00:18 PM,27.483,56.781,10,,         ,      ,
617285444,se  ,ISC      ,12/30/2019,8:33:58 PM,27.3581,56.7674,10.3,,OMAN     ,ml    ,3.1
617588717,se  ,OMAN     ,12/30/2019,9:08:38 PM,27.1336,56.9715,10,TRUE,OMAN     ,ml    ,2.5
618409827,se  ,TEH      ,12/31/2019,3:43:02 AM,27.66,56.659,10,,         ,      ,
618409828,se  ,TEH      ,12/31/2019,3:50:21 AM,27.556,56.698,10,,         ,      ,
618409829,se  ,TEH      ,12/31/2019,4:02:04 AM,27.631,56.672,10,,         ,      ,
618409832,se  ,TEH      ,12/31/2019,8:22:37 AM,27.299,56.8,20,,         ,      ,
618409841,se  ,TEH      ,12/31/2019,10:25:54 AM,27.635,56.664,7.9,,         ,      ,
618409844,se  ,TEH      ,12/31/2019,11:13:55 AM,27.593,56.682,10,,         ,      ,
618409849,se  ,TEH      ,12/31/2019,3:20:24 PM,27.727,57.694,17.3,,         ,      ,
617285488,se  ,ISC      ,12/31/2019,9:33:44 PM,27.3255,56.7411,16.9,,OMAN     ,ml    ,2.8
617439587,se  ,ISC      ,1/1/2020,12:13:49 AM,27.4121,56.7163,29.3,,ISC      ,mb    ,3.9
619055417,se  ,ISC      ,1/1/2020,12:46:08 AM,27.3231,56.8268,5.9,,TEH      ,ML    ,2.5
619055418,se  ,ISC      ,1/1/2020,1:05:57 AM,27.3606,56.7677,10,TRUE,TEH      ,ML    ,2.7
619055419,se  ,ISC      ,1/1/2020,1:09:56 AM,27.3621,56.7458,8.8,,TEH      ,ML    ,2.9
619055420,se  ,ISC      ,1/1/2020,6:50:15 AM,27.3968,56.7495,10.3,,TEH      ,ML    ,2.9
619055421,se  ,ISC      ,1/1/2020,10:57:25 AM,27.3295,56.8447,5.2,,TEH      ,ML    ,3.2
621395385,se  ,TEH      ,1/2/2020,2:41:05 PM,27.939,55.712,10,,TEH      ,ML    ,2.9
619055422,se  ,OMAN     ,1/2/2020,9:16:24 PM,27.2156,57.0957,15.2,,OMAN     ,ml    ,2.8
619055423,se  ,ISC      ,1/2/2020,11:13:33 PM,27.3685,56.8032,11.4,,DSN      ,ML    ,2.8
617439752,se  ,ISC      ,1/3/2020,10:26:05 AM,27.1891,56.0231,14,TRUE,ISC      ,mb    ,3.9
617439832,se  ,ISC      ,1/4/2020,5:16:33 PM,28.6348,57.3078,10,TRUE,ISC      ,mb    ,3.8
617409465,se  ,ISC      ,1/6/2020,5:25:17 AM,28.3338,55.5781,22,TRUE,ISC      ,mb    ,3.6
621395581,se  ,TEH      ,1/6/2020,1:23:56 PM,28.322,57.279,10,,TEH      ,ML    ,2.9
620732735,se  ,ISC      ,1/6/2020,1:58:44 PM,28.2759,57.3737,43,TRUE,TEH      ,ML    ,3.2
621395582,se  ,TEH      ,1/6/2020,2:02:00 PM,28.314,57.292,10,,TEH      ,ML    ,2.6
621395584,se  ,TEH      ,1/6/2020,5:03:19 PM,27.234,55.119,11.6,,TEH      ,ML    ,3
621395643,se  ,TEH      ,1/7/2020,4:50:31 AM,27.256,57.829,10,,TEH      ,ML    ,2.6
619055426,se  ,DSN      ,1/7/2020,1:41:08 PM,25.3111,56.2223,9.5,,DSN      ,ML    ,1.4
617409695,se  ,ISC      ,1/9/2020,2:08:32 AM,28.1664,57.4758,30,TRUE,ISC      ,mb    ,3.4
620732742,se  ,ISC      ,1/10/2020,12:09:02 AM,28.4091,56.9913,10,TRUE,TEH      ,ML    ,3.1
621395852,se  ,TEH      ,1/10/2020,8:05:00 AM,27.557,56.716,10,,TEH      ,ML    ,2.9
620732743,se  ,ISC      ,1/10/2020,3:23:01 PM,27.1449,58.1715,26.8,,TEH      ,ML    ,2.9
621395861,se  ,TEH      ,1/10/2020,11:28:18 PM,28.343,57.058,10,,TEH      ,ML    ,2.5
617409847,se  ,ISC      ,1/11/2020,9:50:17 AM,25.9719,57.7206,10.6,,ISC      ,mb    ,3.8
619055428,se  ,OMAN     ,1/11/2020,12:20:32 PM,25.8457,57.4783,10,TRUE,OMAN     ,ml    ,2.4
621395919,se  ,TEH      ,1/11/2020,6:58:06 PM,27.925,56.389,10,,TEH      ,ML    ,2.5
617410487,se  ,ISC      ,1/15/2020,2:56:22 PM,26.7359,55.0911,48.4,,ISC      ,mb    ,3.5
621396167,se  ,TEH      ,1/15/2020,4:54:19 PM,28.172,56.403,8,,TEH      ,ML    ,3.1
621391529,se  ,TEH      ,1/16/2020,11:15:32 PM,28.037,56.989,10,,TEH      ,ML    ,2.6
621391579,se  ,TEH      ,1/18/2020,2:20:11 AM,26.598,54.222,15.2,,TEH      ,ML    ,2.9
619055430,se  ,OMAN     ,1/18/2020,9:55:05 PM,25.877,57.7378,10,TRUE,OMAN     ,ml    ,2.7
621391605,se  ,TEH      ,1/19/2020,11:52:10 PM,28.45,57.342,8,,TEH      ,ML    ,2.6
617195653,se  ,ISC      ,1/20/2020,2:49:39 PM,27.5819,56.3232,24.1,,ISC      ,mb    ,4.4
619055431,se  ,ISC      ,1/20/2020,5:58:02 PM,27.3447,56.7562,8.6,,TEH      ,ML    ,3.1
617198377,se  ,ISC      ,1/22/2020,7:23:15 PM,28.0644,56.7311,19.6,,ISC      ,mb    ,5.1
621391682,se  ,TEH      ,1/22/2020,7:43:17 PM,28.147,56.995,10,,TEH      ,ML    ,2.6
621391683,se  ,TEH      ,1/22/2020,8:08:59 PM,28.002,57.089,10,,TEH      ,ML    ,2.9
617475746,se  ,ISC      ,1/22/2020,11:30:33 PM,28.0872,56.7974,8.6,,ISC      ,mb    ,3.6
619055433,se  ,DSN      ,1/24/2020,9:20:35 AM,25.5821,56.292,13.1,,DSN      ,ML    ,1.1
617485585,se  ,ISC      ,1/24/2020,6:31:26 PM,26.6529,55.3936,13.1,,ISC      ,mb    ,4
621391726,se  ,TEH      ,1/24/2020,7:27:09 PM,28.093,56.944,10,,TEH      ,ML    ,2.5
617486655,se  ,ISC      ,1/25/2020,12:41:20 PM,28.0852,56.8668,24,TRUE,ISC      ,mb    ,3.8
619055435,se  ,ISC      ,1/25/2020,2:07:09 PM,28.773,56.6372,10,TRUE,TEH      ,ML    ,2.9
617491590,se  ,ISC      ,1/27/2020,12:56:51 AM,27.9727,56.9268,24,TRUE,ISC      ,mb    ,3.6
621391780,se  ,TEH      ,1/27/2020,2:51:39 AM,28.429,57.015,10,,TEH      ,ML    ,2.9
621391844,se  ,TEH      ,1/28/2020,11:23:50 AM,27.715,56.967,5,,TEH      ,ML    ,2.6
619055437,se  ,ISC      ,1/29/2020,10:18:01 PM,27.7041,57.5283,9.7,,TEH      ,ML    ,3.1
621391999,se  ,TEH      ,2/4/2020,12:03:13 PM,27.534,56.751,10,,TEH      ,ML    ,2.7
621392013,se  ,TEH      ,2/5/2020,4:28:57 PM,28.116,56.769,13.9,,TEH      ,ML    ,2.5
621392026,se  ,TEH      ,2/6/2020,6:55:50 AM,28.029,54.324,9.5,,TEH      ,ML    ,2.8
620732761,se  ,ISC      ,2/9/2020,3:19:22 PM,27.1529,58.0967,3.9,,TEH      ,ML    ,3.2
621392113,se  ,TEH      ,2/10/2020,8:24:56 AM,27.206,56.279,6.8,,TEH      ,ML    ,3
621392122,se  ,TEH      ,2/11/2020,5:08:54 AM,28.002,57.042,10,,TEH      ,ML    ,2.7
620732762,se  ,OMAN     ,2/12/2020,4:07:28 PM,26.8853,56.3981,6.4,,OMAN     ,ml    ,2.6
617575823,se  ,ISC      ,2/12/2020,7:41:14 PM,27.0579,55.9091,16.9,,ISC      ,mb    ,4
619055440,se  ,DSN      ,2/12/2020,7:46:55 PM,27.036,55.9091,15,,DSN      ,ML    ,2
617575829,se  ,ISC      ,2/12/2020,11:39:09 PM,27.0759,55.8816,23.5,,ISC      ,mb    ,4
620732766,se  ,OMAN     ,2/14/2020,7:40:28 AM,26.9935,56.6594,8.2,,OMAN     ,ml    ,2.5
621392167,se  ,TEH      ,2/14/2020,7:56:51 AM,27.346,56.252,25.8,,TEH      ,ML    ,2.6
621392168,se  ,TEH      ,2/14/2020,8:38:14 AM,27.272,56.31,8,,TEH      ,ML    ,2.6
620732767,se  ,OMAN     ,2/15/2020,1:03:19 AM,25.8878,57.7295,19.8,,OMAN     ,ml    ,2.1
621392198,se  ,TEH      ,2/15/2020,11:51:31 AM,27.447,57.659,10,,TEH      ,ML    ,2.7
617511794,se  ,ISC      ,2/16/2020,12:21:53 PM,27.0513,55.8631,13.4,,ISC      ,mb    ,4.1
617511791,se  ,DSN      ,2/16/2020,12:24:30 PM,27.0169,56.0337,10,,DSN      ,ML    ,3.6
619055443,se  ,ISC      ,2/16/2020,12:24:53 PM,27.0871,55.8198,14,TRUE,ISC      ,mb    ,4.5
619055445,se  ,DSN      ,2/16/2020,12:29:19 PM,27.0142,56.092,10,,DSN      ,ML    ,2.1
617511784,ke  ,ISC      ,2/16/2020,12:30:47 PM,27.0717,55.7981,15.9,,ISC      ,mb    ,5.7
619055446,se  ,DSN      ,2/16/2020,12:52:55 PM,27.052,56.0208,3.9,,DSN      ,ML    ,1.9
619055447,se  ,DSN      ,2/16/2020,1:07:01 PM,27.0449,55.9857,7.2,,DSN      ,ML    ,1.8
617589014,se  ,ISC      ,2/16/2020,2:10:32 PM,27.0175,55.8883,15.7,,ISC      ,mb    ,3.6
619055448,se  ,OMAN     ,2/16/2020,3:00:39 PM,27.0689,56.0206,4.9,,OMAN     ,ml    ,2.2
621392217,se  ,TEH      ,2/16/2020,3:13:01 PM,27.801,54.046,6,,TEH      ,ML    ,2.9
619055449,se  ,DSN      ,2/16/2020,5:31:54 PM,27.0494,56.0509,5,,DSN      ,ML    ,2.1
619055450,se  ,DSN      ,2/16/2020,7:59:51 PM,27.0559,56.0725,5.5,,DSN      ,ML    ,2.3
619055451,se  ,OMAN     ,2/16/2020,8:27:13 PM,27.0289,56.0262,9.8,,OMAN     ,ml    ,2.6
620732771,se  ,OMAN     ,2/16/2020,9:30:56 PM,27.0366,56.2903,9.2,,OMAN     ,ml    ,2.5
619055452,se  ,DSN      ,2/16/2020,11:59:15 PM,27.1856,56.0311,5,,DSN      ,ML    ,2
617511928,se  ,ISC      ,2/17/2020,12:29:21 AM,27.1701,54.8137,10.1,,ISC      ,mb    ,3.9
619055453,se  ,OMAN     ,2/17/2020,1:11:57 PM,27.0638,56.2287,10,TRUE,OMAN     ,ml    ,2.9
619055454,se  ,OMAN     ,2/17/2020,4:03:57 PM,27.1031,55.894,8,,OMAN     ,ml    ,2.8
619055455,se  ,ISC      ,2/17/2020,7:36:02 PM,27.1565,55.126,10.8,,TEH      ,ML    ,3.3
620732774,se  ,OMAN     ,2/18/2020,8:38:16 PM,26.2228,54.7409,22,,OMAN     ,ml    ,2.3
617614328,se  ,ISC      ,2/20/2020,2:12:56 PM,27.901,56.9402,24,TRUE,ISC      ,mb    ,3.5
619055456,se  ,DSN      ,2/20/2020,5:54:45 PM,26.1102,57.4762,10,,DSN      ,ML    ,2.2
621392297,se  ,TEH      ,2/20/2020,8:34:17 PM,28.03,56.901,6,,TEH      ,ML    ,3.2
617614346,se  ,ISC      ,2/20/2020,9:38:30 PM,27.3149,54.8172,17.3,,ISC      ,mb    ,3.4
619055457,se  ,TEH      ,2/21/2020,9:59:02 AM,26.479,55.174,16.6,,TEH      ,ML    ,3.3
619055458,se  ,ISC      ,2/21/2020,9:04:16 PM,27.1507,54.7897,17,TRUE,DSN      ,ML    ,3
617618693,se  ,ISC      ,2/22/2020,8:12:21 AM,27.3968,56.1737,6,,ISC      ,mb    ,3.6
617625106,se  ,ISC      ,2/23/2020,1:12:25 AM,28.0007,57.0585,13.3,,ISC      ,mb    ,3.7
621392344,se  ,TEH      ,2/23/2020,2:47:05 AM,27.38,54.822,7.8,,TEH      ,ML    ,3.2
617625167,se  ,ISC      ,2/23/2020,5:17:34 PM,28.2344,57.1474,10,TRUE,ISC      ,mb    ,3.4
621392364,se  ,TEH      ,2/24/2020,3:36:10 AM,27.899,56.514,10,,TEH      ,ML    ,2.5
621392365,se  ,TEH      ,2/24/2020,6:28:04 AM,27.46,56.763,19.8,,TEH      ,ML    ,3.2
617625212,se  ,ISC      ,2/24/2020,7:45:19 AM,27.3206,54.8538,10,TRUE,ISC      ,mb    ,3.4
617625214,se  ,ISC      ,2/24/2020,7:55:28 AM,27.3176,54.8407,10,TRUE,ISC      ,mb    ,3.8
621392370,se  ,TEH      ,2/24/2020,12:10:58 PM,27.338,54.837,11.2,,TEH      ,ML    ,3.2
621392382,se  ,TEH      ,2/25/2020,12:37:53 AM,27.084,54.777,12,,TEH      ,ML    ,2.7
617569151,se  ,ISC      ,2/25/2020,11:42:08 AM,26.8455,55.7642,9.6,,ISC      ,mb    ,4.3
619055459,se  ,OMAN     ,2/26/2020,1:44:31 PM,25.9202,57.4031,10,TRUE,OMAN     ,ml    ,2.4
617717712,se  ,ISC      ,2/26/2020,8:31:08 PM,27.1224,56.2196,15.5,,ISC      ,mb    ,3.8
619055466,se  ,DSN      ,2/29/2020,7:26:00 PM,27.1502,56.2502,10,,DSN      ,ML    ,2.3
621392460,se  ,TEH      ,2/29/2020,10:17:55 PM,28.102,54.679,19.6,,TEH      ,ML    ,2.9
619055469,se  ,ISC      ,3/2/2020,12:07:21 AM,27.0233,55.8856,14,TRUE,TEH      ,ML    ,2.5
617607516,se  ,ISC      ,3/3/2020,11:31:31 AM,27.1378,54.796,48,,ISC      ,mb    ,4
620732790,se  ,OMAN     ,3/4/2020,9:38:57 AM,26.2309,57.44,28.1,,OMAN     ,ml    ,2.6
621929872,se  ,TEH      ,3/4/2020,12:09:35 PM,28.951,54.519,10,,TEH      ,ML    ,2.8
617614870,se  ,ISC      ,3/4/2020,3:36:19 PM,26.5924,55.4913,9.4,,ISC      ,mb    ,4.1
620732791,se  ,OMAN     ,3/5/2020,3:59:29 PM,26.0315,57.4333,10,TRUE,OMAN     ,ml    ,2.1
621930399,se  ,TEH      ,3/5/2020,7:44:31 PM,28.439,57.189,8.9,,TEH      ,ML    ,2.6
619055471,se  ,OMAN     ,3/6/2020,6:12:27 PM,26.6249,55.525,7.6,,OMAN     ,ml    ,2.9
619055473,se  ,OMAN     ,3/11/2020,7:55:40 AM,26.794,55.6103,6.7,,OMAN     ,ml    ,2.9
621934765,se  ,TEH      ,3/12/2020,3:29:36 PM,28.356,57.407,10,,TEH      ,ML    ,2.6
621935472,se  ,TEH      ,3/13/2020,5:36:24 AM,28.75,57.473,8,,TEH      ,ML    ,2.5
621935473,se  ,TEH      ,3/13/2020,11:48:17 AM,27.344,55.054,9,,TEH      ,ML    ,3
620732800,se  ,ISC      ,3/13/2020,5:38:57 PM,27.2121,55.0549,17,TRUE,TEH      ,ML    ,3.1
620732802,se  ,TEH      ,3/13/2020,8:57:08 PM,28.35,57.423,10,,TEH      ,ML    ,2.8
620732803,se  ,OMAN     ,3/14/2020,11:43:56 PM,26.2504,57.4304,30,TRUE,OMAN     ,ml    ,2
617787739,ke  ,ISC      ,3/15/2020,10:04:25 PM,27.3202,55.3587,14.2,,ISC      ,mb    ,5.4
621937407,se  ,TEH      ,3/16/2020,8:48:02 PM,27.48,54.727,15.7,,TEH      ,ML    ,2.8
621938672,se  ,TEH      ,3/18/2020,11:05:54 PM,27.757,57.313,10,,TEH      ,ML    ,2.5
621939670,se  ,TEH      ,3/20/2020,5:56:18 AM,27.2,55.019,20,,TEH      ,ML    ,3
621940256,se  ,TEH      ,3/21/2020,4:10:25 PM,27.262,55.462,20.2,,TEH      ,ML    ,3
621940869,se  ,TEH      ,3/22/2020,5:15:35 AM,28.853,54.285,10,,TEH      ,ML    ,2.7
617838543,se  ,ISC      ,3/25/2020,6:30:21 AM,28.1456,55.3763,22,TRUE,ISC      ,mb    ,3.7
619055482,se  ,DSN      ,3/26/2020,2:12:01 AM,27.7264,56.8314,15,,DSN      ,ML    ,2
621942976,se  ,TEH      ,3/26/2020,12:52:21 PM,28.583,57.208,15,,TEH      ,ML    ,2.5
617818593,ke  ,ISC      ,3/27/2020,6:40:43 AM,28.2308,57.1483,18.1,,ISC      ,mb    ,5.5
621943455,se  ,TEH      ,3/27/2020,8:39:47 AM,28.234,57.414,18,,TEH      ,ML    ,2.6
619055487,se  ,OMAN     ,3/29/2020,11:06:52 PM,26.5862,55.6306,25.8,,OMAN     ,ml    ,1.8
619055488,se  ,ISC      ,3/31/2020,1:56:31 AM,27.1569,55.0602,0.8,,DSN      ,ML    ,2.4
619055489,se  ,OMAN     ,3/31/2020,11:44:58 AM,27.3194,55.6479,5.9,,OMAN     ,ml    ,2.9
620732812,se  ,ISC      ,4/2/2020,12:38:16 AM,28.3853,57.1663,31,TRUE,TEH      ,ML    ,2.9
620732813,se  ,OMAN     ,4/2/2020,4:47:14 AM,27.8601,55.4864,8.1,,OMAN     ,ml    ,3.1
619055490,se  ,DSN      ,4/2/2020,1:49:09 PM,26.8311,54.551,10,,DSN      ,ML    ,2.5
618091719,se  ,ISC      ,4/3/2020,3:44:00 AM,28.3222,53.9474,10,TRUE,ISC      ,mb    ,3.5
618091769,se  ,ISC      ,4/3/2020,4:06:37 PM,27.7453,57.5812,12.3,,ISC      ,mb    ,3.7
618138960,se  ,ISC      ,4/7/2020,5:26:35 PM,28.2916,55.6392,22,TRUE,ISC      ,mb    ,3.6
619055495,se  ,ISC      ,4/8/2020,10:43:05 PM,28.0252,55.8163,14.1,,TEH      ,ML    ,2.9
621952690,se  ,TEH      ,4/10/2020,4:32:43 AM,27.819,57.594,16.2,,TEH      ,ML    ,2.8
619055496,se  ,DSN      ,4/10/2020,9:25:13 AM,27.3795,55.155,15,,DSN      ,ML    ,2.5
621952696,se  ,TEH      ,4/10/2020,6:43:33 PM,28.347,56.2,10,,TEH      ,ML    ,2.8
618164637,se  ,IDC      ,4/12/2020,12:40:25 PM,27.854,55.2401,0,TRUE,IDC      ,mb    ,3.9
621953949,se  ,TEH      ,4/12/2020,10:35:24 PM,28.345,57.003,10,,TEH      ,ML    ,2.9
619055498,se  ,ISC      ,4/13/2020,8:37:38 AM,27.0403,56.3895,10,TRUE,TEH      ,ML    ,2.8
618060912,se  ,ISC      ,4/15/2020,8:10:24 AM,28.2481,56.9255,27.3,,ISC      ,mb    ,4.1
621957697,se  ,TEH      ,4/19/2020,11:19:53 AM,28.522,57.359,9.6,,TEH      ,ML    ,2.6
620732817,se  ,OMAN     ,4/19/2020,11:07:57 PM,27.4633,55.8126,10,TRUE,OMAN     ,ml    ,2.1
619055503,se  ,OMAN     ,4/20/2020,9:48:01 AM,26.2792,54.2959,26.7,,OMAN     ,ml    ,3.2
621958749,se  ,TEH      ,4/21/2020,11:00:21 AM,27.279,56.783,7.6,,TEH      ,ML    ,2.7
619055504,se  ,ISC      ,4/21/2020,1:30:01 PM,26.9876,55.2424,10,TRUE,TEH      ,ML    ,2.9
621958753,se  ,TEH      ,4/21/2020,7:04:04 PM,28.531,57.323,25.8,,TEH      ,ML    ,2.5
621958754,se  ,TEH      ,4/21/2020,11:29:15 PM,27.765,56.421,10,,TEH      ,ML    ,2.6
619055505,se  ,OMAN     ,4/22/2020,1:07:01 AM,26.711,56.3779,10,TRUE,OMAN     ,ml    ,2.7
621964347,se  ,TEH      ,4/23/2020,1:44:42 AM,28.887,57.897,10,,TEH      ,ML    ,2.6
619055507,se  ,ISC      ,4/24/2020,4:09:23 AM,27.4032,56.6491,18,TRUE,TEH      ,ML    ,2.8
618171536,se  ,ISC      ,4/26/2020,4:12:55 PM,27.8557,54.4374,17,TRUE,ISC      ,mb    ,4.2
621998912,se  ,TEH      ,4/27/2020,4:06:33 PM,27.531,57.845,12,,TEH      ,ML    ,2.7
619055508,se  ,ISC      ,4/30/2020,7:54:49 AM,27.5453,56.6164,18,TRUE,DSN      ,ML    ,2.7
622003605,se  ,TEH      ,4/30/2020,9:50:07 PM,28.095,55.579,13.2,,TEH      ,ML    ,2.7
618215247,se  ,ISC      ,5/1/2020,8:28:09 PM,28.3652,57.0221,18.3,,ISC      ,mb    ,5
618250011,se  ,ISC      ,5/1/2020,9:29:27 PM,28.3591,57.0579,10,TRUE,ISC      ,mb    ,3.7
618250012,se  ,ISC      ,5/1/2020,9:30:46 PM,28.4081,57.1075,10,TRUE,IDC      ,mb    ,3.5
622003676,se  ,TEH      ,5/1/2020,9:32:57 PM,28.42,57.115,8,,TEH      ,ML    ,2.8
622003726,se  ,TEH      ,5/2/2020,3:05:07 AM,28.365,57.086,8,,TEH      ,ML    ,3.1
622003729,se  ,TEH      ,5/2/2020,4:37:36 PM,28.381,57.134,10,,TEH      ,ML    ,2.9
618317032,se  ,ISC      ,5/9/2020,3:08:08 AM,28.3027,54.0389,10,TRUE,IDC      ,mb    ,3.5
619055513,se  ,ISC      ,5/15/2020,10:42:55 AM,27.0248,54.5711,18,TRUE,TEH      ,ML    ,2.9
618366190,se  ,ISC      ,5/18/2020,6:14:57 PM,28.3495,57.0319,10,TRUE,ISC      ,mb    ,3.9
619055514,se  ,DSN      ,5/19/2020,4:03:27 AM,27.127,54.5015,10,,DSN      ,ML    ,2.9
618421296,se  ,ISC      ,5/19/2020,4:32:10 AM,26.7161,54.5552,10,TRUE,ISC      ,mb    ,3.6
618421307,se  ,ISC      ,5/19/2020,6:43:31 AM,26.7317,54.7779,4.8,,ISC      ,mb    ,3.2
618421312,se  ,ISC      ,5/19/2020,7:01:05 AM,26.5672,54.8673,7.3,,ISC      ,mb    ,3.5
619055516,se  ,DSN      ,5/20/2020,11:19:12 PM,26.5054,54.8488,10,,DSN      ,ML    ,2.1
619055519,se  ,ISC      ,5/21/2020,7:07:55 PM,27.6717,57.4426,25,TRUE,TEH      ,ML    ,2.9
622004633,se  ,TEH      ,5/22/2020,12:09:45 AM,27.583,57.397,5,,TEH      ,ML    ,2.7
618458518,se  ,ISC      ,5/22/2020,12:30:48 AM,27.5898,56.7927,6.3,,ISC      ,mb    ,3.5
619055520,se  ,ISC      ,5/22/2020,10:29:44 AM,27.5754,56.7128,18,TRUE,DSN      ,ML    ,2.5
619055521,se  ,OMAN     ,5/22/2020,2:41:54 PM,27.1953,56.2685,5.3,,OMAN     ,ml    ,2.4
622004813,se  ,TEH      ,5/26/2020,2:42:54 AM,28.068,56.92,8,,TEH      ,ML    ,2.9
618537992,se  ,ISC      ,5/29/2020,2:23:09 AM,27.6478,56.4819,18,TRUE,ISC      ,mb    ,3.5
619055525,se  ,TEH      ,5/29/2020,7:13:25 AM,28.275,57.399,9.4,,TEH      ,ML    ,3.4
622004916,se  ,TEH      ,5/29/2020,7:26:35 AM,28.285,57.439,10,,TEH      ,ML    ,2.6
622004919,se  ,TEH      ,5/29/2020,11:58:08 AM,28.516,57.34,10,,TEH      ,ML    ,2.7
620732839,se  ,OMAN     ,5/29/2020,1:35:41 PM,27.5698,54.5589,10,TRUE,OMAN     ,ml    ,2.9
620732841,se  ,ISC      ,5/30/2020,2:29:41 AM,28.9067,54.352,10,TRUE,TEH      ,ML    ,2.9
619055526,se  ,OMAN     ,5/30/2020,5:00:32 PM,25.6357,56.1732,23.5,,OMAN     ,ml    ,1.5
622004964,se  ,TEH      ,5/30/2020,11:35:34 PM,28.245,57.876,10,,TEH      ,ML    ,2.9
619055527,se  ,DSN      ,5/31/2020,5:59:47 AM,26.2139,56.2961,5,,DSN      ,ML    ,2
618544090,se  ,ISC      ,6/1/2020,9:51:10 PM,27.5379,56.7113,18,TRUE,ISC      ,mb    ,3.7
618544130,se  ,ISC      ,6/2/2020,2:57:26 PM,28.313,57.6444,16.8,,ISC      ,mb    ,3.5
622005230,se  ,TEH      ,6/5/2020,4:50:30 PM,27.671,54.326,10,,TEH      ,ML    ,2.8
622005231,se  ,TEH      ,6/5/2020,5:41:00 PM,28.219,56.336,10,,TEH      ,ML    ,2.6
622005265,se  ,TEH      ,6/6/2020,1:07:09 AM,28.023,56.526,10,,TEH      ,ML    ,2.5
622005270,se  ,TEH      ,6/6/2020,8:00:32 PM,28.918,57.719,8,,TEH      ,ML    ,3.1
619055531,se  ,DSN      ,6/7/2020,9:53:05 PM,27.1821,56.5339,10,,DSN      ,ML    ,2.2
618471018,se  ,ISC      ,6/9/2020,7:44:55 PM,27.6514,53.5452,16,TRUE,ISC      ,mb    ,4.2
622005516,se  ,TEH      ,6/11/2020,6:48:57 AM,28.071,56.994,14.8,,TEH      ,ML    ,3.1
622005653,se  ,TEH      ,6/14/2020,12:14:13 PM,27.841,54.516,10,,TEH      ,ML    ,2.9
622005656,se  ,TEH      ,6/14/2020,9:58:55 PM,28.042,56.945,8,,TEH      ,ML    ,2.5
622005704,se  ,TEH      ,6/15/2020,6:09:56 AM,27.122,55.625,6.1,,TEH      ,ML    ,3.1
622005742,se  ,TEH      ,6/16/2020,8:04:32 AM,28.282,57.407,13.1,,TEH      ,ML    ,3.2
622005787,se  ,TEH      ,6/17/2020,12:03:44 PM,28.804,54.322,18.1,,TEH      ,ML    ,3.2
622005843,se  ,TEH      ,6/18/2020,6:49:40 AM,27.806,56.787,10,,TEH      ,ML    ,2.8
622005901,se  ,TEH      ,6/19/2020,11:25:45 AM,27.354,55.839,11.2,,TEH      ,ML    ,3.1
622005944,se  ,TEH      ,6/20/2020,9:44:41 PM,27.31,55.826,9.1,,TEH      ,ML    ,2.8
622005945,se  ,TEH      ,6/20/2020,10:30:38 PM,27.343,55.849,6.4,,TEH      ,ML    ,2.7
618655518,se  ,ISC      ,6/21/2020,12:12:35 AM,27.4911,55.9111,15,TRUE,ISC      ,mb    ,3.4
622005987,se  ,TEH      ,6/21/2020,1:51:06 AM,27.411,55.967,12,,TEH      ,ML    ,2.7
622005988,se  ,TEH      ,6/21/2020,2:46:10 AM,27.395,55.812,7.7,,TEH      ,ML    ,3
622005991,se  ,TEH      ,6/21/2020,5:57:31 AM,27.434,55.92,10,,TEH      ,ML    ,2.8
618655595,se  ,ISC      ,6/21/2020,9:46:05 PM,27.333,56.641,12.5,,ISC      ,mb    ,3.5
622006090,se  ,TEH      ,6/22/2020,10:57:17 AM,28.098,55.455,20,,TEH      ,ML    ,3.3
618665923,se  ,ISC      ,6/23/2020,10:49:23 AM,27.4334,55.8794,9.7,,ISC      ,mb    ,3.8
618665924,se  ,ISC      ,6/23/2020,11:11:03 AM,27.5747,55.8729,4.2,,ISC      ,mb    ,4
622006132,se  ,TEH      ,6/23/2020,11:21:38 PM,27.331,55.884,16.6,,TEH      ,ML    ,3.1
618665965,se  ,ISC      ,6/23/2020,11:55:39 PM,28.1025,57.8701,7.3,,ISC      ,mb    ,3.5
622006173,se  ,TEH      ,6/24/2020,4:34:26 AM,28.046,56.814,9,,TEH      ,ML    ,2.5
618671024,se  ,ISC      ,6/24/2020,5:38:55 AM,27.1269,55.8316,14,TRUE,IDC      ,mb    ,3.5
622006176,se  ,TEH      ,6/24/2020,8:24:29 AM,27.508,55.952,7.8,,TEH      ,ML    ,3
622006177,se  ,TEH      ,6/24/2020,11:39:51 AM,27.275,55.906,16.4,,TEH      ,ML    ,2.8
622006178,se  ,TEH      ,6/24/2020,4:02:44 PM,27.739,55.941,8.2,,TEH      ,ML    ,3.2
618589951,se  ,ISC      ,6/24/2020,5:29:33 PM,27.5598,55.8917,15,TRUE,ISC      ,mb    ,3.9
622006180,se  ,TEH      ,6/24/2020,8:38:07 PM,27.349,55.816,10,,TEH      ,ML    ,2.7
618657141,se  ,ISC      ,6/25/2020,12:13:27 AM,27.6784,55.9541,2.5,,ISC      ,mb    ,3.9
622006213,se  ,TEH      ,6/25/2020,12:42:42 AM,27.484,55.91,10,,TEH      ,ML    ,2.7
622006214,se  ,TEH      ,6/25/2020,1:52:10 AM,27.43,55.95,10,,TEH      ,ML    ,2.9
622006215,se  ,TEH      ,6/25/2020,5:29:37 AM,27.501,55.887,10,,TEH      ,ML    ,2.8
622006218,se  ,TEH      ,6/25/2020,3:22:55 PM,28.76,56.649,12,,TEH      ,ML    ,2.6
620732855,se  ,ISC      ,6/26/2020,8:17:16 AM,27.7001,55.8767,15,TRUE,TEH      ,ML    ,2.7
618678442,se  ,ISC      ,6/27/2020,4:02:01 AM,28.113,58.0868,92.4,,ISC      ,mb    ,3.3
618678448,se  ,ISC      ,6/27/2020,5:58:36 AM,26.8004,55.879,0.7,,ISC      ,mb    ,3.9
619055541,se  ,ISC      ,6/27/2020,7:28:28 AM,27.5187,57.9361,0.4,,TEH      ,ML    ,3.4
618678483,se  ,ISC      ,6/27/2020,8:17:04 PM,27.4126,55.5204,4.7,,ISC      ,mb    ,3.6
619055542,se  ,OMAN     ,6/28/2020,1:02:42 AM,26.9841,56.2477,10,TRUE,OMAN     ,ml    ,2.6
622006354,se  ,TEH      ,6/28/2020,8:33:07 AM,28.185,57.613,10,,TEH      ,ML    ,2.5
619055543,se  ,DSN      ,6/29/2020,1:57:45 AM,27.365,55.5212,10,,DSN      ,ML    ,2.5
622006432,se  ,TEH      ,6/30/2020,5:43:56 AM,28.258,57.497,10,,TEH      ,ML    ,2.7
622006433,se  ,TEH      ,6/30/2020,1:32:20 PM,28.095,55.835,10,,TEH      ,ML    ,2.7
620732857,se  ,ISC      ,6/30/2020,6:18:05 PM,26.6242,57.9496,13.3,,TEH      ,ML    ,2.8
622006555,se  ,TEH      ,7/3/2020,12:08:14 AM,27.542,56.793,10,,TEH      ,ML    ,2.5
622006559,se  ,TEH      ,7/3/2020,5:37:56 AM,27.338,57.91,17.2,,TEH      ,ML    ,2.7
622006701,se  ,TEH      ,7/6/2020,6:06:20 PM,27.753,55.163,5,,TEH      ,ML    ,2.8
622006702,se  ,TEH      ,7/6/2020,6:10:42 PM,27.653,56.574,10,,TEH      ,ML    ,2.7
622006745,se  ,TEH      ,7/8/2020,4:45:59 AM,28.899,55.067,5,,TEH      ,ML    ,2.6
622006746,se  ,TEH      ,7/8/2020,6:33:06 AM,28.746,57.838,8.9,,TEH      ,ML    ,3.7
619055546,se  ,ISC      ,7/8/2020,9:45:54 AM,26.8002,54.1566,19,TRUE,TEH      ,ML    ,3.8
622006750,se  ,TEH      ,7/8/2020,2:48:22 PM,28.094,57.497,25.5,,TEH      ,ML    ,2.8
622006776,se  ,TEH      ,7/9/2020,5:49:36 AM,27.666,55.512,10,,TEH      ,ML    ,2.9
622006820,se  ,TEH      ,7/10/2020,3:05:39 AM,28.236,57.673,10,,TEH      ,ML    ,2.5
618696899,se  ,ISC      ,7/10/2020,6:01:44 AM,28.0962,55.9612,16,TRUE,ISC      ,mb    ,3.7
618696983,se  ,ISC      ,7/11/2020,6:53:37 PM,28.1267,56.7566,24,TRUE,ISC      ,mb    ,3.5
619055548,se  ,DSN      ,7/12/2020,12:51:55 AM,25.5977,56.3187,17.1,,DSN      ,ML    ,2
622006919,se  ,TEH      ,7/12/2020,4:44:49 AM,27.444,54.555,10,,TEH      ,ML    ,2.9
618699435,se  ,ISC      ,7/13/2020,1:20:38 AM,28.1811,57.4622,10,TRUE,IDC      ,mb    ,3.4
622007025,se  ,TEH      ,7/15/2020,1:45:32 AM,28.875,55.072,5.8,,TEH      ,ML    ,2.6
620732872,se  ,TEH      ,7/15/2020,8:20:53 PM,28.03,56.772,11.7,,TEH      ,ML    ,2.9
618704150,se  ,ISC      ,7/16/2020,2:43:04 AM,27.3037,54.8077,16.6,,ISC      ,mb    ,3.6
622007065,se  ,TEH      ,7/16/2020,4:13:00 AM,27.25,54.774,10,,TEH      ,ML    ,2.9
622007122,se  ,TEH      ,7/17/2020,5:46:48 PM,28.089,55.869,10,,TEH      ,ML    ,2.8
618706365,se  ,ISC      ,7/19/2020,11:40:34 AM,27.9339,54.8625,26,TRUE,ISC      ,mb    ,3.5
622007197,se  ,TEH      ,7/19/2020,5:25:12 PM,28.232,57.417,20.3,,TEH      ,ML    ,2.9
622007198,se  ,TEH      ,7/19/2020,5:40:37 PM,28.026,56.917,14.8,,TEH      ,ML    ,3.2
619055549,se  ,ISC      ,7/19/2020,5:44:50 PM,26.9386,56.2297,10,TRUE,TEH      ,ML    ,2.5
619061801,se  ,ISC      ,7/22/2020,6:32:43 PM,26.7087,54.1558,10,TRUE,TEH      ,ML    ,3.2
622007322,se  ,TEH      ,7/23/2020,3:55:17 AM,27.798,57.754,13.3,,TEH      ,ML    ,2.5
622007327,se  ,TEH      ,7/23/2020,8:53:15 PM,26.818,54.063,10,,TEH      ,ML    ,2.9
619061802,se  ,DSN      ,7/23/2020,10:23:58 PM,26.6838,55.2166,10,,DSN      ,ML    ,2
618710240,se  ,ISC      ,7/25/2020,5:47:11 PM,26.8505,56.1956,10,TRUE,ISC      ,mb    ,3.9
618710243,se  ,ISC      ,7/25/2020,5:48:08 PM,26.9959,56.0481,10,TRUE,ISC      ,mb    ,3.9
619061803,se  ,DSN      ,7/25/2020,6:24:10 PM,26.9425,56.633,10,,DSN      ,ML    ,1.8
622007430,se  ,TEH      ,7/26/2020,1:34:01 AM,27.393,55.779,12.8,,TEH      ,ML    ,2.7
618710271,se  ,ISC      ,7/26/2020,6:06:32 AM,28.0534,56.0746,16,TRUE,ISC      ,mb    ,3.7
618710272,se  ,ISC      ,7/26/2020,6:23:26 AM,26.9456,56.2263,13.9,,ISC      ,mb    ,3.6
622007435,se  ,TEH      ,7/26/2020,7:07:57 PM,27.339,55.878,9.4,,TEH      ,ML    ,2.5
618699630,se  ,ISC      ,7/27/2020,11:12:37 AM,26.9357,56.081,22.8,,ISC      ,mb    ,4.5
618714025,se  ,ISC      ,7/28/2020,11:10:25 PM,27.6606,53.4524,16,TRUE,ISC      ,mb    ,3.9
619061804,se  ,DSN      ,7/29/2020,9:11:42 PM,27.3992,56.1036,3,,DSN      ,ML    ,2.2
619061806,se  ,ISC      ,7/30/2020,5:34:54 PM,27.9536,55.1111,10,TRUE,TEH      ,ML    ,2.9
622007636,se  ,TEH      ,7/31/2020,3:58:50 AM,28.389,57.129,16.5,,TEH      ,ML    ,2.9
622007637,se  ,TEH      ,7/31/2020,4:20:03 AM,28.39,57.106,10,,TEH      ,ML    ,2.6
622007640,se  ,TEH      ,7/31/2020,9:55:41 AM,28.208,56.122,9.3,,TEH      ,ML    ,2.7
622007643,se  ,TEH      ,7/31/2020,10:27:26 AM,28.401,57.093,10,,TEH      ,ML    ,2.8
619061807,se  ,OMAN     ,7/31/2020,10:04:17 PM,25.7908,57.6679,40.8,,OMAN     ,ml    ,2.6
618706820,se  ,ISC      ,8/1/2020,2:24:50 AM,27.8977,57.725,9.4,,ISC      ,mb    ,4.3
618725491,se  ,ISC      ,8/1/2020,5:00:40 AM,25.4163,58.2538,10,TRUE,ISC      ,mb    ,3.2
622007710,se  ,TEH      ,8/1/2020,8:38:55 PM,28.281,57.187,10,,TEH      ,ML    ,2.5
618708484,se  ,ISC      ,8/3/2020,12:34:57 PM,27.7481,56.4121,8.5,,ISC      ,mb    ,4.3
619061808,se  ,DSN      ,8/6/2020,8:39:49 PM,27.2365,55.946,2,,DSN      ,ML    ,1.7
618710816,ke  ,ISC      ,8/6/2020,10:17:31 PM,28.0377,56.7509,10.9,,ISC      ,mb    ,4.8
619061809,se  ,DSN      ,8/7/2020,12:39:21 AM,26.8867,56.5299,10,,DSN      ,ML    ,2.1
622007927,se  ,TEH      ,8/7/2020,3:31:19 AM,28.016,54.412,20,,TEH      ,ML    ,2.7
622007929,se  ,TEH      ,8/7/2020,12:41:20 PM,28.096,56.992,14.7,,TEH      ,ML    ,3.2
622007932,se  ,TEH      ,8/7/2020,2:53:31 PM,28.095,56.911,8.9,,TEH      ,ML    ,3.2
622008028,se  ,TEH      ,8/9/2020,8:53:45 PM,28.07,56.967,18.6,,TEH      ,ML    ,3.3
618746650,se  ,ISC      ,8/11/2020,5:52:17 PM,27.6435,56.4982,16.2,,ISC      ,mb    ,3.7
622008380,se  ,TEH      ,8/18/2020,5:40:52 AM,28.033,57.284,10,,TEH      ,ML    ,2.8
619040499,se  ,DSN      ,8/18/2020,9:14:45 AM,26.9542,55.4562,10,,DSN      ,ML    ,2.2
622008583,se  ,TEH      ,8/20/2020,10:00:46 PM,27.716,55.572,10,,TEH      ,ML    ,2.7
618962238,se  ,ISC      ,8/21/2020,2:57:13 PM,28.0663,56.9269,24,TRUE,ISC      ,mb    ,3.6
618745502,se  ,ISC      ,8/22/2020,6:40:25 PM,28.0807,56.7774,17.2,,ISC      ,mb    ,4
622008673,se  ,TEH      ,8/22/2020,7:14:58 PM,28.108,57.049,10,,TEH      ,ML    ,2.9
622008720,se  ,TEH      ,8/23/2020,11:48:51 AM,28.623,57.421,20.7,,TEH      ,ML    ,2.5
618755964,se  ,ISC      ,8/25/2020,12:16:02 PM,27.7825,53.2574,13.2,,ISC      ,mb    ,4.7
622008808,se  ,TEH      ,8/25/2020,2:03:28 PM,27.753,54.407,10,,TEH      ,ML    ,2.9
618987635,se  ,ISC      ,8/25/2020,9:18:59 PM,28.1856,55.2732,10,TRUE,ISC      ,mb    ,3.5
622008813,se  ,TEH      ,8/25/2020,10:52:22 PM,28.245,55.24,8.8,,TEH      ,ML    ,2.9
619040501,se  ,DSN      ,8/27/2020,11:10:18 AM,27.1013,55.923,10,,DSN      ,ML    ,2.4
618993742,se  ,ISC      ,8/27/2020,9:42:27 PM,27.4657,55.6343,16.6,,ISC      ,mb    ,3.5
619040502,se  ,OMAN     ,8/27/2020,10:50:02 PM,26.8308,55.1492,19.1,,OMAN     ,ml    ,2.6
619040504,se  ,ISC      ,8/30/2020,1:26:18 AM,27.2707,55.5574,15,TRUE,DSN      ,ML    ,2.8
619040505,se  ,ISC      ,8/30/2020,9:29:25 PM,28.2569,57.0202,31,TRUE,DSN      ,ML    ,4.1
622009021,se  ,TEH      ,8/30/2020,10:22:23 PM,28.299,56.958,10,,TEH      ,ML    ,2.7
620732891,se  ,TEH      ,8/30/2020,11:26:23 PM,28.28,56.959,16.6,,TEH      ,ML    ,3.1
620732892,se  ,OMAN     ,9/1/2020,11:21:50 AM,26.194,55.1246,10,TRUE,OMAN     ,ml    ,2.5
619010396,se  ,ISC      ,9/1/2020,3:11:40 PM,28.2294,57.0489,24,TRUE,ISC      ,mb    ,3.5
622009135,se  ,TEH      ,9/2/2020,3:02:33 AM,28.089,57.048,10,,TEH      ,ML    ,2.5
619034956,se  ,ISC      ,9/2/2020,6:03:26 PM,28.2584,56.8524,14.8,,ISC      ,mb    ,4
619034958,se  ,ISC      ,9/2/2020,6:11:37 PM,28.2241,56.9804,30.4,,ISC      ,mb    ,3.5
620732893,se  ,OMAN     ,9/3/2020,8:34:36 AM,26.8737,55.9896,16,TRUE,OMAN     ,ml    ,2.9
620732894,se  ,ISC      ,9/3/2020,5:50:59 PM,26.5173,55.0767,7.2,,OMAN     ,mb    ,3.6
620732895,se  ,OMAN     ,9/4/2020,2:08:11 AM,25.0414,56.4364,8.1,,OMAN     ,ml    ,2.9
620732899,se  ,ISC      ,9/7/2020,2:16:01 AM,27.1077,55.9124,3.8,,TEH      ,ML    ,2.9
621873637,se  ,ISC      ,9/8/2020,7:54:14 PM,27.2548,55.5151,15,TRUE,DSN      ,ML    ,2.8
618990356,se  ,ISC      ,9/9/2020,10:42:51 AM,27.5146,56.2089,12.2,,ISC      ,mb    ,4.4
620732900,se  ,TEH      ,9/9/2020,11:02:42 AM,27.518,56.275,10,,TEH      ,ML    ,2.9
621873647,se  ,ISC      ,9/11/2020,1:11:34 PM,27.1471,55.0569,17,TRUE,DSN      ,ML    ,2.8
621873656,se  ,ISC      ,9/13/2020,9:03:51 PM,28.1428,57.4245,30,TRUE,OMAN     ,mb    ,3.5
621873661,se  ,ISC      ,9/14/2020,1:36:09 AM,26.6648,54.9093,17,TRUE,TEH      ,ML    ,3.2
619027667,se  ,ISC      ,9/14/2020,9:26:07 AM,27.3793,54.3935,10,TRUE,ISC      ,mb    ,4.1
621873662,se  ,DSN      ,9/14/2020,7:36:29 PM,27.197,56.0395,6.1,,DSN      ,ML    ,2.7
620732905,se  ,ISC      ,9/17/2020,1:19:07 AM,28.0765,57.2137,10,TRUE,TEH      ,ML    ,2.9
622009736,se  ,TEH      ,9/18/2020,5:01:43 PM,28.943,55.552,10,,TEH      ,ML    ,2.9
621925614,se  ,TEH      ,9/19/2020,7:07:07 AM,27.305,55.441,9.1,,TEH      ,ML    ,3.1
620732909,se  ,TEH      ,9/19/2020,5:38:15 PM,27.572,56.649,15.4,,TEH      ,ML    ,2.9
619107593,se  ,ISC      ,9/22/2020,7:43:32 PM,27.3042,55.3875,13.6,,ISC      ,mb    ,4.2
621925728,se  ,TEH      ,9/24/2020,10:39:42 PM,27.345,56.23,7.9,,TEH      ,ML    ,2.9
621873692,se  ,DSN      ,9/25/2020,8:17:05 PM,26.9821,56.4008,10,,DSN      ,ML    ,2.2
621925751,se  ,TEH      ,9/27/2020,3:06:58 AM,26.68,57.748,10,,TEH      ,ML    ,2.9
620732915,se  ,OMAN     ,9/27/2020,11:53:25 AM,26.11,57.3429,10,TRUE,OMAN     ,ml    ,1.9
621873698,se  ,ISC      ,9/28/2020,7:13:01 AM,27.8785,57.3594,10,TRUE,TEH      ,ML    ,2.8
620732918,se  ,ISC      ,10/3/2020,7:07:40 PM,27.3872,56.7289,18,TRUE,TEH      ,ML    ,2.9
620732919,se  ,ISC      ,10/5/2020,4:32:53 AM,27.2572,55.8508,12.8,,TEH      ,ML    ,3.3
621927132,se  ,TEH      ,10/5/2020,9:03:46 PM,27.407,56.224,10,,TEH      ,ML    ,2.9
619476045,se  ,ISC      ,10/9/2020,3:26:27 PM,27.897,56.4058,28,TRUE,ISC      ,mb    ,4.5
620732930,se  ,DSN      ,10/10/2020,8:10:03 PM,25.9713,56.668,10,,DSN      ,ML    ,1.5
620732932,se  ,OMAN     ,10/12/2020,1:47:49 AM,28.6237,54.1041,10,TRUE,OMAN     ,mb    ,3.2
620732933,se  ,TEH      ,10/13/2020,4:05:27 PM,28.436,57.214,21.9,,TEH      ,ML    ,2.9
619481942,se  ,ISC      ,10/14/2020,11:06:17 AM,27.3267,54.5171,14.9,,ISC      ,mb    ,4.4
621927187,se  ,TEH      ,10/14/2020,2:49:47 PM,27.283,54.608,15.3,,TEH      ,ML    ,3.2
619508910,se  ,ISC      ,10/14/2020,5:51:26 PM,27.3613,54.5215,25,TRUE,ISC      ,mb    ,3.6
620732934,se  ,TEH      ,10/14/2020,6:18:32 PM,27.599,56.594,14,,TEH      ,ML    ,3.2
621927188,se  ,TEH      ,10/14/2020,7:45:59 PM,27.303,54.597,8.8,,TEH      ,ML    ,2.8
620732937,se  ,ISC      ,10/15/2020,9:42:14 AM,28.1044,58.1402,10,TRUE,TEH      ,ML    ,2.5
621927194,se  ,TEH      ,10/15/2020,11:42:33 AM,28.2,55.827,6.4,,TEH      ,ML    ,3.4
620732936,se  ,ISC      ,10/15/2020,1:36:45 PM,28.7571,57.1028,10,TRUE,TEH      ,ML    ,3.6
621927200,se  ,TEH      ,10/16/2020,12:32:54 PM,28.728,57.142,8,,TEH      ,ML    ,3.2
620732939,se  ,ISC      ,10/18/2020,8:41:45 PM,27.3311,56.7521,18.7,,TEH      ,ML    ,3.3
621927209,se  ,TEH      ,10/18/2020,10:09:15 PM,28.749,57.93,8,,TEH      ,ML    ,3.3
620732943,se  ,ISC      ,10/20/2020,7:29:49 PM,27.1773,54.567,4.9,,TEH      ,ML    ,2.9
621927215,se  ,TEH      ,10/21/2020,9:35:03 AM,26.875,57.013,8,,TEH      ,ML    ,2.5
619519566,se  ,ISC      ,10/24/2020,8:01:34 AM,27.6107,56.8541,10.3,,ISC      ,mb    ,3.6
621927236,se  ,TEH      ,10/25/2020,3:30:43 AM,27.26,54.004,6.5,,TEH      ,ML    ,2.7
619523290,se  ,ISC      ,10/26/2020,5:28:14 PM,27.225,54.599,19.6,,ISC      ,mb    ,3.5
620732944,se  ,ISC      ,10/26/2020,7:17:08 PM,27.2922,54.5962,24,,DSN      ,ML    ,3
620732946,se  ,ISC      ,10/26/2020,8:24:59 PM,27.2334,54.5893,18,TRUE,DSN      ,ML    ,3.3
620732948,se  ,TEH      ,10/28/2020,11:13:28 AM,28.45,56.993,14.2,,TEH      ,ML    ,2.9
621927261,se  ,TEH      ,10/28/2020,11:42:51 AM,28.804,57.484,22.4,,TEH      ,ML    ,2.5
620732950,se  ,TEH      ,10/28/2020,11:21:05 PM,28.48,57.218,21.2,,TEH      ,ML    ,2.8
620732952,se  ,ISC      ,10/30/2020,7:22:39 PM,27.026,54.3,10,TRUE,TEH      ,ML    ,3.1
620732958,se  ,OMAN     ,11/1/2020,4:23:27 PM,25.9448,57.3015,10,TRUE,OMAN     ,ml    ,1.6
621927285,se  ,TEH      ,11/1/2020,5:06:48 PM,28.189,57.329,10,,TEH      ,ML    ,2.6
621927286,se  ,TEH      ,11/1/2020,8:10:30 PM,28.495,57.078,14.6,,TEH      ,ML    ,2.5
620732959,se  ,ISC      ,11/2/2020,10:32:14 PM,28.2264,56.2702,13.7,,TEH      ,ML    ,3.1
619544631,se  ,ISC      ,11/4/2020,6:18:41 AM,28.7697,56.865,10,TRUE,ISC      ,mb    ,3.7
621927298,se  ,TEH      ,11/4/2020,10:44:11 AM,28.813,56.777,8,,TEH      ,ML    ,2.6
619546759,se  ,ISC      ,11/5/2020,4:56:00 PM,28.1777,57.6476,30.3,,ISC      ,mb    ,3.7
621927312,se  ,TEH      ,11/6/2020,2:34:04 AM,27.641,55.524,10,,TEH      ,ML    ,2.5
620732962,se  ,ISC      ,11/6/2020,11:03:26 PM,27.7688,57.9578,10,TRUE,TEH      ,ML    ,2.8
620732964,se  ,TEH      ,11/10/2020,6:59:26 AM,28.411,57.211,10,,TEH      ,ML    ,2.8
621927334,se  ,TEH      ,11/10/2020,11:04:46 PM,27.815,54.172,10,,TEH      ,ML    ,2.5
620732965,se  ,ISC      ,11/11/2020,1:26:48 AM,26.626,54.9555,12.9,,ISC      ,mb    ,3.6
621927343,se  ,TEH      ,11/11/2020,9:15:52 PM,27.825,57.195,28,,TEH      ,ML    ,2.8
620732973,se  ,TEH      ,11/11/2020,11:39:37 PM,28.551,57.328,10,,TEH      ,ML    ,2.5
621927348,se  ,TEH      ,11/12/2020,7:18:39 AM,27.352,56.255,7.3,,TEH      ,ML    ,2.9
620732975,se  ,OMAN     ,11/13/2020,4:31:16 AM,26.5867,57.3215,10,TRUE,OMAN     ,ml    ,2.3
620732979,se  ,OMAN     ,11/17/2020,12:58:17 AM,27.2399,54.3825,10,TRUE,OMAN     ,ml    ,2.9
620732981,se  ,OMAN     ,11/17/2020,8:33:57 AM,26.201,56.3547,2,TRUE,OMAN     ,ml    ,1.5
620732980,se  ,ISC      ,11/17/2020,10:14:59 AM,29.0799,55.2756,10,TRUE,TEH      ,ML    ,3.6
620732982,se  ,ISC      ,11/18/2020,1:00:03 PM,26.8663,55.9528,5,,DSN      ,ML    ,3.6
620732984,se  ,ISC      ,11/19/2020,7:43:34 PM,27.2997,57.8053,29.5,,TEH      ,ML    ,2.9
621927377,se  ,TEH      ,11/20/2020,12:04:02 PM,27.389,54.159,18,,TEH      ,ML    ,2.6
620732985,se  ,ISC      ,11/21/2020,3:24:12 PM,27.8896,57.9834,10,TRUE,TEH      ,ML    ,2.8
621927384,se  ,TEH      ,11/22/2020,7:46:17 PM,27.449,54.869,8,,TEH      ,ML    ,2.8
621927385,se  ,TEH      ,11/22/2020,8:34:02 PM,27.442,54.86,10,,TEH      ,ML    ,2.8
619569145,se  ,ISC      ,11/22/2020,9:28:35 PM,27.4995,56.05,6.4,,ISC      ,mb    ,3.3
620732990,se  ,ISC      ,11/24/2020,2:27:32 PM,27.0957,54.4985,18,TRUE,DSN      ,ML    ,2.9
621927402,se  ,TEH      ,11/26/2020,4:34:56 AM,28.09,55.104,10,,TEH      ,ML    ,2.8
621927409,se  ,TEH      ,11/27/2020,1:50:21 AM,28.078,57.181,8,,TEH      ,ML    ,2.5
619561604,ke  ,ISC      ,11/29/2020,4:24:28 AM,27.3797,54.116,10.8,,ISC      ,mb    ,4.9
620732993,se  ,OMAN     ,11/30/2020,7:25:31 PM,27.2692,54.8038,10,TRUE,OMAN     ,ml    ,2.1
621927432,se  ,TEH      ,12/1/2020,12:58:40 AM,27.171,54.525,10,,TEH      ,ML    ,2.8
620732996,se  ,ISC      ,12/1/2020,6:35:39 PM,27.791,53.9415,10,TRUE,TEH      ,ML    ,3.1
620732997,se  ,ISC      ,12/4/2020,12:53:53 AM,27.3721,54.1846,10,TRUE,TEH      ,ML    ,2.9
621927445,se  ,TEH      ,12/4/2020,6:58:54 PM,28.22,57.751,10,,TEH      ,ML    ,2.9
619610853,se  ,ISC      ,12/4/2020,8:40:27 PM,28.1896,57.7908,10,TRUE,ISC      ,mb    ,3.7
620733001,se  ,ISC      ,12/11/2020,7:56:59 PM,26.84,54.1534,19,TRUE,TEH      ,ML    ,2.8
619624605,ke  ,ISC      ,12/11/2020,8:47:54 PM,27.3674,54.0594,15.5,,ISC      ,mb    ,4.6
620733010,se  ,OMAN     ,12/14/2020,8:26:36 AM,26.2982,56.3081,5.9,TRUE,OMAN     ,ml    ,1.7
620733011,se  ,OMAN     ,12/15/2020,12:07:25 AM,27.3559,56.0871,10,TRUE,OMAN     ,ml    ,2
620733012,se  ,TEH      ,12/15/2020,3:12:37 AM,29.066,56.002,12,,TEH      ,ML    ,2.6
620733013,se  ,ISC      ,12/16/2020,4:27:18 AM,27.3264,54.0359,23,TRUE,TEH      ,ML    ,3.2
621927516,se  ,TEH      ,12/19/2020,8:51:39 AM,28.108,57.725,27,,TEH      ,ML    ,2.9
621927517,se  ,TEH      ,12/20/2020,3:39:32 AM,27.185,55.742,14,,TEH      ,ML    ,2.7
621927518,se  ,TEH      ,12/20/2020,4:37:51 AM,27.17,55.802,26.6,,TEH      ,ML    ,2.7
620733018,se  ,ISC      ,12/24/2020,12:59:14 PM,27.2571,57.7658,10,TRUE,TEH      ,ML    ,2.9
620733019,se  ,DSN      ,12/25/2020,3:55:33 AM,25.2739,56.2519,0,,DSN      ,ML    ,0.8
619680051,se  ,ISC      ,12/26/2020,12:11:47 PM,27.702,55.0598,20,TRUE,ISC      ,mb    ,3.5
619717353,se  ,ISC      ,12/27/2020,7:16:52 AM,28.1049,56.959,24,TRUE,ISC      ,mb    ,3.8
621927556,se  ,TEH      ,12/28/2020,7:06:22 PM,28.831,57.134,10,,TEH      ,ML    ,2.5
619719570,se  ,ISC      ,12/29/2020,10:15:55 PM,28.3091,57.1073,10,TRUE,ISC      ,mb    ,3.6
619719572,se  ,ISC      ,12/29/2020,10:18:34 PM,28.3383,57.1075,10,TRUE,ISC      ,mb    ,3.4
619631655,se  ,ISC      ,1/2/2021,8:29:08 PM,27.0935,57.9645,10,TRUE,ISC      ,mb    ,4.1
619745231,se  ,ISC      ,1/3/2021,9:43:46 AM,27.111,55.0981,17,TRUE,ISC      ,mb    ,3.5
620733031,se  ,ISC      ,1/3/2021,10:42:28 AM,27.1187,54.9914,17,TRUE,TEH      ,ML    ,2.9
625050400,se  ,TEH      ,1/4/2021,9:31:18 PM,27.146,55.247,12.8,,TEH      ,ML    ,2.7
625051437,se  ,TEH      ,1/6/2021,8:25:34 AM,27.184,57.881,12.2,,TEH      ,ML    ,2.7
620733033,se  ,OMAN     ,1/7/2021,1:42:43 AM,27.1605,56.1535,10,TRUE,OMAN     ,ml    ,2.7
625052412,se  ,TEH      ,1/8/2021,1:14:09 AM,28.579,57.244,8.9,,TEH      ,ML    ,3.3
625052413,se  ,TEH      ,1/8/2021,1:30:23 PM,28.381,56.096,8,,TEH      ,ML    ,2.9
625054776,se  ,TEH      ,1/12/2021,10:00:51 AM,28.505,57.388,10,,TEH      ,ML    ,2.7
621741389,se  ,ISC      ,1/13/2021,4:28:22 PM,27.1861,57.9198,10,TRUE,TEH      ,ML    ,2.5
620733035,se  ,DSN      ,1/13/2021,7:50:27 PM,25.756,56.5265,15,,DSN      ,ML    ,1.8
619775306,se  ,ISC      ,1/13/2021,10:57:19 PM,27.2584,57.8145,10,TRUE,ISC      ,mb    ,4.3
619779519,se  ,ISC      ,1/14/2021,1:19:44 PM,29.1694,54.882,10,TRUE,ISC      ,mb    ,3.5
625056021,se  ,TEH      ,1/14/2021,8:28:45 PM,28.46,57.204,22,,TEH      ,ML    ,2.6
619720615,ke  ,ISC      ,1/15/2021,9:31:05 PM,26.8649,55.2363,9.3,,ISC      ,mb    ,5.3
620733039,se  ,DSN      ,1/15/2021,9:37:46 PM,26.8849,55.3408,10,,DSN      ,ML    ,3.2
620733040,se  ,ISC      ,1/15/2021,10:03:21 PM,26.8606,55.2855,9.3,,TEH      ,ML    ,2.9
625056737,se  ,TEH      ,1/15/2021,10:27:31 PM,26.924,55.231,10,,TEH      ,ML    ,2.6
619720625,se  ,ISC      ,1/15/2021,11:24:22 PM,26.8172,55.2338,19.5,,ISC      ,mb    ,4.1
625057294,se  ,TEH      ,1/16/2021,3:43:01 AM,26.844,55.22,19,,TEH      ,ML    ,2.9
620733041,se  ,ISC      ,1/16/2021,4:04:10 AM,26.8587,55.258,7.9,,DSN      ,ML    ,2.7
620733042,se  ,DSN      ,1/16/2021,4:38:49 PM,26.9694,55.3956,10,,DSN      ,ML    ,2.6
625057903,se  ,TEH      ,1/17/2021,12:45:30 AM,28.126,56.922,6.2,,TEH      ,ML    ,2.6
619720937,se  ,ISC      ,1/17/2021,2:50:18 AM,26.8396,55.2237,19.3,,ISC      ,mb    ,4.5
619795226,se  ,ISC      ,1/17/2021,3:18:53 PM,26.7939,55.2498,10,TRUE,ISC      ,mb    ,3.7
620733043,se  ,ISC      ,1/17/2021,5:37:33 PM,26.5105,56.6454,5.4,,TEH      ,ML    ,2.6
621741391,se  ,ISC      ,1/18/2021,4:08:25 AM,27.1577,58.0053,10,TRUE,TEH      ,ML    ,2.9
625058414,se  ,TEH      ,1/18/2021,6:05:46 AM,27.3,56.417,10.4,,TEH      ,ML    ,2.8
619798817,se  ,ISC      ,1/18/2021,8:28:33 AM,28.595,53.9237,24,TRUE,ISC      ,mb    ,3.8
619721668,ke  ,ISC      ,1/18/2021,4:03:12 PM,28.1471,56.0698,16,TRUE,ISC      ,mb    ,4.4
625058416,se  ,TEH      ,1/18/2021,5:24:14 PM,28.322,56.162,10,,TEH      ,ML    ,2.8
620733044,se  ,ISC      ,1/18/2021,8:44:54 PM,26.8915,55.4326,27.6,,DSN      ,ML    ,3
621741393,se  ,OMAN     ,1/18/2021,11:45:14 PM,26.4462,55.3048,10,TRUE,OMAN     ,ml    ,2
620733045,se  ,OMAN     ,1/19/2021,12:32:42 AM,26.7726,55.4038,16.1,,OMAN     ,ml    ,2.7
620733046,se  ,ISC      ,1/19/2021,10:40:28 AM,26.7723,55.2013,8,,DSN      ,ML    ,2.8
620733047,se  ,OMAN     ,1/19/2021,12:50:30 PM,27.3839,57.0924,10,TRUE,OMAN     ,ml    ,2.7
625058893,se  ,TEH      ,1/19/2021,2:22:03 PM,27.917,56.992,20,,TEH      ,ML    ,2.7
625058894,se  ,TEH      ,1/19/2021,2:47:50 PM,28.183,56.088,10,,TEH      ,ML    ,2.6
620733048,se  ,ISC      ,1/19/2021,8:03:58 PM,26.7431,55.3497,12.1,,TEH      ,ML    ,2.9
620733049,se  ,ISC      ,1/20/2021,2:17:58 AM,26.8108,55.2163,9.6,,DSN      ,ML    ,3
620733050,se  ,DSN      ,1/20/2021,9:58:53 PM,26.7291,55.2455,4.4,,DSN      ,ML    ,2.4
620733051,se  ,ISC      ,1/21/2021,11:18:47 PM,26.9326,55.3901,10,TRUE,DSN      ,ML    ,2.8
619763363,se  ,ISC      ,1/22/2021,11:27:36 PM,26.8157,55.2978,17.2,,ISC      ,mb    ,3.9
620733052,se  ,DSN      ,1/23/2021,2:55:00 PM,26.9894,55.4464,15,,DSN      ,ML    ,2.9
625062653,se  ,TEH      ,1/25/2021,3:30:28 AM,27.853,57.536,22,,TEH      ,ML    ,2.7
625062657,se  ,TEH      ,1/25/2021,7:09:27 PM,27.762,57.384,28,,TEH      ,ML    ,2.8
620733054,se  ,ISC      ,1/25/2021,8:23:48 PM,27.8179,57.3113,10,TRUE,DSN      ,ML    ,2.8
621741398,se  ,TEH      ,1/25/2021,8:29:38 PM,27.862,57.285,22.5,,TEH      ,ML    ,2.8
620733055,se  ,TEH      ,1/25/2021,9:51:45 PM,27.779,57.335,17.7,,TEH      ,ML    ,3.3
625062658,se  ,TEH      ,1/25/2021,9:54:04 PM,27.844,57.296,10,,TEH      ,ML    ,2.6
625062659,se  ,TEH      ,1/25/2021,10:32:03 PM,27.869,57.287,10,,TEH      ,ML    ,2.8
625063162,se  ,TEH      ,1/26/2021,5:38:57 AM,27.852,57.363,12.2,,TEH      ,ML    ,2.9
625063163,se  ,TEH      ,1/26/2021,6:13:27 AM,28.273,55.623,16.5,,TEH      ,ML    ,3.3
620733056,se  ,ISC      ,1/26/2021,10:58:24 AM,26.5313,57.3751,15.8,,TEH      ,ML    ,2.9
625063581,se  ,TEH      ,1/27/2021,9:00:19 AM,27.791,57.303,19,,TEH      ,ML    ,2.8
621741402,se  ,TEH      ,1/28/2021,4:15:21 PM,28.479,57.387,23,,TEH      ,ML    ,2.8
619775318,ke  ,ISC      ,1/28/2021,6:40:14 PM,28.2988,57.7149,11.7,,ISC      ,mb    ,4.2
621741403,se  ,OMAN     ,1/29/2021,7:50:24 AM,26.5587,55.95,7.3,,OMAN     ,ml    ,1.6
620733057,se  ,ISC      ,1/29/2021,9:33:40 AM,26.7402,55.117,10,TRUE,DSN      ,ML    ,2.6
620733058,se  ,ISC      ,1/30/2021,9:31:12 AM,26.8779,55.4556,30.2,,DSN      ,ML    ,3.1
619782071,se  ,ISC      ,1/30/2021,5:23:28 PM,26.7982,53.9868,20.3,,ISC      ,mb    ,4.1
625065737,se  ,TEH      ,1/31/2021,3:35:46 PM,27.213,57.998,5,,TEH      ,ML    ,2.7
619782101,ke  ,ISC      ,1/31/2021,4:04:33 PM,28.0983,56.8065,10.4,,ISC      ,mb    ,4.8
619833431,se  ,ISC      ,1/31/2021,4:21:18 PM,28.1279,56.8828,24,TRUE,ISC      ,mb    ,3.5
625065738,se  ,TEH      ,1/31/2021,5:33:20 PM,28.182,56.934,10,,TEH      ,ML    ,2.8
625065739,se  ,TEH      ,1/31/2021,8:10:46 PM,28.182,56.925,10,,TEH      ,ML    ,2.8
619782194,ke  ,ISC      ,1/31/2021,10:06:01 PM,28.1388,57.3445,14.2,,ISC      ,mb    ,4.7
625214347,se  ,TEH      ,2/1/2021,2:42:50 AM,27.817,56.153,8,,TEH      ,ML    ,2.5
619782298,se  ,ISC      ,2/1/2021,5:43:02 AM,28.0871,56.7662,10,TRUE,ISC      ,mb    ,4.1
625214348,se  ,TEH      ,2/1/2021,6:01:06 PM,28.1,57.009,10,,TEH      ,ML    ,2.6
620733060,se  ,ISC      ,2/2/2021,4:45:56 PM,26.8785,54.1959,3.4,,DSN      ,ML    ,2.7
620733068,se  ,ISC      ,2/3/2021,5:42:22 AM,26.8592,55.4633,10,TRUE,OMAN     ,ml    ,3.1
619839443,se  ,ISC      ,2/3/2021,5:59:39 AM,26.8599,54.1349,19,TRUE,ISC      ,mb    ,3.6
625214540,se  ,TEH      ,2/3/2021,7:14:22 AM,28.538,57.327,7.5,,TEH      ,ML    ,2.6
620733071,se  ,OMAN     ,2/5/2021,9:36:37 PM,26.6407,55.1772,10,TRUE,OMAN     ,ml    ,2.2
625214803,se  ,TEH      ,2/6/2021,8:02:02 AM,28.141,56.969,15.3,,TEH      ,ML    ,2.9
621741420,se  ,OMAN     ,2/7/2021,10:18:05 PM,25.9651,57.2948,10,TRUE,OMAN     ,ml    ,1.6
625215172,se  ,TEH      ,2/8/2021,12:55:00 PM,28.12,57.021,10,,TEH      ,ML    ,2.5
625215277,se  ,TEH      ,2/9/2021,12:08:32 PM,27.653,57.838,8.3,,TEH      ,ML    ,2.8
620733081,se  ,ISC      ,2/10/2021,1:21:55 PM,29.202,56.5922,10,TRUE,TEH      ,ML    ,3.4
621741424,se  ,OMAN     ,2/10/2021,9:31:44 PM,26.8679,54.6027,10,TRUE,OMAN     ,ml    ,2.5
620733082,se  ,TEH      ,2/11/2021,10:28:50 PM,29.177,56.676,9.4,,TEH      ,ML    ,2.9
620733083,se  ,OMAN     ,2/12/2021,9:23:37 PM,26.4864,55.1363,10,TRUE,OMAN     ,ml    ,2
619872251,se  ,ISC      ,2/13/2021,7:51:41 AM,26.9523,55.3756,0.7,,ISC      ,mb    ,3.5
620733085,se  ,ISC      ,2/13/2021,7:57:04 AM,26.8024,55.3189,10,TRUE,DSN      ,ML    ,3
625215783,se  ,TEH      ,2/13/2021,12:12:16 PM,27.573,54.436,14,,TEH      ,ML    ,2.8
621741433,se  ,ISC      ,2/14/2021,5:07:10 AM,27.251,54.045,10,TRUE,ISC      ,mb    ,3.5
619840691,se  ,ISC      ,2/18/2021,7:06:17 AM,26.8447,55.3009,13.1,,ISC      ,mb    ,4.2
620733102,se  ,ISC      ,2/20/2021,8:11:55 PM,27.1196,55.0733,17,TRUE,DSN      ,ML    ,2.9
620733104,se  ,DSN      ,2/21/2021,3:59:01 PM,27.0312,55.6765,10,,DSN      ,ML    ,2.3
621741448,se  ,TEH      ,2/21/2021,4:54:46 PM,29.191,57.197,90,,TEH      ,ML    ,2.9
619916432,se  ,ISC      ,2/21/2021,5:10:14 PM,26.9198,55.5224,18.1,,ISC      ,mb    ,3.6
620733105,se  ,ISC      ,2/22/2021,4:15:09 AM,26.7686,54.5774,10,TRUE,DSN      ,ML    ,3.1
625216413,se  ,TEH      ,2/22/2021,10:35:20 PM,28.27,57.222,18.6,,TEH      ,ML    ,3.1
621741451,se  ,ISC      ,2/23/2021,3:59:18 PM,28.0898,55.9864,16,TRUE,TEH      ,ML    ,3
625216533,se  ,TEH      ,2/23/2021,11:00:52 PM,27.854,57.285,10,,TEH      ,ML    ,2.7
620733106,se  ,ISC      ,2/24/2021,12:10:02 AM,26.7815,55.2405,25.5,,TEH      ,ML    ,3.6
621741452,se  ,TEH      ,2/24/2021,12:15:59 AM,27.875,57.309,16.2,,TEH      ,ML    ,3.3
620733107,se  ,OMAN     ,2/24/2021,12:53:44 AM,25.1187,56.6195,10,TRUE,OMAN     ,ml    ,1.6
620733108,se  ,OMAN     ,2/24/2021,6:46:16 PM,26.3778,55.4001,10,TRUE,OMAN     ,ml    ,1.9
625216596,se  ,TEH      ,2/24/2021,7:11:53 PM,28.174,56.291,10,,TEH      ,ML    ,2.6
625216918,se  ,TEH      ,2/28/2021,7:41:20 AM,28.509,57.144,14,,TEH      ,ML    ,2.5
620733109,se  ,DSN      ,3/1/2021,3:02:18 PM,25.9904,56.0567,10,,DSN      ,ML    ,1.8
625418981,se  ,TEH      ,3/2/2021,10:12:01 AM,28.399,57.175,20,,TEH      ,ML    ,3.1
625418983,se  ,TEH      ,3/2/2021,3:39:46 PM,26.691,55.14,10,,TEH      ,ML    ,2.6
619906912,se  ,ISC      ,3/3/2021,2:35:24 AM,28.276,56.8894,10,TRUE,ISC      ,mb    ,3.9
625419010,se  ,TEH      ,3/3/2021,2:40:15 AM,28.278,57.012,17.9,,TEH      ,ML    ,2.7
619941536,se  ,ISC      ,3/3/2021,3:00:31 AM,28.301,56.893,10,TRUE,ISC      ,mb    ,3.8
619941538,se  ,ISC      ,3/3/2021,3:16:03 AM,28.1547,56.797,10,TRUE,ISC      ,mb    ,4
625419027,se  ,TEH      ,3/4/2021,3:47:56 AM,27.652,57.404,8,,TEH      ,ML    ,3.5
620733111,se  ,ISC      ,3/4/2021,6:56:11 PM,27.0519,55.7287,11.7,,OMAN     ,mb    ,3
625419057,se  ,TEH      ,3/6/2021,12:46:10 AM,27.543,57.388,11.5,,TEH      ,ML    ,2.6
620733113,se  ,ISC      ,3/8/2021,2:04:34 AM,27.3426,55.9517,10,TRUE,TEH      ,ML    ,2.9
620733114,se  ,DSN      ,3/9/2021,6:41:33 AM,26.2853,56.2427,0.1,,DSN      ,ML    ,1.7
620733115,se  ,DSN      ,3/9/2021,8:20:20 AM,27.3327,56.0139,10,,DSN      ,ML    ,2
620733117,se  ,ISC      ,3/10/2021,9:01:52 PM,26.7427,55.3165,10,TRUE,TEH      ,ML    ,2.7
625419124,se  ,TEH      ,3/11/2021,12:15:23 AM,28.519,57.163,10,,TEH      ,ML    ,2.7
620733118,se  ,OMAN     ,3/11/2021,6:17:09 PM,25.4821,56.0441,10,TRUE,OMAN     ,ml    ,1.6
625419130,se  ,TEH      ,3/11/2021,7:43:33 PM,27.845,57.73,17.3,,TEH      ,ML    ,2.6
620733120,se  ,TEH      ,3/12/2021,4:16:44 PM,28.212,56.993,10.4,,TEH      ,ML    ,2.9
619940323,ke  ,ISC      ,3/14/2021,12:54:08 PM,28.117,56.9626,21.9,,ISC      ,mb    ,5
621741476,se  ,TEH      ,3/14/2021,1:15:33 PM,28.133,57.187,10,,TEH      ,ML    ,2.6
621741477,se  ,TEH      ,3/15/2021,2:34:47 AM,28.218,57.052,7.5,,TEH      ,ML    ,2.5
621741478,se  ,ISC      ,3/15/2021,3:40:22 PM,29.2014,56.7627,10,TRUE,TEH      ,ML    ,3.6
625419216,se  ,TEH      ,3/17/2021,6:53:21 AM,28.19,57.521,21,,TEH      ,ML    ,2.8
621741481,se  ,TEH      ,3/18/2021,9:02:46 AM,28.292,57.46,21.1,,TEH      ,ML    ,2.7
625419237,se  ,TEH      ,3/18/2021,6:25:55 PM,27.641,57.357,10,,TEH      ,ML    ,2.5
625419238,se  ,TEH      ,3/18/2021,6:52:11 PM,27.54,57.447,10,,TEH      ,ML    ,2.6
621741482,se  ,OMAN     ,3/18/2021,10:48:36 PM,27.1218,57.7948,10,TRUE,OMAN     ,ml    ,1.9
620733121,se  ,DSN      ,3/19/2021,11:56:08 AM,26.932,55.6252,4.6,,DSN      ,ML    ,2.5
620219596,se  ,ISC      ,3/20/2021,12:36:09 AM,27.3514,56.1576,6.7,,ISC      ,mb    ,3.8
625419269,se  ,TEH      ,3/20/2021,1:24:32 AM,27.143,56.203,12,,TEH      ,ML    ,2.7
625419270,se  ,TEH      ,3/20/2021,2:18:53 AM,27.881,56.982,10,,TEH      ,ML    ,2.5
625419273,se  ,TEH      ,3/20/2021,3:20:05 PM,26.913,54.224,10,,TEH      ,ML    ,2.9
620733122,se  ,DSN      ,3/21/2021,6:00:32 PM,26.9839,55.8258,10,,DSN      ,ML    ,2.4
625419314,se  ,TEH      ,3/23/2021,10:49:02 PM,27.036,54.161,10,,TEH      ,ML    ,2.5
625419326,se  ,TEH      ,3/24/2021,4:34:05 AM,27.239,55.002,24,,TEH      ,ML    ,2.9
620230027,se  ,ISC      ,3/25/2021,12:33:30 AM,27.5029,55.6926,15,TRUE,ISC      ,mb    ,3.2
621741488,se  ,OMAN     ,3/26/2021,2:12:29 AM,25.9229,57.308,10,TRUE,OMAN     ,ml    ,1.8
625419373,se  ,TEH      ,3/27/2021,2:44:20 PM,28.857,57.805,12,,TEH      ,ML    ,2.7
621741490,se  ,ISC      ,3/28/2021,5:51:39 AM,26.5179,57.3542,6.5,,TEH      ,ML    ,2.5
625419414,se  ,TEH      ,3/30/2021,12:08:34 AM,28.069,56.776,10,,TEH      ,ML    ,2.6
621741493,se  ,TEH      ,3/30/2021,12:02:43 PM,28.959,57.044,8.8,,TEH      ,ML    ,3.3
620298728,se  ,ISC      ,3/31/2021,2:08:29 AM,28.0149,56.8149,24,TRUE,ISC      ,mb    ,3.3
621741495,se  ,OMAN     ,4/1/2021,5:04:15 AM,28.4854,54.2669,10,TRUE,OMAN     ,mb    ,3.1
625419481,se  ,TEH      ,4/2/2021,5:38:58 AM,28.342,56.73,10,,TEH      ,ML    ,2.6
620733182,se  ,OMAN     ,4/2/2021,8:55:43 PM,25.4764,56.3499,5,TRUE,OMAN     ,ml    ,2.3
620733183,se  ,DSN      ,4/3/2021,9:59:51 PM,25.4711,56.2512,15,,DSN      ,ML    ,1.3
620733185,se  ,DSN      ,4/4/2021,10:08:54 AM,25.4857,56.2841,10,,DSN      ,ML    ,0.6
625419560,se  ,TEH      ,4/8/2021,2:21:26 AM,28.29,57.526,18,,TEH      ,ML    ,2.9
625419628,se  ,TEH      ,4/11/2021,12:20:47 PM,28.981,57.112,50,,TEH      ,ML    ,2.9
620341688,se  ,ISC      ,4/11/2021,3:33:55 PM,28.4994,57.3128,10,TRUE,ISC      ,mb    ,3.5
620341698,se  ,ISC      ,4/11/2021,5:26:56 PM,28.9529,56.9719,10,TRUE,ISC      ,mb    ,3.6
625419668,se  ,TEH      ,4/13/2021,10:08:08 AM,28.382,57.255,5,,TEH      ,ML    ,2.6
625419688,se  ,TEH      ,4/14/2021,5:51:02 AM,28.468,57.35,8.9,,TEH      ,ML    ,2.9
620733203,se  ,TEH      ,4/14/2021,9:00:40 AM,28.328,57.314,7.5,,TEH      ,ML    ,3
620733204,se  ,ISC      ,4/15/2021,12:34:43 AM,28.9661,57.0865,10,TRUE,OMAN     ,mb    ,3.5
621741504,se  ,OMAN     ,4/15/2021,3:51:52 AM,25.6334,56.691,8.3,,OMAN     ,ml    ,1.5
625419708,se  ,TEH      ,4/15/2021,4:24:00 PM,28.347,57.686,10,,TEH      ,ML    ,2.7
620344883,se  ,ISC      ,4/17/2021,6:01:56 AM,28.9687,56.9949,10,TRUE,ISC      ,mb    ,3.6
620733205,se  ,ISC      ,4/18/2021,2:16:06 PM,27.7294,57.5149,25,TRUE,OMAN     ,mb    ,3.2
625419848,se  ,TEH      ,4/19/2021,7:16:26 AM,28.637,54.23,14.8,,TEH      ,ML    ,3
625419897,se  ,TEH      ,4/20/2021,7:15:02 AM,26.485,54.394,10,,TEH      ,ML    ,2.8
621741521,se  ,ISC      ,4/21/2021,1:19:45 AM,27.7957,58.2552,10,TRUE,TEH      ,ML    ,2.9
621741527,se  ,OMAN     ,4/22/2021,4:16:11 PM,26.4391,57.4596,10,TRUE,OMAN     ,ml    ,1.8
621741531,se  ,OMAN     ,4/24/2021,9:25:12 PM,25.266,55.7152,7.9,,OMAN     ,ml    ,1.4
625420055,se  ,TEH      ,4/26/2021,3:55:50 PM,26.923,54.9,8.4,,TEH      ,ML    ,2.9
625420057,se  ,TEH      ,4/26/2021,11:15:33 PM,27.421,55.366,18.8,,TEH      ,ML    ,2.9
625420112,se  ,TEH      ,4/28/2021,3:30:07 AM,27.323,57.874,11.3,,TEH      ,ML    ,2.9
625420113,se  ,TEH      ,4/28/2021,3:38:44 AM,27.653,57.496,10,,TEH      ,ML    ,2.8
621741535,se  ,ISC      ,4/28/2021,5:02:05 AM,27.7569,57.4494,10,TRUE,TEH      ,ML    ,3.3
620364195,se  ,ISC      ,4/28/2021,5:55:02 AM,27.742,57.4138,10,TRUE,ISC      ,mb    ,3.7
620351503,se  ,ISC      ,4/29/2021,10:23:47 AM,26.6244,55.4585,8.7,,ISC      ,mb    ,3.8
620733222,se  ,DSN      ,4/29/2021,12:10:22 PM,26.7317,55.6348,10,,DSN      ,ML    ,3
620733223,se  ,OMAN     ,4/29/2021,3:19:36 PM,26.4027,55.6408,10,TRUE,OMAN     ,ml    ,2.3
625420184,se  ,TEH      ,5/1/2021,5:35:46 AM,27.753,54.651,20.3,,TEH      ,ML    ,2.5
621741547,se  ,ISC      ,5/3/2021,8:13:35 PM,28.3785,56.9816,10,TRUE,TEH      ,ML    ,2.8
621741548,se  ,ISC      ,5/5/2021,3:06:00 AM,27.3359,56.8322,4.1,,TEH      ,ML    ,2.7
624417113,se  ,DSN      ,5/5/2021,3:46:40 AM,26.8546,56.0623,10,,DSN      ,ML    ,2.9
624417115,se  ,DSN      ,5/5/2021,1:39:28 PM,25.0931,56.2691,0,,DSN      ,ML    ,1
621741549,se  ,ISC      ,5/5/2021,11:38:17 PM,28.2708,57.0026,31,TRUE,TEH      ,ML    ,2.9
624417136,se  ,DSN      ,5/9/2021,11:29:39 AM,26.9198,55.8529,10,,DSN      ,ML    ,3
621741552,se  ,ISC      ,5/11/2021,4:40:53 AM,27.6501,57.0685,10,TRUE,TEH      ,ML    ,3.8
625420358,se  ,TEH      ,5/11/2021,5:12:50 AM,27.469,57.168,10,,TEH      ,ML    ,2.6
624417165,se  ,TEH      ,5/14/2021,12:52:53 PM,28.624,55.648,14.7,,TEH      ,ML    ,3.4
621741554,se  ,TEH      ,5/14/2021,2:18:33 PM,27.792,58.144,9,,TEH      ,ML    ,2.6
625420429,se  ,TEH      ,5/14/2021,2:46:30 PM,28.589,55.725,10,,TEH      ,ML    ,2.5
625420532,se  ,ISC      ,5/19/2021,12:41:37 AM,27.571,55.0148,10,TRUE,TEH      ,ML    ,2.8
621741562,se  ,ISC      ,5/19/2021,11:51:50 AM,27.1502,57.6498,10,TRUE,TEH      ,ML    ,2.8
621741564,se  ,OMAN     ,5/21/2021,8:03:28 AM,27.8354,57.0606,10,TRUE,OMAN     ,ml    ,2.6
625420601,se  ,TEH      ,5/22/2021,6:44:28 AM,28.875,57.205,10,,TEH      ,ML    ,2.9
625420602,se  ,TEH      ,5/22/2021,10:16:09 AM,28.941,57.1,10,,TEH      ,ML    ,2.6
621741565,se  ,ISC      ,5/22/2021,1:28:12 PM,26.9251,55.7587,3.8,,TEH      ,ML    ,2.9
624417239,se  ,DSN      ,5/22/2021,2:34:29 PM,26.9409,55.8249,10,,DSN      ,ML    ,2.5
625420618,se  ,TEH      ,5/23/2021,6:52:02 AM,28.172,56.539,10,,TEH      ,ML    ,2.9
625420620,se  ,TEH      ,5/23/2021,7:22:44 AM,28.227,56.597,8,,TEH      ,ML    ,2.5
620507150,se  ,ISC      ,5/23/2021,12:52:25 PM,28.1915,56.6331,10,TRUE,ISC      ,mb    ,3.6
620507153,se  ,ISC      ,5/23/2021,12:57:31 PM,28.1965,56.587,10,TRUE,ISC      ,mb    ,3.7
625420623,se  ,TEH      ,5/23/2021,1:14:48 PM,28.208,56.533,9,,TEH      ,ML    ,2.8
621741569,se  ,OMAN     ,5/24/2021,12:54:46 AM,25.6378,56.3588,6.6,TRUE,OMAN     ,ml    ,2.9
621741570,se  ,OMAN     ,5/24/2021,3:24:25 AM,25.6255,56.3521,10,TRUE,OMAN     ,ml    ,2
625420678,se  ,TEH      ,5/26/2021,2:16:56 AM,28.191,56.184,19.3,,TEH      ,ML    ,2.5
621741576,se  ,OMAN     ,5/26/2021,4:34:18 PM,25.5902,56.3784,17.6,,OMAN     ,ml    ,2.5
621741580,se  ,OMAN     ,5/29/2021,7:00:44 PM,25.6326,56.4077,1.4,,OMAN     ,ml    ,1.3
621741588,se  ,OMAN     ,6/2/2021,10:10:33 AM,25.206,55.6405,10,TRUE,OMAN     ,ml    ,1.4
624417330,se  ,DSN      ,6/2/2021,1:31:05 PM,26.904,55.0663,10,,DSN      ,ML    ,2.6
621741659,se  ,TEH      ,6/11/2021,3:57:30 PM,27.614,56.469,10,,TEH      ,ML    ,2.8
621741678,se  ,OMAN     ,6/13/2021,11:51:58 AM,26.0213,57.2815,25.6,,OMAN     ,ml    ,2
625421118,se  ,TEH      ,6/13/2021,1:18:37 PM,27.582,56.273,5,,TEH      ,ML    ,2.7
625421169,se  ,TEH      ,6/15/2021,8:27:09 PM,28.354,57.11,8,,TEH      ,ML    ,2.8
621741714,se  ,ISC      ,6/18/2021,9:44:03 PM,27.2755,57.8872,7.5,,TEH      ,ML    ,2.8
624417479,se  ,DSN      ,6/19/2021,12:22:22 AM,26.9244,55.4508,10,,DSN      ,ML    ,2.5
621741721,se  ,OMAN     ,6/19/2021,1:32:50 AM,27.0367,56.2541,10,TRUE,OMAN     ,ml    ,2.4
620676431,se  ,ISC      ,6/19/2021,5:43:50 PM,26.7863,55.2902,12,TRUE,ISC      ,mb    ,3.6
625421247,se  ,TEH      ,6/19/2021,6:10:53 PM,28.908,57.913,8.2,,TEH      ,ML    ,2.9
624417573,se  ,DSN      ,6/30/2021,3:11:51 PM,26.9804,56.9161,10,,DSN      ,ML    ,2.6
625421505,se  ,TEH      ,7/1/2021,8:40:05 PM,27.595,57.858,8,,TEH      ,ML    ,2.5
625421565,se  ,TEH      ,7/4/2021,8:33:16 AM,27.49,57.975,5.5,,TEH      ,ML    ,2.9
620927937,se  ,ISC      ,7/5/2021,7:37:13 AM,28.1782,57.5604,10,TRUE,ISC      ,mb    ,3.8
620733910,se  ,ISC      ,7/5/2021,9:32:38 AM,28.073,57.5101,30,TRUE,ISC      ,mb    ,4.3
621741827,se  ,OMAN     ,7/6/2021,1:21:34 AM,26.2317,57.3175,10,TRUE,OMAN     ,ml    ,2.2
625421695,se  ,TEH      ,7/9/2021,12:51:46 PM,27.435,56.206,5,,TEH      ,ML    ,2.9
625421696,se  ,TEH      ,7/9/2021,2:10:15 PM,27.868,54.029,10,,TEH      ,ML    ,2.8
621741872,se  ,ISC      ,7/10/2021,9:50:39 AM,27.8106,55.455,10,TRUE,OMAN     ,ml    ,3.5
624417668,se  ,ISC      ,7/10/2021,9:56:25 AM,27.7307,55.5643,15,TRUE,DSN      ,ML    ,2.8
621741873,se  ,ISC      ,7/10/2021,9:59:56 AM,27.6507,55.4314,11.4,,DSN      ,ML    ,3.3
625421722,se  ,TEH      ,7/10/2021,11:04:20 AM,27.676,55.502,10,,TEH      ,ML    ,2.7
621741874,se  ,TEH      ,7/10/2021,6:34:30 PM,28.526,55.766,7,,TEH      ,ML    ,3.4
624417692,se  ,ISC      ,7/12/2021,5:45:32 PM,27.0859,55.1407,17,TRUE,TEH      ,ML    ,2.8
625421868,se  ,TEH      ,7/16/2021,4:07:09 AM,28.127,57.363,10,,TEH      ,ML    ,2.8
621741961,se  ,ISC      ,7/18/2021,7:29:26 PM,26.9198,54.8849,17,TRUE,TEH      ,ML    ,2.9
624417734,se  ,DSN      ,7/19/2021,3:06:51 AM,27.1281,55.0638,10,,DSN      ,ML    ,2.6
625422034,se  ,TEH      ,7/22/2021,12:10:40 PM,27.97,57.052,4.2,,TEH      ,ML    ,2.7
625422092,se  ,TEH      ,7/24/2021,8:03:14 AM,27.968,56.803,10,,TEH      ,ML    ,2.7
625422093,se  ,TEH      ,7/24/2021,9:19:52 AM,28.003,56.829,19.8,,TEH      ,ML    ,2.8
625422095,se  ,TEH      ,7/24/2021,4:12:02 PM,27.994,57.178,10,,TEH      ,ML    ,2.5
625422120,se  ,TEH      ,7/25/2021,8:18:33 AM,27.814,57.403,10,,TEH      ,ML    ,2.6
625422122,se  ,TEH      ,7/25/2021,3:15:51 PM,27.963,57.04,25.9,,TEH      ,ML    ,2.8
621742068,se  ,OMAN     ,7/25/2021,11:21:44 PM,26.6806,54.9089,10,TRUE,OMAN     ,ml    ,2.7
625422154,se  ,TEH      ,7/27/2021,8:09:56 AM,28.071,56.808,10,,TEH      ,ML    ,2.9
621742106,se  ,OMAN     ,7/29/2021,8:12:43 AM,26.2883,55.5848,15,,OMAN     ,ml    ,2.3
621742107,se  ,OMAN     ,7/29/2021,11:51:22 AM,26.3132,57.2821,10,TRUE,OMAN     ,ml    ,2.5
621742145,se  ,TEH      ,8/4/2021,1:47:42 AM,28.869,54.898,10,,TEH      ,ML    ,2.9
621742154,se  ,OMAN     ,8/5/2021,5:06:51 AM,25.2049,57.7795,20.1,,OMAN     ,ml    ,1.7
621002114,se  ,ISC      ,8/8/2021,6:04:50 AM,26.9642,54.9835,13.5,,ISC      ,mb    ,3.4
624417874,se  ,ISC      ,8/8/2021,9:55:36 PM,26.8682,54.9847,17,TRUE,DSN      ,ML    ,3.1
620983152,se  ,ISC      ,8/11/2021,4:18:04 PM,26.9275,54.2762,18,TRUE,ISC      ,mb    ,4
621742191,se  ,OMAN     ,8/12/2021,9:56:11 AM,25.7709,56.3809,5,TRUE,OMAN     ,ml    ,2.4
621009410,se  ,ISC      ,8/12/2021,12:11:05 PM,28.2529,57.5549,10,TRUE,ISC      ,mb    ,3.6
620984156,ke  ,ISC      ,8/12/2021,12:24:06 PM,28.3234,57.6063,7.5,,ISC      ,mb    ,5
620984163,se  ,ISC      ,8/12/2021,2:52:30 PM,28.3598,57.6332,10,TRUE,ISC      ,mb    ,4
620986267,se  ,ISC      ,8/13/2021,5:27:31 PM,28.3091,57.4279,10,TRUE,ISC      ,mb    ,4.2
621742199,se  ,OMAN     ,8/13/2021,10:05:57 PM,27.8497,57.3899,10,TRUE,OMAN     ,ml    ,2.4
621742205,se  ,OMAN     ,8/14/2021,5:48:07 AM,26.6982,55.4974,10,TRUE,OMAN     ,ml    ,2.5
621013471,se  ,ISC      ,8/14/2021,9:15:03 AM,28.337,57.6163,10,TRUE,OMAN     ,ml    ,3.4
624417939,se  ,ISC      ,8/15/2021,12:19:18 AM,28.1721,55.9377,16,TRUE,TEH      ,ML    ,2.9
624417947,se  ,DSN      ,8/16/2021,11:02:15 AM,25.3018,56.206,7.4,,DSN      ,ML    ,2.1
621742241,se  ,OMAN     ,8/19/2021,10:29:34 AM,26.1244,57.2847,10,TRUE,OMAN     ,ml    ,2.1
621742254,se  ,OMAN     ,8/22/2021,8:53:04 PM,26.8984,55.2337,10,TRUE,OMAN     ,ml    ,2.6
625422879,se  ,TEH      ,8/22/2021,9:03:57 PM,27.585,55.377,16.9,,TEH      ,ML    ,2.8
620999713,se  ,ISC      ,8/22/2021,10:27:50 PM,28.0754,55.624,22,TRUE,ISC      ,mb    ,4.2
621049295,se  ,ISC      ,8/24/2021,6:24:40 AM,27.6955,56.4526,18,TRUE,ISC      ,mb    ,3.8
621049346,se  ,ISC      ,8/24/2021,6:42:49 PM,27.9988,56.8818,10,TRUE,ISC      ,mb    ,3.2
621742268,se  ,TEH      ,8/24/2021,7:43:53 PM,27.852,56.562,6,,TEH      ,ML    ,2.9
621742278,se  ,TEH      ,8/25/2021,7:39:22 PM,28.1,56.935,18.1,,TEH      ,ML    ,3.4
621742301,se  ,OMAN     ,8/29/2021,1:53:52 AM,26.8437,54.8598,10,TRUE,OMAN     ,ml    ,3
625423088,se  ,TEH      ,8/29/2021,4:42:15 AM,27.87,57.752,9.5,,TEH      ,ML    ,2.8
625423143,se  ,TEH      ,8/31/2021,1:23:49 AM,27.932,56.824,10,,TEH      ,ML    ,2.8
624418063,se  ,DSN      ,8/31/2021,10:47:36 PM,25.613,56.2651,10.8,,DSN      ,ML    ,1.2
625423170,se  ,TEH      ,9/1/2021,4:32:07 PM,27.871,56.337,1.2,,TEH      ,ML    ,2.8
621742353,se  ,OMAN     ,9/4/2021,1:29:31 AM,27.3023,54.1178,10,TRUE,OMAN     ,ml    ,2.4
621742421,se  ,OMAN     ,9/10/2021,2:10:50 AM,25.0026,57.2064,10,TRUE,OMAN     ,ml    ,1.4
625423496,se  ,TEH      ,9/10/2021,8:55:33 PM,28.319,57.286,10,,TEH      ,ML    ,2.6
621072240,se  ,ISC      ,9/11/2021,8:55:23 PM,27.3733,54.6633,14.7,,ISC      ,mb    ,4
621070384,se  ,ISC      ,9/11/2021,9:20:02 PM,27.3698,54.5673,18.3,,ISC      ,mb    ,3.9
621070387,se  ,ISC      ,9/11/2021,10:45:21 PM,27.3737,54.6439,18.3,,ISC      ,mb    ,4.4
625423606,se  ,TEH      ,9/13/2021,6:32:19 PM,27.72,56.694,20,,TEH      ,ML    ,2.5
625423763,se  ,TEH      ,9/18/2021,4:16:03 PM,28.85,57.833,10,,TEH      ,ML    ,2.5
625423794,se  ,TEH      ,9/19/2021,4:16:23 PM,27.663,55.144,7.6,,TEH      ,ML    ,2.9
621742479,se  ,ISC      ,9/19/2021,6:22:51 PM,27.0713,57.9942,56.7,,TEH      ,ML    ,2.9
621116026,se  ,ISC      ,9/21/2021,8:07:55 AM,27.8422,57.722,30,TRUE,ISC      ,mb    ,3.9
621742508,se  ,OMAN     ,9/22/2021,2:11:13 AM,26.8957,55.8932,10,TRUE,OMAN     ,ml    ,2.8
625423891,se  ,TEH      ,9/22/2021,3:58:45 PM,28.257,55.203,21.5,,TEH      ,ML    ,3.4
621110139,se  ,ISC      ,9/26/2021,12:14:17 AM,28.067,57.1028,10,TRUE,ISC      ,mb    ,4.4
621742558,se  ,ISC      ,9/26/2021,12:42:21 AM,28.0019,57.3838,10,TRUE,TEH      ,ML    ,2.7
625423995,se  ,TEH      ,9/26/2021,3:32:44 AM,27.208,54.569,6.6,,TEH      ,ML    ,2.9
624418346,se  ,DSN      ,9/30/2021,4:30:29 AM,25.0285,56.6165,0,,DSN      ,ML    ,1.9
621742604,se  ,ISC      ,9/30/2021,10:29:02 AM,26.608,55.501,0.6,,DSN      ,ML    ,3.3
624418349,se  ,DSN      ,9/30/2021,9:36:21 PM,27.043,56.0187,10,,DSN      ,ML    ,2.4
624418351,se  ,DSN      ,9/30/2021,11:19:14 PM,26.7506,55.6969,10,,DSN      ,ML    ,2.2
621742629,se  ,OMAN     ,10/3/2021,6:49:13 AM,26.7661,54.132,10,TRUE,OMAN     ,ml    ,3.2
621742630,se  ,OMAN     ,10/3/2021,10:50:22 AM,26.1399,57.3026,10,TRUE,OMAN     ,ml    ,2.5
621742656,se  ,OMAN     ,10/5/2021,12:08:00 PM,26.0759,57.3367,15,TRUE,OMAN     ,ml    ,2.2
624418395,se  ,DSN      ,10/6/2021,9:49:27 AM,26.6302,55.0547,5,,DSN      ,ML    ,2.5
621144274,se  ,ISC      ,10/10/2021,4:11:25 PM,27.3728,55.2497,9.7,,ISC      ,mb    ,4.7
621742703,se  ,OMAN     ,10/10/2021,4:18:12 PM,27.4848,55.2078,10,TRUE,OMAN     ,ml    ,3.1
624418429,se  ,ISC      ,10/10/2021,6:26:56 PM,27.3143,55.345,15,TRUE,DSN      ,ML    ,2.5
625424490,se  ,TEH      ,10/10/2021,8:51:54 PM,27.717,56.562,10,,TEH      ,ML    ,2.8
621742715,se  ,OMAN     ,10/11/2021,8:46:11 PM,26.5884,54.9462,12.2,,         ,      ,
621742756,se  ,ISC      ,10/14/2021,2:17:49 PM,27.5029,56.3045,18,TRUE,TEH      ,ML    ,2.8
621742757,se  ,OMAN     ,10/14/2021,5:14:15 PM,25.5883,56.4166,4,,OMAN     ,ml    ,1.3
621742797,se  ,ISC      ,10/16/2021,7:11:28 PM,27.6132,56.6461,14.1,,TEH      ,ML    ,2.9
621742825,se  ,OMAN     ,10/18/2021,7:59:35 PM,28.1461,57.4752,10,TRUE,OMAN     ,ml    ,2.7
625424873,se  ,TEH      ,10/20/2021,1:36:24 AM,28.78,57.457,8,,TEH      ,ML    ,3.4
621742852,se  ,OMAN     ,10/20/2021,7:03:10 PM,26.7485,56.8018,6.2,,OMAN     ,ml    ,2.5
625424875,se  ,TEH      ,10/20/2021,7:34:35 PM,28.178,57.171,10,,TEH      ,ML    ,2.7
621229665,ke  ,ISC      ,10/21/2021,6:05:11 AM,27.6748,58.4556,10,TRUE,ISC      ,mb    ,4.8
621742879,se  ,OMAN     ,10/22/2021,7:09:45 AM,25.9614,57.2117,10,TRUE,OMAN     ,ml    ,1.7
621742880,se  ,OMAN     ,10/22/2021,3:44:13 PM,25.0609,55.7374,3.9,,OMAN     ,ml    ,1.9
621742883,se  ,ISC      ,10/23/2021,5:40:10 AM,27.4414,57.8957,10,TRUE,TEH      ,ML    ,3.5
621742944,se  ,ISC      ,10/27/2021,7:42:25 AM,28.3078,57.1222,10,TRUE,TEH      ,ML    ,3.7
624418594,se  ,DSN      ,10/29/2021,1:18:49 AM,26.964,55.604,10,,DSN      ,ML    ,2.3
624418597,se  ,DSN      ,10/29/2021,5:24:22 AM,27.1334,56.4231,5,,DSN      ,ML    ,2.7
621742975,se  ,ISC      ,10/29/2021,5:26:06 AM,27.1724,56.35,10,TRUE,TEH      ,ML    ,2.8
625425232,se  ,TEH      ,10/29/2021,5:55:26 AM,27.187,56.267,13.3,,TEH      ,ML    ,2.7
621401259,se  ,ISC      ,11/1/2021,9:39:58 AM,26.5521,54.0313,30.2,,ISC      ,mb    ,3.5
621743006,se  ,ISC      ,11/1/2021,3:48:44 PM,27.3103,55.1853,24.3,,ISC      ,mb    ,3.4
621743023,se  ,ISC      ,11/3/2021,2:52:51 PM,25.7282,57.5658,13.5,,TEH      ,ML    ,2.8
625426500,se  ,TEH      ,11/5/2021,8:02:12 PM,28.456,57.645,15.9,,TEH      ,ML    ,2.7
621743067,se  ,OMAN     ,11/8/2021,11:21:06 PM,25.357,55.7471,1.9,TRUE,OMAN     ,ml    ,2
621743103,se  ,ISC      ,11/11/2021,9:36:57 PM,27.3135,57.9587,10,TRUE,TEH      ,ML    ,2.8
621402829,se  ,ISC      ,11/13/2021,8:52:21 PM,28.4163,54.1023,10,TRUE,ISC      ,mb    ,4.5
625427427,se  ,TEH      ,11/14/2021,11:09:54 AM,28.359,56.205,10,,TEH      ,ML    ,2.7
621403058,ke  ,ISC      ,11/14/2021,12:07:04 PM,27.6926,56.1026,12.1,,ISC      ,mb    ,6
621403060,ke  ,ISC      ,11/14/2021,12:08:38 PM,27.6631,56.1915,12.3,,ISC      ,mb    ,6.2
621468669,se  ,ISC      ,11/14/2021,12:23:27 PM,27.5029,56.3168,6.9,,ISC      ,mb    ,3.8
621468672,se  ,ISC      ,11/14/2021,12:23:47 PM,27.5942,56.0373,15,TRUE,ISC      ,mb    ,4.3
621468673,se  ,ISC      ,11/14/2021,12:30:53 PM,27.7134,56.4939,18,TRUE,ISC      ,mb    ,3.6
621403061,se  ,ISC      ,11/14/2021,12:40:19 PM,27.5108,56.0178,15,TRUE,ISC      ,mb    ,3.9
621468674,se  ,ISC      ,11/14/2021,12:40:52 PM,27.6304,56.1394,15,TRUE,ISC      ,mb    ,4.3
621468676,se  ,ISC      ,11/14/2021,12:47:57 PM,27.5759,56.2525,18,TRUE,ISC      ,mb    ,3.5
621403063,se  ,ISC      ,11/14/2021,12:52:37 PM,27.649,56.2509,5,,ISC      ,mb    ,4
621468678,se  ,ISC      ,11/14/2021,1:01:10 PM,27.4286,56.0179,15,TRUE,ISC      ,mb    ,3.9
621468679,se  ,ISC      ,11/14/2021,1:05:48 PM,27.6979,56.2563,8,,ISC      ,mb    ,4.2
621468680,se  ,ISC      ,11/14/2021,1:13:14 PM,27.8448,56.1407,10,TRUE,ISC      ,mb    ,3.7
621468683,se  ,ISC      ,11/14/2021,1:13:43 PM,27.6117,56.1145,15,TRUE,ISC      ,mb    ,4.2
621468685,se  ,ISC      ,11/14/2021,1:27:16 PM,27.7554,56.0629,10,TRUE,ISC      ,mb    ,3.5
621468686,se  ,ISC      ,11/14/2021,1:28:53 PM,27.4759,56.221,15,TRUE,ISC      ,mb    ,3.5
621468688,se  ,ISC      ,11/14/2021,1:35:58 PM,27.3602,56.2852,18,TRUE,ISC      ,mb    ,3.5
621468689,se  ,ISC      ,11/14/2021,1:39:51 PM,27.4629,56.1455,15,TRUE,ISC      ,mb    ,3.5
621403073,se  ,ISC      ,11/14/2021,1:45:01 PM,27.5413,56.1975,15,TRUE,ISC      ,mb    ,3.9
621468691,se  ,ISC      ,11/14/2021,1:46:28 PM,27.3459,56.1245,15,TRUE,ISC      ,mb    ,3.5
621468692,se  ,ISC      ,11/14/2021,1:51:41 PM,27.5936,56.2479,10,TRUE,ISC      ,mb    ,3.8
621468693,se  ,ISC      ,11/14/2021,1:56:16 PM,27.7427,56.1586,10,TRUE,ISC      ,mb    ,3.6
621403068,se  ,OMAN     ,11/14/2021,2:02:15 PM,27.3458,56.5219,10,TRUE,OMAN     ,ml    ,3.9
621743157,se  ,ISC      ,11/14/2021,2:02:56 PM,27.6173,56.1368,9.6,,ISC      ,mb    ,4.7
621468695,se  ,ISC      ,11/14/2021,2:13:57 PM,27.5492,56.2138,4.3,,ISC      ,mb    ,3.4
621468698,se  ,IDC      ,11/14/2021,2:14:16 PM,27.8123,56.6591,0,TRUE,IDC      ,mb    ,3.8
625427428,se  ,TEH      ,11/14/2021,2:19:33 PM,27.625,56.176,10,,TEH      ,ML    ,2.7
621468700,se  ,ISC      ,11/14/2021,2:24:13 PM,27.5265,56.2973,12.8,,ISC      ,mb    ,4.1
625427429,se  ,TEH      ,11/14/2021,2:34:00 PM,28.023,56.237,10,,TEH      ,ML    ,2.9
621468701,se  ,ISC      ,11/14/2021,2:39:33 PM,27.6538,56.3391,10,TRUE,ISC      ,mb    ,4
625427430,se  ,TEH      ,11/14/2021,2:52:20 PM,27.601,56.228,10,,TEH      ,ML    ,2.9
621468704,se  ,ISC      ,11/14/2021,3:05:50 PM,27.6205,56.1481,15,TRUE,ISC      ,mb    ,3.6
621403072,se  ,ISC      ,11/14/2021,3:12:08 PM,27.6035,56.2551,12,,ISC      ,mb    ,4.4
621403074,se  ,ISC      ,11/14/2021,3:22:18 PM,27.5499,56.1478,8.8,,ISC      ,mb    ,4.5
621468706,se  ,ISC      ,11/14/2021,3:34:30 PM,27.7188,56.1346,10,TRUE,ISC      ,mb    ,3.5
621468707,se  ,ISC      ,11/14/2021,3:41:40 PM,27.5346,56.2899,10.4,,ISC      ,mb    ,3.3
621403078,se  ,ISC      ,11/14/2021,3:59:12 PM,27.5598,56.0635,15,TRUE,ISC      ,mb    ,4.2
621468709,se  ,ISC      ,11/14/2021,4:10:10 PM,27.7152,56.2215,15,TRUE,ISC      ,mb    ,3.7
621468710,se  ,ISC      ,11/14/2021,4:11:16 PM,27.6186,56.1759,15,TRUE,ISC      ,mb    ,3.6
621403075,se  ,ISC      ,11/14/2021,4:19:57 PM,27.5877,56.1618,8.8,,ISC      ,mb    ,4.6
621743160,se  ,OMAN     ,11/14/2021,4:28:04 PM,27.5914,55.996,10,TRUE,OMAN     ,ml    ,2.9
621468713,se  ,ISC      ,11/14/2021,4:34:12 PM,27.645,56.2932,1.8,,ISC      ,mb    ,3.4
621468714,se  ,ISC      ,11/14/2021,5:01:19 PM,27.6034,56.2281,20.8,,ISC      ,mb    ,3.6
621468718,se  ,ISC      ,11/14/2021,5:31:54 PM,27.6926,56.2619,6.7,,ISC      ,mb    ,3.4
621468719,se  ,IDC      ,11/14/2021,5:34:17 PM,27.2544,56.1961,0,TRUE,IDC      ,mb    ,3.5
624418731,se  ,ISC      ,11/14/2021,5:36:39 PM,27.6911,55.9239,15,TRUE,TEH      ,ML    ,2.7
621468720,se  ,ISC      ,11/14/2021,5:40:58 PM,27.5898,56.1302,13.7,,ISC      ,mb    ,3.4
621468723,se  ,ISC      ,11/14/2021,5:50:24 PM,27.5428,56.1819,16.6,,ISC      ,mb    ,3.6
621468724,se  ,ISC      ,11/14/2021,5:58:13 PM,27.6152,56.2076,15.1,,ISC      ,mb    ,3.6
621468725,se  ,ISC      ,11/14/2021,6:01:13 PM,27.4741,56.1238,15,TRUE,ISC      ,mb    ,3.5
621468726,se  ,ISC      ,11/14/2021,6:18:39 PM,27.5923,56.1541,27.6,,ISC      ,mb    ,3.6
621468728,se  ,ISC      ,11/14/2021,6:38:17 PM,27.4774,56.2837,23.3,,ISC      ,mb    ,3.4
621468730,se  ,ISC      ,11/14/2021,6:46:41 PM,27.5282,56.0425,15,TRUE,ISC      ,mb    ,3.5
621743161,se  ,TEH      ,11/14/2021,6:57:22 PM,27.601,56.22,17.8,,TEH      ,ML    ,2.7
621468732,se  ,ISC      ,11/14/2021,7:07:07 PM,27.4939,56.265,11.8,,ISC      ,mb    ,3.7
625427431,se  ,TEH      ,11/14/2021,7:10:04 PM,27.591,56.322,14.7,,TEH      ,ML    ,2.9
625427432,se  ,TEH      ,11/14/2021,7:18:31 PM,27.541,56.14,19.4,,TEH      ,ML    ,2.7
621468734,se  ,ISC      ,11/14/2021,7:30:09 PM,27.632,56.1243,9.4,,ISC      ,mb    ,3.4
621743162,se  ,ISC      ,11/14/2021,7:38:11 PM,28.3743,56.7754,10,TRUE,TEH      ,ML    ,2.7
625427433,se  ,TEH      ,11/14/2021,7:50:18 PM,27.736,56.364,10,,TEH      ,ML    ,2.8
621468737,se  ,ISC      ,11/14/2021,8:09:49 PM,27.6063,56.1091,15.1,,ISC      ,mb    ,3.5
621743163,se  ,ISC      ,11/14/2021,8:23:12 PM,27.6056,56.0848,5.5,,OMAN     ,mb    ,3.5
621468741,se  ,ISC      ,11/14/2021,8:41:14 PM,27.5773,56.1749,7.8,,ISC      ,mb    ,3.6
625427434,se  ,TEH      ,11/14/2021,9:13:32 PM,27.611,56.279,10,,TEH      ,ML    ,2.8
621743164,se  ,ISC      ,11/14/2021,9:27:38 PM,27.5859,56.1859,10.1,,TEH      ,ML    ,2.7
621468744,se  ,ISC      ,11/14/2021,9:33:35 PM,27.6367,56.2235,13.9,,ISC      ,mb    ,4.1
621468749,se  ,ISC      ,11/14/2021,10:13:18 PM,27.5843,56.2084,15,TRUE,ISC      ,mb    ,3.4
621468751,se  ,ISC      ,11/14/2021,10:48:54 PM,27.6536,56.2233,15,TRUE,ISC      ,mb    ,4.2
625427435,se  ,TEH      ,11/14/2021,10:50:42 PM,27.879,56.157,10,,TEH      ,ML    ,2.9
621743165,se  ,OMAN     ,11/14/2021,11:37:32 PM,27.6478,56.2001,10,TRUE,OMAN     ,ml    ,2.2
625427470,se  ,TEH      ,11/15/2021,12:32:25 AM,27.566,56.153,11,,TEH      ,ML    ,2.9
625427471,se  ,TEH      ,11/15/2021,12:53:52 AM,27.64,56.288,8.3,,TEH      ,ML    ,2.7
625427472,se  ,TEH      ,11/15/2021,1:07:09 AM,27.56,56.059,10,,TEH      ,ML    ,2.9
624418739,se  ,ISC      ,11/15/2021,1:23:24 AM,27.6619,56.285,18,TRUE,TEH      ,ML    ,2.9
625427473,se  ,TEH      ,11/15/2021,1:33:00 AM,27.43,56.16,10,,TEH      ,ML    ,2.7
621475579,se  ,ISC      ,11/15/2021,1:41:28 AM,27.6692,56.0228,11.6,,ISC      ,mb    ,3.5
621475580,se  ,ISC      ,11/15/2021,1:45:29 AM,27.6384,56.2495,9.7,,ISC      ,mb    ,3.6
624418741,se  ,ISC      ,11/15/2021,1:59:50 AM,27.7817,56.2452,10,TRUE,TEH      ,ML    ,2.8
621403211,se  ,ISC      ,11/15/2021,2:02:37 AM,27.5972,56.0977,10,TRUE,ISC      ,mb    ,4.5
625427474,se  ,TEH      ,11/15/2021,2:18:05 AM,27.633,56.174,21.4,,TEH      ,ML    ,2.9
625427475,se  ,TEH      ,11/15/2021,2:45:23 AM,27.525,56.042,10,,TEH      ,ML    ,2.8
621475581,se  ,ISC      ,11/15/2021,2:53:43 AM,27.6939,56.184,15,TRUE,ISC      ,mb    ,4.1
624418742,se  ,DSN      ,11/15/2021,3:01:31 AM,27.5337,56.347,10,,DSN      ,ML    ,2.4
621475582,se  ,ISC      ,11/15/2021,3:04:38 AM,27.5913,56.0606,10,TRUE,ISC      ,mb    ,3.8
621403212,se  ,ISC      ,11/15/2021,3:14:36 AM,27.5645,56.1832,15,TRUE,ISC      ,mb    ,4
621475584,se  ,ISC      ,11/15/2021,3:55:21 AM,27.5731,56.1163,19.6,,ISC      ,mb    ,3.4
621475587,se  ,ISC      ,11/15/2021,4:13:33 AM,27.5545,56.173,15,TRUE,ISC      ,mb    ,3.4
625427476,se  ,TEH      ,11/15/2021,4:23:03 AM,27.615,56.224,10,,TEH      ,ML    ,2.8
621743176,se  ,ISC      ,11/15/2021,5:02:05 AM,27.7034,56.3411,18,TRUE,OMAN     ,ml    ,3.1
621475595,se  ,ISC      ,11/15/2021,5:04:30 AM,27.1621,56.1525,14,TRUE,ISC      ,mb    ,3.8
625427477,se  ,TEH      ,11/15/2021,5:58:26 AM,27.601,56.22,10,,TEH      ,ML    ,2.9
625427478,se  ,TEH      ,11/15/2021,6:23:13 AM,27.521,55.978,28,,TEH      ,ML    ,2.8
621475606,se  ,ISC      ,11/15/2021,6:43:49 AM,27.6746,56.2709,18,TRUE,ISC      ,mb    ,3.5
625427479,se  ,TEH      ,11/15/2021,7:10:25 AM,27.604,56.055,13.2,,TEH      ,ML    ,2.9
621475611,se  ,ISC      ,11/15/2021,7:44:55 AM,27.6001,56.2764,10,TRUE,ISC      ,mb    ,3.6
625427480,se  ,TEH      ,11/15/2021,8:18:13 AM,27.604,56.224,10,,TEH      ,ML    ,2.9
625427481,se  ,TEH      ,11/15/2021,9:14:13 AM,27.573,56.209,14,,TEH      ,ML    ,2.9
621475618,se  ,ISC      ,11/15/2021,9:15:36 AM,27.7149,56.4164,18,TRUE,ISC      ,mb    ,3.8
621475625,se  ,ISC      ,11/15/2021,9:45:25 AM,27.5942,56.2457,18.3,,ISC      ,mb    ,3.4
625427483,se  ,TEH      ,11/15/2021,9:55:02 AM,27.619,56.15,9.7,,TEH      ,ML    ,2.7
624418746,se  ,TEH      ,11/15/2021,10:14:18 AM,27.639,56.237,10,,TEH      ,ML    ,2.8
625427485,se  ,TEH      ,11/15/2021,10:52:25 AM,27.564,56.194,17,,TEH      ,ML    ,2.9
625427486,se  ,TEH      ,11/15/2021,11:15:42 AM,27.501,56.241,19.8,,TEH      ,ML    ,2.8
621475631,se  ,ISC      ,11/15/2021,11:24:16 AM,27.5503,56.1415,10,TRUE,ISC      ,mb    ,3.7
625427488,se  ,TEH      ,11/15/2021,12:21:31 PM,27.643,56.171,5,,TEH      ,ML    ,2.8
625427489,se  ,TEH      ,11/15/2021,1:07:49 PM,27.599,56.176,10,,TEH      ,ML    ,2.9
625427490,se  ,TEH      ,11/15/2021,1:28:15 PM,27.542,56.229,10,,TEH      ,ML    ,2.9
621406828,se  ,ISC      ,11/15/2021,1:36:11 PM,27.6756,56.1077,10.9,,ISC      ,mb    ,5.1
625427491,se  ,TEH      ,11/15/2021,1:48:53 PM,27.646,56.13,8.1,,TEH      ,ML    ,2.7
621475637,se  ,ISC      ,11/15/2021,2:24:53 PM,27.6202,56.1415,11.6,,ISC      ,mb    ,3.7
621743177,se  ,ISC      ,11/15/2021,2:37:34 PM,27.5474,56.1473,15,TRUE,TEH      ,ML    ,2.9
625427492,se  ,TEH      ,11/15/2021,2:38:52 PM,27.587,56.201,14.2,,TEH      ,ML    ,2.9
621743178,se  ,TEH      ,11/15/2021,2:47:46 PM,27.613,56.101,5,,TEH      ,ML    ,2.8
621743179,se  ,TEH      ,11/15/2021,3:02:22 PM,27.512,56.18,14.2,,TEH      ,ML    ,2.9
621743180,se  ,ISC      ,11/15/2021,3:49:37 PM,27.7159,56.2878,18,TRUE,DSN      ,ML    ,3.2
625427493,se  ,TEH      ,11/15/2021,3:55:12 PM,27.579,56.029,6,,TEH      ,ML    ,2.8
625427494,se  ,TEH      ,11/15/2021,4:03:25 PM,27.625,56.141,10,,TEH      ,ML    ,2.6
621406843,se  ,ISC      ,11/15/2021,4:42:44 PM,27.6207,56.1462,15,TRUE,ISC      ,mb    ,4.2
625427496,se  ,TEH      ,11/15/2021,4:52:04 PM,27.454,56.162,10,,TEH      ,ML    ,2.8
625427497,se  ,TEH      ,11/15/2021,5:04:22 PM,27.612,56.164,5,,TEH      ,ML    ,2.5
621743181,se  ,ISC      ,11/15/2021,5:22:18 PM,27.7847,56.2923,6.7,,TEH      ,ML    ,2.9
621406848,se  ,ISC      ,11/15/2021,6:05:38 PM,27.6362,56.2655,14.8,,ISC      ,mb    ,4.3
621743182,se  ,ISC      ,11/15/2021,6:18:17 PM,27.5393,55.972,15,TRUE,DSN      ,ML    ,3.5
625427499,se  ,TEH      ,11/15/2021,6:23:02 PM,27.53,56.174,10,,TEH      ,ML    ,2.9
625427500,se  ,TEH      ,11/15/2021,6:30:43 PM,27.556,56.264,9.3,,TEH      ,ML    ,2.8
625427501,se  ,TEH      ,11/15/2021,7:09:52 PM,27.642,55.934,8.1,,TEH      ,ML    ,2.8
621475644,se  ,ISC      ,11/15/2021,7:12:14 PM,27.6757,56.1911,6.8,,ISC      ,mb    ,3.8
621475645,se  ,ISC      ,11/15/2021,7:31:52 PM,27.623,56.0328,3.5,,ISC      ,mb    ,3.5
625427502,se  ,TEH      ,11/15/2021,7:53:16 PM,27.48,56.017,11.4,,TEH      ,ML    ,2.8
621475647,se  ,ISC      ,11/15/2021,8:06:29 PM,27.6772,56.2372,17,,ISC      ,mb    ,3.8
625427503,se  ,TEH      ,11/15/2021,8:14:40 PM,27.618,56.18,5,,TEH      ,ML    ,2.5
625427504,se  ,TEH      ,11/15/2021,8:37:56 PM,27.605,56.133,6,,TEH      ,ML    ,2.7
621475650,se  ,ISC      ,11/15/2021,9:24:18 PM,27.6537,56.1956,8.6,,ISC      ,mb    ,3.7
625427505,se  ,TEH      ,11/15/2021,9:37:38 PM,27.614,56.138,10,,TEH      ,ML    ,2.8
621743185,se  ,TEH      ,11/15/2021,9:54:40 PM,27.634,56.196,8.9,,TEH      ,ML    ,2.8
621743186,se  ,ISC      ,11/15/2021,10:31:52 PM,27.5446,55.9366,1.6,,OMAN     ,ml    ,3.2
625427506,se  ,TEH      ,11/15/2021,10:34:56 PM,27.474,56.134,18.6,,TEH      ,ML    ,2.8
621743184,se  ,ISC      ,11/15/2021,10:51:23 PM,27.6348,56.1639,3.3,,TEH      ,ML    ,3.1
625427507,se  ,TEH      ,11/15/2021,11:04:03 PM,27.619,56.238,6,,TEH      ,ML    ,2.8
625427508,se  ,TEH      ,11/15/2021,11:07:28 PM,27.599,56.208,5,,TEH      ,ML    ,2.5
621743187,se  ,ISC      ,11/15/2021,11:47:56 PM,27.4609,56.2388,12.5,,TEH      ,ML    ,2.9
625427510,se  ,TEH      ,11/15/2021,11:55:12 PM,27.523,56.202,8.4,,TEH      ,ML    ,2.6
625427567,se  ,TEH      ,11/16/2021,12:17:15 AM,27.592,56.202,10,,TEH      ,ML    ,2.9
621743196,se  ,ISC      ,11/16/2021,12:48:50 AM,27.5511,56.1525,12.1,,TEH      ,ML    ,2.8
625427568,se  ,TEH      ,11/16/2021,1:09:19 AM,27.416,56.222,10,,TEH      ,ML    ,2.7
625427569,se  ,TEH      ,11/16/2021,1:17:17 AM,27.572,56.181,8,,TEH      ,ML    ,2.6
621743197,se  ,ISC      ,11/16/2021,1:35:03 AM,27.7937,55.9249,16,TRUE,OMAN     ,ml    ,2.9
625427571,se  ,TEH      ,11/16/2021,1:58:54 AM,27.595,56.132,12.7,,TEH      ,ML    ,2.6
625427572,se  ,TEH      ,11/16/2021,2:04:38 AM,27.605,56.23,10,,TEH      ,ML    ,2.9
625427573,se  ,TEH      ,11/16/2021,2:09:30 AM,27.509,56.184,15.9,,TEH      ,ML    ,2.7
625427574,se  ,TEH      ,11/16/2021,2:12:53 AM,27.464,55.985,21.9,,TEH      ,ML    ,2.8
625427575,se  ,TEH      ,11/16/2021,2:21:41 AM,27.481,56.123,18.3,,TEH      ,ML    ,2.5
625427576,se  ,TEH      ,11/16/2021,2:44:15 AM,27.635,56.249,10,,TEH      ,ML    ,2.6
621409304,se  ,ISC      ,11/16/2021,5:12:14 AM,27.6979,56.1379,15,TRUE,ISC      ,mb    ,4.3
625427577,se  ,TEH      ,11/16/2021,5:56:26 AM,27.537,56.158,15.1,,TEH      ,ML    ,3.2
624418757,se  ,ISC      ,11/16/2021,9:09:53 AM,27.6863,56.1885,15,TRUE,TEH      ,ML    ,2.8
621743198,se  ,ISC      ,11/16/2021,10:07:07 AM,27.733,56.1296,15,TRUE,TEH      ,ML    ,2.9
621475676,se  ,ISC      ,11/16/2021,10:37:30 AM,27.6455,56.1382,15,TRUE,ISC      ,mb    ,3.9
624418759,se  ,ISC      ,11/16/2021,2:49:26 PM,27.7804,56.2508,28,TRUE,TEH      ,ML    ,2.7
621743199,se  ,ISC      ,11/16/2021,3:35:48 PM,27.5489,56.2629,7.3,,OMAN     ,mb    ,3.6
625427578,se  ,TEH      ,11/16/2021,6:30:10 PM,27.58,56.092,10,,TEH      ,ML    ,2.8
624418764,se  ,ISC      ,11/16/2021,7:03:12 PM,27.7252,56.2311,15,TRUE,TEH      ,ML    ,2.9
621413481,se  ,ISC      ,11/16/2021,7:27:41 PM,27.6494,56.1435,14.5,,ISC      ,mb    ,4.3
625427579,se  ,TEH      ,11/16/2021,7:33:46 PM,27.509,56.051,13.6,,TEH      ,ML    ,3.1
621475691,se  ,ISC      ,11/16/2021,8:00:48 PM,27.6835,56.0523,1.6,,ISC      ,mb    ,3.8
621743200,se  ,ISC      ,11/16/2021,8:15:28 PM,27.5633,56.1306,2.6,,OMAN     ,ml    ,3.1
624418765,se  ,ISC      ,11/16/2021,11:38:48 PM,27.6901,56.1289,15,TRUE,TEH      ,ML    ,2.9
624418768,se  ,TEH      ,11/17/2021,1:06:27 AM,27.545,56.173,10,,TEH      ,ML    ,2.9
621494187,se  ,ISC      ,11/17/2021,1:59:40 AM,27.656,56.1891,14.7,,ISC      ,mb    ,4
625427619,se  ,TEH      ,11/17/2021,2:21:08 AM,27.537,56.024,10,,TEH      ,ML    ,2.7
621494188,se  ,ISC      ,11/17/2021,2:51:33 AM,27.7035,56.1307,12.2,,ISC      ,mb    ,3.6
625427620,se  ,TEH      ,11/17/2021,3:24:29 AM,27.588,56.142,10.5,,TEH      ,ML    ,2.7
625427621,se  ,TEH      ,11/17/2021,3:49:56 AM,27.527,56.17,20.2,,TEH      ,ML    ,2.5
621494200,se  ,ISC      ,11/17/2021,8:55:11 AM,27.6642,56.2346,15,TRUE,ISC      ,mb    ,3.8
621743221,se  ,ISC      ,11/17/2021,10:53:09 AM,27.5421,56.1802,10,TRUE,TEH      ,ML    ,2.9
625427622,se  ,TEH      ,11/17/2021,12:01:17 PM,27.563,56.207,7.8,,TEH      ,ML    ,3.2
621494209,se  ,ISC      ,11/17/2021,1:42:24 PM,27.5838,56.191,14,,ISC      ,mb    ,3.7
625427623,se  ,TEH      ,11/17/2021,4:41:00 PM,27.649,56.153,6,,TEH      ,ML    ,2.6
621494224,se  ,ISC      ,11/17/2021,6:37:19 PM,27.5855,56.208,16.7,,ISC      ,mb    ,3.6
621494229,se  ,ISC      ,11/17/2021,7:29:38 PM,27.5912,56.1695,15.1,,ISC      ,mb    ,3.7
621743223,se  ,TEH      ,11/17/2021,8:46:37 PM,27.599,56.137,20,,TEH      ,ML    ,2.8
621743224,se  ,ISC      ,11/17/2021,9:08:35 PM,27.6537,56.2596,4.1,,TEH      ,ML    ,3.2
621743225,se  ,ISC      ,11/17/2021,9:31:59 PM,27.641,56.1456,5.2,,TEH      ,ML    ,3.3
621743226,se  ,ISC      ,11/17/2021,11:20:25 PM,27.7004,56.262,8.3,,DSN      ,ML    ,3
621494243,se  ,ISC      ,11/17/2021,11:53:47 PM,27.6352,56.1269,15,TRUE,ISC      ,mb    ,3.5
621743241,se  ,OMAN     ,11/18/2021,1:49:23 AM,27.2098,55.7875,10,TRUE,OMAN     ,mb    ,3.7
625427698,se  ,TEH      ,11/18/2021,1:50:48 AM,27.601,56.019,11.7,,TEH      ,ML    ,3.2
621532456,se  ,ISC      ,11/18/2021,2:18:16 AM,27.5791,56.2902,13.2,,ISC      ,mb    ,3.4
625427699,se  ,TEH      ,11/18/2021,2:31:00 AM,27.66,56.133,10,,TEH      ,ML    ,2.6
625427700,se  ,TEH      ,11/18/2021,4:30:35 AM,27.543,56.252,10,,TEH      ,ML    ,2.6
625427701,se  ,TEH      ,11/18/2021,4:57:11 AM,27.683,56.2,10,,TEH      ,ML    ,2.6
625427702,se  ,TEH      ,11/18/2021,5:46:26 AM,27.561,56.261,8,,TEH      ,ML    ,2.8
625427704,se  ,TEH      ,11/18/2021,12:02:51 PM,27.522,56.157,15.7,,TEH      ,ML    ,3.4
625427705,se  ,TEH      ,11/18/2021,1:07:07 PM,27.538,56.261,10,,TEH      ,ML    ,2.8
621416070,se  ,ISC      ,11/18/2021,4:10:42 PM,27.6041,56.138,13.1,,ISC      ,mb    ,4.3
625427706,se  ,TEH      ,11/18/2021,6:55:42 PM,27.635,56.219,8,,TEH      ,ML    ,2.7
625427707,se  ,TEH      ,11/18/2021,7:10:05 PM,27.424,56.065,13.6,,TEH      ,ML    ,2.7
625427708,se  ,TEH      ,11/18/2021,7:28:25 PM,27.542,56.142,11.8,,TEH      ,ML    ,2.9
625427709,se  ,TEH      ,11/18/2021,8:19:08 PM,27.521,56.21,11.3,,TEH      ,ML    ,2.7
621743242,se  ,ISC      ,11/18/2021,8:47:51 PM,27.9435,57.7018,10,TRUE,TEH      ,ML    ,3.6
621532500,se  ,ISC      ,11/18/2021,8:50:52 PM,27.6409,56.3398,18,TRUE,ISC      ,mb    ,3.8
621532501,se  ,ISC      ,11/18/2021,9:20:07 PM,27.6257,56.152,12.2,,ISC      ,mb    ,3.6
625427710,se  ,TEH      ,11/18/2021,9:45:35 PM,27.512,56.324,18,,TEH      ,ML    ,2.7
621532508,se  ,ISC      ,11/18/2021,11:05:21 PM,27.6292,56.236,15,TRUE,ISC      ,mb    ,3.8
625427759,se  ,TEH      ,11/19/2021,1:59:45 AM,27.552,56.277,10,,TEH      ,ML    ,2.7
625427760,se  ,TEH      ,11/19/2021,2:27:48 AM,27.5,56.248,13.3,,TEH      ,ML    ,2.8
625427761,se  ,TEH      ,11/19/2021,3:18:01 AM,27.634,56.239,18.5,,TEH      ,ML    ,2.9
621743257,se  ,TEH      ,11/19/2021,3:21:41 AM,27.646,56.222,15,,TEH      ,ML    ,2.8
621590282,se  ,ISC      ,11/19/2021,10:34:25 AM,27.6107,56.1305,14,,ISC      ,mb    ,3.8
625427763,se  ,TEH      ,11/19/2021,1:28:38 PM,27.604,56.172,10,,TEH      ,ML    ,2.8
625427765,se  ,TEH      ,11/19/2021,4:16:56 PM,27.573,56.2,10,,TEH      ,ML    ,2.9
625427766,se  ,TEH      ,11/19/2021,5:19:15 PM,27.568,56.226,10,,TEH      ,ML    ,2.7
621423308,se  ,ISC      ,11/19/2021,6:52:09 PM,27.6842,56.2255,10.8,,ISC      ,mb    ,4.2
621743269,se  ,TEH      ,11/20/2021,12:51:09 AM,27.6,56.236,8.2,,TEH      ,ML    ,2.9
621743270,se  ,OMAN     ,11/20/2021,1:35:31 AM,26.1074,56.4001,5,TRUE,OMAN     ,ml    ,2.3
621743271,se  ,ISC      ,11/20/2021,4:55:56 AM,27.5818,56.1515,1.6,,TEH      ,ML    ,3.3
621743272,se  ,ISC      ,11/20/2021,6:40:52 PM,27.5722,56.2473,12.4,,TEH      ,ML    ,2.7
621590373,se  ,ISC      ,11/20/2021,6:44:26 PM,27.7311,56.185,15,TRUE,ISC      ,mb    ,4.1
621590377,se  ,ISC      ,11/20/2021,7:17:57 PM,27.6631,56.191,1,,ISC      ,mb    ,3.7
621743281,se  ,OMAN     ,11/21/2021,3:00:04 AM,27.6562,56.3439,10,TRUE,OMAN     ,ml    ,2.5
621608897,se  ,ISC      ,11/21/2021,5:55:40 AM,27.5694,56.2403,18.2,,ISC      ,mb    ,3.7
625427832,se  ,TEH      ,11/21/2021,11:43:59 AM,27.636,56.139,14.5,,TEH      ,ML    ,2.7
625427834,se  ,TEH      ,11/21/2021,3:48:13 PM,27.647,56.175,11.6,,TEH      ,ML    ,2.6
621743283,se  ,ISC      ,11/21/2021,7:55:29 PM,27.5409,56.172,7.2,,TEH      ,ML    ,2.9
621608935,se  ,ISC      ,11/21/2021,10:51:07 PM,27.5486,55.9702,15,TRUE,ISC      ,mb    ,3.4
624418845,se  ,ISC      ,11/22/2021,12:17:17 AM,27.6365,56.1589,15,TRUE,TEH      ,ML    ,2.9
625427849,se  ,TEH      ,11/22/2021,12:18:37 AM,27.506,55.917,10,,TEH      ,ML    ,2.8
625427850,se  ,TEH      ,11/22/2021,1:41:31 AM,27.568,56.208,10,,TEH      ,ML    ,2.6
625427851,se  ,TEH      ,11/22/2021,2:18:07 AM,27.558,56.183,11.5,,TEH      ,ML    ,2.9
621611888,se  ,ISC      ,11/22/2021,3:29:34 AM,27.6691,56.1367,10,TRUE,ISC      ,mb    ,3.8
625427852,se  ,TEH      ,11/22/2021,5:15:02 AM,28.157,57.831,19.1,,TEH      ,ML    ,2.9
625427854,se  ,TEH      ,11/22/2021,8:16:01 PM,27.644,56.313,10,,TEH      ,ML    ,2.8
621743311,se  ,ISC      ,11/23/2021,2:29:10 AM,27.58,56.161,15,TRUE,TEH      ,ML    ,3.2
621743312,se  ,ISC      ,11/23/2021,8:15:26 AM,27.4841,56.2986,9.6,,TEH      ,ML    ,3.4
624418857,se  ,DSN      ,11/23/2021,4:04:47 PM,27.0144,54.7255,10,,DSN      ,ML    ,2.7
621611966,se  ,ISC      ,11/23/2021,4:49:17 PM,27.5183,56.1868,15.2,,ISC      ,mb    ,4.2
621743316,se  ,OMAN     ,11/23/2021,8:01:01 PM,27.5023,57.9396,10,TRUE,OMAN     ,ml    ,2.2
624418860,se  ,TEH      ,11/24/2021,12:14:42 AM,27.613,56.174,6.3,,TEH      ,ML    ,2.9
621613957,se  ,ISC      ,11/24/2021,2:34:27 AM,27.5795,56.1158,15,TRUE,ISC      ,mb    ,3.7
621743341,se  ,TEH      ,11/24/2021,4:25:55 PM,27.582,56.186,24.3,,TEH      ,ML    ,2.7
625427967,se  ,TEH      ,11/25/2021,3:02:43 AM,27.576,56.108,10,,TEH      ,ML    ,2.8
621743364,se  ,TEH      ,11/25/2021,6:34:22 AM,27.598,56.175,10,,TEH      ,ML    ,2.8
624418873,se  ,TEH      ,11/25/2021,10:53:52 AM,27.51,56.165,15.7,,TEH      ,ML    ,2.8
621618691,se  ,ISC      ,11/25/2021,11:02:57 AM,27.5827,56.2577,14.6,,ISC      ,mb    ,3.7
621743365,se  ,OMAN     ,11/25/2021,6:24:27 PM,27.88,55.9171,10,TRUE,OMAN     ,ml    ,2.4
621743366,se  ,OMAN     ,11/25/2021,7:17:46 PM,27.4976,56.0835,10,TRUE,OMAN     ,ml    ,2.9
621743367,se  ,ISC      ,11/25/2021,9:49:35 PM,27.6076,56.3929,10,TRUE,TEH      ,ML    ,3.1
621621985,se  ,ISC      ,11/26/2021,5:57:40 AM,27.6869,56.2045,15,TRUE,ISC      ,mb    ,4
624418876,se  ,DSN      ,11/26/2021,7:45:02 AM,27.7268,56.2439,10,,DSN      ,ML    ,2.6
621743381,se  ,OMAN     ,11/26/2021,8:29:36 AM,27.2087,55.9684,10,TRUE,OMAN     ,ml    ,2.8
621622029,se  ,ISC      ,11/26/2021,9:29:41 PM,27.6157,56.2205,10.1,,ISC      ,mb    ,3.7
621743383,se  ,TEH      ,11/26/2021,11:01:02 PM,27.552,56.129,15.9,,TEH      ,ML    ,3.1
621743396,se  ,OMAN     ,11/27/2021,12:03:11 AM,27.5498,56.208,10,TRUE,OMAN     ,ml    ,2.7
621743397,se  ,ISC      ,11/27/2021,12:31:31 AM,27.5459,56.0768,8.7,,TEH      ,ML    ,2.8
621625151,se  ,ISC      ,11/27/2021,11:42:19 PM,27.5782,56.2107,4.1,,ISC      ,mb    ,3.6
621743416,se  ,TEH      ,11/28/2021,9:18:14 AM,27.724,56.152,8,,TEH      ,ML    ,2.9
621625176,se  ,IDC      ,11/28/2021,12:00:07 PM,27.3224,56.1362,0,TRUE,IDC      ,mb    ,3.6
621743418,se  ,OMAN     ,11/28/2021,5:03:40 PM,27.5373,55.9745,10,TRUE,OMAN     ,ml    ,2.7
621494320,se  ,ISC      ,11/28/2021,5:14:43 PM,27.6429,56.0979,11.7,,ISC      ,mb    ,4.2
625428056,se  ,TEH      ,11/28/2021,8:54:32 PM,27.508,56.236,10,,TEH      ,ML    ,2.8
621743437,se  ,ISC      ,11/29/2021,12:02:04 AM,27.5937,56.174,3.3,,TEH      ,ML    ,2.8
624418910,se  ,TEH      ,11/29/2021,8:31:56 PM,27.426,56.162,17.8,,TEH      ,ML    ,2.8
621626993,se  ,ISC      ,11/29/2021,9:02:43 PM,27.6716,56.2999,18,TRUE,ISC      ,mb    ,3.7
621627009,se  ,ISC      ,11/30/2021,3:35:30 AM,28.4372,57.0678,10,TRUE,ISC      ,mb    ,3.9
621627010,se  ,ISC      ,11/30/2021,3:47:47 AM,27.6342,56.2666,18,TRUE,ISC      ,mb    ,3.7
621743456,se  ,ISC      ,11/30/2021,5:04:58 AM,27.5552,56.1935,4.7,,TEH      ,ML    ,2.9
621743458,se  ,ISC      ,11/30/2021,2:56:19 PM,27.7149,56.1749,15,TRUE,OMAN     ,ml    ,3.2
625428117,se  ,TEH      ,11/30/2021,7:05:22 PM,27.602,56.301,9.7,,TEH      ,ML    ,2.6
625428118,se  ,TEH      ,11/30/2021,7:36:23 PM,27.549,56.149,7.9,,TEH      ,ML    ,2.9
625428119,se  ,TEH      ,11/30/2021,7:44:35 PM,27.469,56.13,17,,TEH      ,ML    ,2.8
621743460,se  ,TEH      ,11/30/2021,10:44:37 PM,27.561,56.206,9.7,,TEH      ,ML    ,3.2
625428122,se  ,TEH      ,11/30/2021,11:54:28 PM,27.585,56.107,13.2,,TEH      ,ML    ,2.7
621629778,se  ,ISC      ,12/1/2021,1:42:33 AM,27.6211,56.1468,13.8,,ISC      ,mb    ,4
625428149,se  ,TEH      ,12/1/2021,2:12:45 AM,27.594,56.191,8,,TEH      ,ML    ,2.5
621743473,se  ,ISC      ,12/1/2021,4:53:18 AM,27.5862,56.2009,1.1,,DSN      ,ML    ,3.3
625428150,se  ,TEH      ,12/1/2021,6:31:43 AM,27.582,56.187,9.7,,TEH      ,ML    ,2.7
625428151,se  ,TEH      ,12/1/2021,4:56:43 PM,27.67,57.668,8,,TEH      ,ML    ,2.6
624418928,se  ,DSN      ,12/1/2021,10:39:05 PM,25.5096,56.2681,5,,DSN      ,ML    ,1.3
621743495,se  ,ISC      ,12/2/2021,2:30:33 AM,27.9342,57.7873,10,TRUE,OMAN     ,mb    ,3.5
621743515,se  ,ISC      ,12/3/2021,6:20:17 AM,27.5581,56.1948,15,TRUE,DSN      ,ML    ,3.2
621743516,se  ,OMAN     ,12/3/2021,9:16:19 AM,25.0843,56.668,20,TRUE,OMAN     ,ml    ,0.9
621630618,se  ,ISC      ,12/3/2021,8:06:14 PM,27.6725,56.2814,12.1,,ISC      ,mb    ,3.6
621743532,se  ,OMAN     ,12/4/2021,4:21:43 PM,27.8912,56.0911,10,TRUE,OMAN     ,ml    ,2.7
621743533,se  ,OMAN     ,12/4/2021,11:19:35 PM,27.7169,56.0466,10,TRUE,OMAN     ,ml    ,2.9
621743556,se  ,TEH      ,12/5/2021,7:52:58 PM,27.589,56.232,15.7,,TEH      ,ML    ,2.7
621743557,se  ,ISC      ,12/5/2021,8:27:23 PM,27.6469,56.19,1.4,,TEH      ,ML    ,3.1
625428291,se  ,TEH      ,12/6/2021,2:39:28 AM,27.627,56.228,10,,TEH      ,ML    ,2.8
621632587,se  ,ISC      ,12/6/2021,8:04:22 AM,27.5865,56.2574,18,TRUE,ISC      ,mb    ,3.6
621743566,se  ,ISC      ,12/6/2021,5:10:04 PM,27.6782,56.1987,3.2,,OMAN     ,mb    ,2.7
621743567,se  ,ISC      ,12/6/2021,9:09:20 PM,28.5449,54.1222,10,TRUE,TEH      ,ML    ,3.2
621743585,se  ,ISC      ,12/7/2021,7:40:15 PM,27.637,56.1236,15,TRUE,ISC      ,mb    ,3.7
621632714,se  ,ISC      ,12/7/2021,11:07:18 PM,27.7296,56.2045,10,TRUE,ISC      ,mb    ,3.7
621743596,se  ,ISC      ,12/8/2021,9:46:52 PM,27.9293,57.7908,10,TRUE,DSN      ,ML    ,3.5
621743608,se  ,ISC      ,12/9/2021,2:01:14 AM,26.8154,55.2019,15.3,,DSN      ,ML    ,3.4
621743609,se  ,OMAN     ,12/9/2021,3:37:26 PM,26.1042,57.3706,11.8,,OMAN     ,ml    ,2.4
621644098,se  ,ISC      ,12/10/2021,2:54:05 AM,26.7519,55.1422,10,TRUE,ISC      ,mb    ,3.3
621743620,se  ,OMAN     ,12/10/2021,7:12:39 AM,26.7223,55.1575,10,TRUE,OMAN     ,ml    ,2.7
621743621,se  ,OMAN     ,12/10/2021,10:10:52 AM,26.8657,55.1784,13,,OMAN     ,ml    ,3
621644126,se  ,ISC      ,12/10/2021,11:59:49 AM,27.6352,56.1667,15,TRUE,ISC      ,mb    ,3.7
621627195,se  ,ISC      ,12/10/2021,5:33:32 PM,27.6076,56.1986,10,TRUE,ISC      ,mb    ,4.6
625428461,se  ,TEH      ,12/11/2021,8:28:10 AM,27.553,56.152,10,,TEH      ,ML    ,2.8
625428463,se  ,TEH      ,12/11/2021,4:07:24 PM,27.553,56.252,8,,TEH      ,ML    ,2.8
621743652,se  ,ISC      ,12/13/2021,4:23:21 AM,27.5808,56.194,11.4,,OMAN     ,ml    ,2.9
621650554,se  ,ISC      ,12/13/2021,5:12:41 AM,27.6246,56.0877,4.7,,ISC      ,mb    ,3.7
621650559,se  ,ISC      ,12/13/2021,6:15:28 AM,27.6908,56.2208,8.8,,ISC      ,mb    ,3.7
621650585,se  ,ISC      ,12/13/2021,4:35:54 PM,27.6279,56.2346,15,TRUE,ISC      ,mb    ,3.5
621743655,se  ,ISC      ,12/13/2021,10:39:27 PM,27.6743,56.1921,15,TRUE,TEH      ,ML    ,2.7
621629977,se  ,ISC      ,12/14/2021,3:34:54 PM,27.661,56.1619,15,TRUE,ISC      ,mb    ,4.3
621652955,se  ,ISC      ,12/14/2021,8:38:38 PM,27.6781,56.2458,15,TRUE,ISC      ,mb    ,3.4
625428592,se  ,TEH      ,12/14/2021,11:29:13 PM,28.042,56.746,10,,TEH      ,ML    ,2.6
621654066,se  ,ISC      ,12/15/2021,12:55:13 AM,27.662,56.2719,10,TRUE,ISC      ,mb    ,4
625428626,se  ,TEH      ,12/15/2021,10:20:07 PM,27.115,54.452,10,,TEH      ,ML    ,2.9
621655799,se  ,ISC      ,12/16/2021,7:16:37 PM,28.1977,57.5121,30,TRUE,ISC      ,mb    ,3.6
621655801,se  ,ISC      ,12/16/2021,7:18:52 PM,28.0852,57.4085,67.7,,ISC      ,mb    ,3.6
621655804,se  ,ISC      ,12/16/2021,7:19:35 PM,27.8668,57.427,30,TRUE,ISC      ,mb    ,3.8
621743722,se  ,ISC      ,12/16/2021,8:25:53 PM,28.1248,57.4093,10,TRUE,TEH      ,ML    ,2.9
621743723,se  ,ISC      ,12/16/2021,9:06:57 PM,28.0886,57.3363,5.1,,TEH      ,ML    ,2.6
621743725,se  ,ISC      ,12/16/2021,9:24:43 PM,27.593,56.3077,10,TRUE,TEH      ,ML    ,2.8
625428659,se  ,TEH      ,12/16/2021,11:47:31 PM,28.08,57.436,23.5,,TEH      ,ML    ,2.9
621743746,se  ,OMAN     ,12/17/2021,12:32:44 AM,27.9215,57.6554,10,TRUE,OMAN     ,ml    ,2.8
621743747,se  ,TEH      ,12/17/2021,3:13:38 AM,27.589,56.195,9.9,,TEH      ,ML    ,2.9
621743748,se  ,OMAN     ,12/17/2021,4:16:37 AM,27.7375,57.497,9.9,,OMAN     ,ml    ,2.9
625428702,se  ,TEH      ,12/17/2021,8:00:57 AM,27.125,57.834,10,,TEH      ,ML    ,2.7
625428748,se  ,TEH      ,12/18/2021,4:51:02 PM,27.278,55.377,22.9,,TEH      ,ML    ,2.9
621657083,se  ,ISC      ,12/19/2021,2:32:02 PM,27.6814,56.2929,14.4,,ISC      ,mb    ,3.8
621636622,se  ,ISC      ,12/21/2021,4:36:13 PM,27.6081,56.2171,15,TRUE,ISC      ,mb    ,4.5
621685699,se  ,ISC      ,12/21/2021,6:55:08 PM,27.6793,56.3395,3.4,,ISC      ,mb    ,3.5
625428924,se  ,TEH      ,12/23/2021,2:08:07 PM,27.714,56.857,10,,TEH      ,ML    ,2.9
625428926,se  ,TEH      ,12/23/2021,3:47:23 PM,27.537,56.211,16.4,,TEH      ,ML    ,2.9
621743775,se  ,OMAN     ,12/25/2021,11:20:58 PM,25.53,56.3439,3,TRUE,OMAN     ,ml    ,1.1
625428982,se  ,TEH      ,12/26/2021,9:04:29 AM,27.62,56.409,10,,TEH      ,ML    ,2.7
625428983,se  ,TEH      ,12/26/2021,9:35:30 AM,27.524,56.236,10.5,,TEH      ,ML    ,2.9
625429001,se  ,TEH      ,12/27/2021,5:39:35 AM,27.58,56.185,10,,TEH      ,ML    ,2.7
621743780,se  ,ISC      ,12/27/2021,7:03:40 AM,27.6539,56.2865,2.7,,TEH      ,ML    ,3.2
621653741,ke  ,ISC      ,12/27/2021,7:31:56 AM,27.6904,56.2613,11.3,,ISC      ,mb    ,5.1
621717364,se  ,ISC      ,12/28/2021,4:39:09 AM,27.6466,56.1816,10,TRUE,ISC      ,mb    ,3.5
621743783,se  ,OMAN     ,12/29/2021,2:24:34 AM,27.8905,56.1858,10,TRUE,OMAN     ,ml    ,2.5
621657279,se  ,ISC      ,12/30/2021,1:15:31 AM,28.0935,56.7353,10,TRUE,ISC      ,mb    ,4
621729471,se  ,ISC      ,1/1/2022,8:38:40 AM,26.8539,54.7013,14.6,,ISC      ,mb    ,3.9
635719021,se  ,TEH      ,1/2/2022,12:08:04 AM,27.514,56.054,8,,TEH      ,ML    ,2.8
635719023,se  ,TEH      ,1/2/2022,7:07:09 PM,27.965,57.705,10,,TEH      ,ML    ,2.7
625825876,se  ,ISC      ,1/2/2022,8:21:12 PM,27.7202,57.5979,25,TRUE,TEH      ,ML    ,2.9
621738263,se  ,ISC      ,1/3/2022,9:03:20 PM,27.6381,56.0703,2.2,,ISC      ,mb    ,3.4
625825885,se  ,OMAN     ,1/4/2022,7:01:40 PM,25.9253,57.8893,31.5,,OMAN     ,ml    ,2.3
624419406,se  ,ISC      ,1/5/2022,10:37:55 AM,27.0406,56.5561,7.9,,TEH      ,ML    ,2.8
624419417,se  ,ISC      ,1/6/2022,3:03:52 PM,27.7518,56.2477,10,TRUE,OMAN     ,ml    ,2.7
625825896,se  ,OMAN     ,1/7/2022,10:14:46 PM,27.2619,57.8659,10,TRUE,OMAN     ,ml    ,2.1
624419448,se  ,TEH      ,1/8/2022,1:14:02 AM,27.462,56.264,8,,TEH      ,ML    ,2.9
621773309,se  ,ISC      ,1/8/2022,4:45:39 AM,27.6477,56.2958,22.8,,ISC      ,mb    ,3.5
624419454,se  ,OMAN     ,1/8/2022,12:34:29 PM,26.2024,57.2744,17.5,,OMAN     ,ml    ,2.2
624419455,se  ,DSN      ,1/8/2022,12:37:31 PM,26.2228,57.4415,5,,DSN      ,ML    ,2.6
624419458,se  ,TEH      ,1/8/2022,4:23:43 PM,27.641,56.207,5,,TEH      ,ML    ,3.2
625825901,se  ,ISC      ,1/8/2022,8:42:18 PM,27.7741,57.5694,10,TRUE,TEH      ,ML    ,3.2
624419522,se  ,OMAN     ,1/10/2022,11:25:13 AM,26.2955,57.4337,10,TRUE,OMAN     ,ml    ,2.9
624419527,se  ,ISC      ,1/10/2022,12:54:07 PM,28.179,57.8969,15.2,,DSN      ,ML    ,3.4
621684234,se  ,ISC      ,1/10/2022,5:46:46 PM,28.3919,57.18,10,TRUE,ISC      ,mb    ,4.2
625825913,se  ,ISC      ,1/11/2022,1:58:06 AM,27.8211,57.9817,10,TRUE,TEH      ,ML    ,2.9
625825914,se  ,OMAN     ,1/11/2022,11:46:27 PM,25.1104,56.1941,3.2,,OMAN     ,ml    ,1.1
624419603,se  ,DSN      ,1/12/2022,1:29:11 PM,25.717,56.2777,3,,DSN      ,ML    ,2.9
635719289,se  ,TEH      ,1/17/2022,9:50:07 PM,27.658,56.205,6,,TEH      ,ML    ,3.1
625825950,se  ,ISC      ,1/18/2022,12:07:40 AM,26.4441,57.3538,0.6,,TEH      ,ML    ,3.2
624419815,se  ,DSN      ,1/19/2022,5:50:47 AM,25.2286,56.1883,0,,DSN      ,ML    ,1.5
621870516,se  ,ISC      ,1/20/2022,3:23:07 PM,27.7412,56.2992,18,TRUE,ISC      ,mb    ,3.6
621870699,se  ,ISC      ,1/22/2022,9:54:27 PM,27.3922,55.6993,10,TRUE,ISC      ,mb    ,3.6
635719447,se  ,TEH      ,1/25/2022,4:44:03 AM,28.026,57.102,10,,TEH      ,ML    ,2.9
635719450,se  ,TEH      ,1/25/2022,6:57:30 PM,27.567,56.171,8,,TEH      ,ML    ,2.5
635719451,se  ,TEH      ,1/25/2022,7:11:10 PM,27.553,56.149,10,,TEH      ,ML    ,2.6
635719452,se  ,TEH      ,1/25/2022,7:13:45 PM,27.535,56.108,10,,TEH      ,ML    ,2.9
624419941,se  ,TEH      ,1/26/2022,1:13:50 PM,26.729,57.488,23.2,,TEH      ,ML    ,2.8
635719471,se  ,TEH      ,1/26/2022,6:48:06 PM,27.822,57.267,10,,TEH      ,ML    ,2.6
624419948,se  ,TEH      ,1/27/2022,1:03:36 PM,27.791,56.747,10,,TEH      ,ML    ,2.8
625825990,se  ,OMAN     ,1/28/2022,2:01:35 AM,27.2654,57.8265,15,TRUE,OMAN     ,ml    ,2.1
635719521,se  ,TEH      ,1/29/2022,11:34:36 PM,27.937,54.801,11.4,,TEH      ,ML    ,2.9
624420161,se  ,DSN      ,1/31/2022,10:08:21 AM,25.1252,56.2058,7,,DSN      ,ML    ,1.4
622033445,se  ,ISC      ,2/2/2022,9:33:32 AM,27.6929,56.2331,15,TRUE,ISC      ,mb    ,3.8
624420190,se  ,ISC      ,2/2/2022,1:17:31 PM,27.5605,56.1915,10,TRUE,TEH      ,ML    ,2.7
622041192,se  ,ISC      ,2/3/2022,5:24:00 AM,27.6219,56.2201,3.9,,ISC      ,mb    ,3.5
625826028,se  ,ISC      ,2/5/2022,1:23:06 PM,28.4294,57.5421,10,TRUE,TEH      ,ML    ,2.9
625826035,se  ,OMAN     ,2/7/2022,4:15:03 AM,27.2261,55.2094,10,TRUE,OMAN     ,ml    ,2.8
622049424,se  ,ISC      ,2/7/2022,11:06:28 AM,27.6944,56.339,18,TRUE,ISC      ,mb    ,3.7
624420291,se  ,OMAN     ,2/7/2022,4:57:12 PM,26.4951,57.8089,10,TRUE,OMAN     ,ml    ,2.9
624420297,se  ,TEH      ,2/7/2022,8:18:48 PM,28.403,57.867,28,,TEH      ,ML    ,2.9
622049466,se  ,ISC      ,2/7/2022,11:56:00 PM,27.5397,56.2134,15,TRUE,ISC      ,mb    ,3.9
624420300,se  ,ISC      ,2/8/2022,12:08:03 AM,27.5724,56.1831,15,TRUE,TEH      ,ML    ,2.8
624420307,se  ,OMAN     ,2/8/2022,10:28:52 AM,28.32,55.9325,10,TRUE,OMAN     ,ml    ,2.8
622054087,se  ,ISC      ,2/9/2022,11:07:28 PM,27.5422,56.1718,15,,ISC      ,mb    ,3.6
622058187,se  ,ISC      ,2/10/2022,2:43:17 PM,27.63,56.1334,10,TRUE,ISC      ,mb    ,3.5
624420350,se  ,ISC      ,2/10/2022,11:44:05 PM,27.3247,55.3484,15,TRUE,DSN      ,ML    ,2.8
625826054,se  ,OMAN     ,2/11/2022,3:11:23 AM,27.2506,55.3714,10,TRUE,OMAN     ,ml    ,2.3
624420368,se  ,DSN      ,2/12/2022,3:02:02 AM,27.3774,55.6702,10,,DSN      ,ML    ,3.3
624420375,se  ,DSN      ,2/12/2022,4:30:44 PM,27.5895,55.9565,10,,DSN      ,ML    ,3.1
635719847,se  ,TEH      ,2/14/2022,1:12:46 PM,27.578,56.174,6,,TEH      ,ML    ,2.6
622036543,se  ,ISC      ,2/16/2022,12:49:29 AM,27.2784,55.5679,9.3,,ISC      ,mb    ,4.3
622036547,se  ,ISC      ,2/16/2022,2:09:03 AM,27.5284,56.2192,12.7,,ISC      ,mb    ,4.2
622077695,se  ,ISC      ,2/16/2022,4:39:18 AM,27.3919,55.7648,15,TRUE,ISC      ,mb    ,3.9
625826078,se  ,OMAN     ,2/17/2022,4:52:09 AM,26.7267,54.882,10,TRUE,OMAN     ,ml    ,3
625826079,se  ,OMAN     ,2/17/2022,7:00:36 AM,26.2814,56.3687,0.4,,OMAN     ,ml    ,2.2
622082958,se  ,ISC      ,2/17/2022,5:52:01 PM,27.2832,55.5904,15,TRUE,ISC      ,mb    ,3.7
625826081,se  ,ISC      ,2/18/2022,7:05:07 AM,27.6798,55.9113,15,TRUE,TEH      ,ML    ,2.9
624420868,se  ,DSN      ,2/18/2022,2:56:37 PM,25.7519,56.3204,3.7,,DSN      ,ML    ,1.4
624420870,se  ,ISC      ,2/18/2022,5:32:22 PM,26.9606,55.9017,5.6,,DSN      ,ML    ,3.1
622058862,se  ,ISC      ,2/22/2022,7:55:43 PM,27.5254,56.3765,21.6,,ISC      ,mb    ,4.6
622121333,se  ,ISC      ,2/23/2022,5:04:57 PM,27.7012,56.2685,1.8,,ISC      ,mb    ,3.4
622072356,se  ,ISC      ,2/24/2022,1:48:35 AM,27.5707,56.1786,13.5,,ISC      ,mb    ,3.7
622060518,se  ,ISC      ,2/24/2022,3:30:17 AM,27.677,56.1981,5.2,,ISC      ,mb    ,4.3
624420976,se  ,DSN      ,2/24/2022,6:01:23 AM,27.5241,55.5241,10,,DSN      ,ML    ,3.3
635720073,se  ,ISC      ,2/25/2022,6:27:52 AM,28.7441,54.2599,10,TRUE,TEH      ,ML    ,2.8
635720094,se  ,TEH      ,2/26/2022,2:12:55 AM,28.029,55.156,10,,TEH      ,ML    ,2.7
624421037,se  ,DSN      ,2/28/2022,12:22:38 AM,27.637,55.9629,10,,DSN      ,ML    ,2.7
622126260,se  ,ISC      ,2/28/2022,3:41:32 AM,27.3912,55.9612,10,TRUE,ISC      ,mb    ,3.4
635720128,se  ,TEH      ,2/28/2022,7:08:48 PM,27.832,57.038,10,,TEH      ,ML    ,2.9
625826130,se  ,ISC      ,3/2/2022,12:59:41 AM,28.1577,57.6966,10,TRUE,OMAN     ,ml    ,3.1
622085423,se  ,ISC      ,3/2/2022,3:06:58 AM,28.2089,57.6177,13.4,,ISC      ,mb    ,4.6
635720163,se  ,TEH      ,3/2/2022,6:28:58 AM,28.232,57.575,27.7,,TEH      ,ML    ,2.7
635720165,se  ,TEH      ,3/2/2022,9:45:32 AM,27.764,55.04,12.9,,TEH      ,ML    ,2.8
622137564,se  ,ISC      ,3/5/2022,1:18:33 PM,27.7456,55.0325,10,TRUE,ISC      ,mb    ,3.5
624421063,se  ,DSN      ,3/6/2022,7:06:46 AM,26.2266,56.3185,0,,DSN      ,ML    ,2.1
625826141,se  ,OMAN     ,3/6/2022,7:49:18 AM,27.4015,56.1015,10,TRUE,OMAN     ,ml    ,1.7
622124569,se  ,ISC      ,3/8/2022,11:21:40 PM,27.4792,56.1372,20.3,,ISC      ,mb    ,4.4
624421064,se  ,ISC      ,3/8/2022,11:44:31 PM,27.4536,56.2269,12.7,,TEH      ,ML    ,2.9
624421065,se  ,OMAN     ,3/9/2022,12:43:26 AM,27.8076,56.2223,10,TRUE,OMAN     ,ml    ,3
624421066,se  ,TEH      ,3/9/2022,4:48:02 PM,28.23,56.946,16.7,,TEH      ,ML    ,3.3
625826155,se  ,OMAN     ,3/11/2022,7:13:58 AM,27.3633,57.8623,10,TRUE,OMAN     ,ml    ,2
624421518,se  ,DSN      ,3/11/2022,9:07:12 PM,27.3933,56.4125,10,,DSN      ,ML    ,2.5
635720399,se  ,TEH      ,3/13/2022,12:23:51 AM,27.538,56.127,19.9,,TEH      ,ML    ,2.7
635720400,se  ,TEH      ,3/13/2022,2:26:43 AM,27.376,56.562,13.5,,TEH      ,ML    ,2.7
622172272,se  ,ISC      ,3/13/2022,6:24:11 PM,27.6711,56.2138,15,TRUE,ISC      ,mb    ,3.5
635720438,se  ,TEH      ,3/15/2022,12:14:10 AM,27.574,56.213,10,,TEH      ,ML    ,2.8
622178165,se  ,ISC      ,3/15/2022,3:43:22 PM,27.6456,56.7256,18,TRUE,ISC      ,mb    ,3.5
635720454,se  ,TEH      ,3/16/2022,5:17:09 AM,27.534,56.103,16.5,,TEH      ,ML    ,2.9
622130637,ke  ,ISC      ,3/16/2022,11:15:46 PM,26.9456,54.618,22,,ISC      ,mb    ,5.9
622130639,se  ,ISC      ,3/16/2022,11:27:27 PM,26.9937,54.6435,16.9,,ISC      ,mb    ,4.4
622142562,se  ,ISC      ,3/16/2022,11:34:42 PM,26.93,54.602,18,TRUE,ISC      ,mb    ,4
624421526,se  ,ISC      ,3/17/2022,12:57:39 AM,26.9613,54.6379,12.7,,DSN      ,ML    ,3.3
624421527,se  ,ISC      ,3/17/2022,2:41:14 AM,26.9002,54.6167,18,TRUE,TEH      ,ML    ,3.4
622130726,se  ,ISC      ,3/17/2022,2:45:04 AM,26.9448,54.6463,16.4,,ISC      ,mb    ,4.2
622142566,se  ,ISC      ,3/17/2022,2:48:03 AM,26.9767,54.5878,18,TRUE,ISC      ,mb    ,4
622142567,se  ,ISC      ,3/17/2022,3:15:06 AM,26.9683,54.637,18,TRUE,ISC      ,mb    ,3.8
624421528,se  ,ISC      ,3/17/2022,6:08:05 AM,26.9345,54.705,12.2,,TEH      ,ML    ,3.4
635720475,se  ,TEH      ,3/17/2022,7:07:41 AM,26.882,54.59,10,,TEH      ,ML    ,2.9
624421529,se  ,ISC      ,3/17/2022,2:25:32 PM,26.9248,54.6716,18,TRUE,DSN      ,ML    ,3.3
624421530,se  ,ISC      ,3/18/2022,2:22:07 AM,26.9212,54.685,26.3,,TEH      ,ML    ,3.4
624421531,se  ,ISC      ,3/18/2022,3:16:50 PM,26.8988,54.6918,10,TRUE,TEH      ,ML    ,2.8
624421532,se  ,DSN      ,3/19/2022,11:44:35 AM,26.2057,56.3081,0,,DSN      ,ML    ,1.8
622143993,se  ,ISC      ,3/19/2022,12:25:27 PM,28.2152,55.3044,22,TRUE,ISC      ,mb    ,4.6
622265309,se  ,ISC      ,3/19/2022,12:26:00 PM,28.1893,55.2649,22,TRUE,ISC      ,mb    ,4.7
635720508,se  ,TEH      ,3/19/2022,1:31:45 PM,28.242,55.294,10,,TEH      ,ML    ,2.8
622265325,se  ,ISC      ,3/19/2022,2:37:44 PM,26.8415,54.621,10,TRUE,ISC      ,mb    ,3.7
635720509,se  ,TEH      ,3/19/2022,11:14:09 PM,28.193,55.332,10,,TEH      ,ML    ,2.9
624421533,se  ,ISC      ,3/20/2022,2:04:45 AM,26.8686,54.6481,14.9,,TEH      ,ML    ,3.6
624421534,se  ,ISC      ,3/20/2022,11:14:31 AM,26.8966,54.6355,10,TRUE,TEH      ,ML    ,3.5
624421535,se  ,DSN      ,3/21/2022,2:31:12 AM,25.9316,56.1976,0,,DSN      ,ML    ,1.7
624421536,se  ,ISC      ,3/22/2022,12:55:52 AM,27.793,56.2603,9.2,,OMAN     ,mb    ,3.1
635720545,se  ,TEH      ,3/22/2022,1:09:31 AM,28.139,54.422,10,,TEH      ,ML    ,2.5
622266700,se  ,ISC      ,3/22/2022,8:01:03 AM,28.274,57.6124,10,TRUE,ISC      ,mb    ,3.5
622266701,se  ,ISC      ,3/22/2022,8:02:34 AM,28.3166,57.5356,10,TRUE,ISC      ,mb    ,3.9
622266702,se  ,ISC      ,3/22/2022,8:05:26 AM,28.3729,57.5201,10,TRUE,ISC      ,mb    ,3.6
625826192,se  ,TEH      ,3/22/2022,8:10:48 AM,28.348,57.493,9.1,,TEH      ,ML    ,2.9
635720548,se  ,TEH      ,3/22/2022,10:03:05 AM,27.598,56.15,9.8,,TEH      ,ML    ,2.9
625826201,se  ,ISC      ,3/23/2022,5:24:48 AM,27.3631,58.2167,10,TRUE,TEH      ,ML    ,2.9
624421538,se  ,ISC      ,3/24/2022,4:54:32 PM,27.4715,56.5869,18,TRUE,TEH      ,ML    ,3.1
635720596,se  ,TEH      ,3/24/2022,5:41:26 PM,27.587,56.231,10,,TEH      ,ML    ,2.6
624421539,se  ,ISC      ,3/24/2022,9:07:04 PM,26.8847,54.6711,4,,TEH      ,ML    ,3.5
624421540,se  ,ISC      ,3/24/2022,10:49:02 PM,26.8749,54.6319,0.2,,OMAN     ,mb    ,3.4
635720614,se  ,TEH      ,3/25/2022,3:12:00 AM,27.599,56.159,10,,TEH      ,ML    ,2.8
624421541,se  ,DSN      ,4/2/2022,5:56:45 AM,27.5545,55.4117,10,,DSN      ,ML    ,3
625826228,se  ,ISC      ,4/2/2022,8:53:47 AM,28.367,57.1497,35,TRUE,THR      ,ML    ,3
622335788,se  ,ISC      ,4/2/2022,7:34:23 PM,27.6437,56.2213,15,TRUE,ISC      ,mb    ,3.6
625826231,se  ,OMAN     ,4/3/2022,4:14:20 PM,25.9735,57.249,10,TRUE,OMAN     ,ml    ,1.7
635720791,se  ,TEH      ,4/5/2022,2:11:05 PM,28.724,57.925,13.4,,TEH      ,ML    ,2.6
622372634,se  ,ISC      ,4/7/2022,2:16:39 PM,27.5462,56.1771,10,TRUE,ISC      ,mb    ,3.8
624421543,se  ,OMAN     ,4/7/2022,8:32:24 PM,27.5873,56.4117,10,TRUE,OMAN     ,ml    ,2.6
624421544,se  ,OMAN     ,4/9/2022,3:28:05 AM,26.6668,54.71,10,TRUE,OMAN     ,ml    ,2.8
624421545,se  ,DSN      ,4/9/2022,3:32:17 AM,27.3198,55.807,10,,DSN      ,ML    ,3.4
622447923,se  ,ISC      ,4/9/2022,4:38:27 AM,27.2837,55.5708,13.5,,ISC      ,mb    ,3.8
624421546,se  ,DSN      ,4/9/2022,9:42:50 AM,27.3293,55.5716,10,,DSN      ,ML    ,3.2
625826254,se  ,OMAN     ,4/10/2022,12:06:31 AM,25.4806,57.9783,10,TRUE,OMAN     ,ml    ,1.5
624421547,se  ,OMAN     ,4/10/2022,3:58:25 AM,26.4415,57.6286,10,TRUE,OMAN     ,ml    ,2.2
624421548,se  ,DSN      ,4/10/2022,10:45:30 AM,27.3419,55.7156,5,,DSN      ,ML    ,3
625826258,se  ,ISC      ,4/11/2022,10:34:41 AM,26.8416,54.6381,18,TRUE,TEH      ,ML    ,3.3
624421551,se  ,ISC      ,4/11/2022,9:44:42 PM,27.2629,55.7226,15,TRUE,TEH      ,ML    ,2.9
624421552,se  ,DSN      ,4/14/2022,1:00:55 AM,27.2329,55.5018,10,,DSN      ,ML    ,2.8
635720966,se  ,TEH      ,4/14/2022,5:27:16 AM,27.893,54.559,8,,TEH      ,ML    ,2.9
622314780,se  ,ISC      ,4/14/2022,7:41:08 AM,27.7025,56.0722,9.1,,ISC      ,mb    ,4.3
622448375,se  ,ISC      ,4/14/2022,9:20:57 PM,27.9355,54.7178,8.8,,ISC      ,mb    ,3.6
624421554,se  ,ISC      ,4/17/2022,2:11:32 PM,26.4271,57.6624,10,TRUE,DSN      ,ML    ,2.9
624421555,se  ,ISC      ,4/18/2022,5:46:40 PM,26.5241,57.7113,17.8,,DSN      ,ML    ,2.7
635721085,se  ,TEH      ,4/19/2022,4:09:04 PM,26.872,54.69,10,,TEH      ,ML    ,2.8
635721174,se  ,TEH      ,4/23/2022,12:09:24 AM,27.641,54.019,19.7,,TEH      ,ML    ,2.8
622511247,se  ,ISC      ,4/23/2022,9:30:36 PM,27.5361,56.007,15,TRUE,ISC      ,mb    ,3.6
635721188,se  ,TEH      ,4/24/2022,12:33:05 AM,27.503,55.98,13,,TEH      ,ML    ,2.7
624421557,se  ,ISC      ,4/24/2022,4:18:26 PM,27.4701,55.9624,10,TRUE,TEH      ,ML    ,2.9
635721216,se  ,TEH      ,4/25/2022,3:02:29 AM,27.997,56.907,10,,TEH      ,ML    ,2.5
625826328,se  ,OMAN     ,4/26/2022,6:44:24 PM,26.2068,56.2743,11.8,,OMAN     ,ml    ,2.1
624312175,se  ,ISC      ,4/27/2022,3:03:09 AM,27.5814,56.0401,15,TRUE,ISC      ,mb    ,3.6
624312235,se  ,ISC      ,4/27/2022,7:30:12 PM,27.8725,57.3226,10,TRUE,ISC      ,mb    ,3.3
624421559,se  ,ISC      ,4/28/2022,2:51:42 AM,27.7692,56.7403,10,TRUE,DSN      ,ML    ,3.3
635721274,se  ,TEH      ,4/28/2022,3:13:05 AM,27.747,56.596,12,,TEH      ,ML    ,2.8
635721276,se  ,TEH      ,4/28/2022,4:12:56 AM,28.496,55.86,8.1,,TEH      ,ML    ,2.7
624421560,se  ,DSN      ,4/28/2022,7:19:16 AM,26.1762,56.3217,0,,DSN      ,ML    ,1.9
624421561,se  ,DSN      ,4/28/2022,3:32:49 PM,26.8991,55.3463,10,,DSN      ,ML    ,2.9
624415487,se  ,ISC      ,4/30/2022,11:52:36 AM,27.6643,55.7567,15,TRUE,TEH      ,ML    ,2.9
625826348,se  ,OMAN     ,4/30/2022,6:13:29 PM,26.9092,54.3984,10,TRUE,OMAN     ,ml    ,2.5
622501485,se  ,ISC      ,4/30/2022,8:05:52 PM,27.0803,54.4451,18,TRUE,ISC      ,mb    ,3.9
625826349,se  ,OMAN     ,4/30/2022,9:39:55 PM,27.3339,57.8268,10,TRUE,OMAN     ,ml    ,2.6
625826350,se  ,ISC      ,4/30/2022,9:52:05 PM,27.0392,54.4846,4.2,,TEH      ,ML    ,3.3
625826352,se  ,OMAN     ,5/1/2022,2:54:33 PM,27.1644,55.1233,10,TRUE,OMAN     ,ml    ,2.2
624378365,se  ,ISC      ,5/4/2022,6:34:48 AM,28.074,54.8554,26,TRUE,ISC      ,mb    ,4
635721376,se  ,TEH      ,5/4/2022,6:59:10 AM,28.096,55.069,10,,TEH      ,ML    ,2.9
625793668,se  ,ISC      ,5/4/2022,2:16:25 PM,28.0182,58.4055,10,TRUE,ISC      ,mb    ,3.7
625793669,se  ,OMAN     ,5/4/2022,4:39:51 PM,25.5974,56.4133,1.8,,OMAN     ,ml    ,2.1
635721397,se  ,TEH      ,5/5/2022,7:07:33 PM,28.854,57.248,6.7,,TEH      ,ML    ,2.8
625793683,se  ,DSN      ,5/6/2022,11:48:41 AM,27.6908,56.3533,10,,DSN      ,ML    ,3
625826374,se  ,OMAN     ,5/6/2022,4:42:17 PM,25.7507,57.4677,10,TRUE,OMAN     ,ml    ,2.1
635721492,se  ,TEH      ,5/9/2022,5:34:11 AM,27.783,56.348,7.4,,TEH      ,ML    ,2.7
625793741,se  ,OMAN     ,5/11/2022,11:27:18 PM,26.6727,57.943,23,TRUE,OMAN     ,ml    ,2.6
625793745,se  ,DSN      ,5/12/2022,1:47:09 PM,27.7706,56.7931,10.8,,DSN      ,ML    ,3
625826399,se  ,OMAN     ,5/13/2022,8:57:42 AM,25.9651,57.4325,16,TRUE,OMAN     ,ml    ,1.6
625793764,se  ,ISC      ,5/16/2022,11:11:34 PM,27.5608,56.2792,16.7,,DSN      ,ML    ,3.2
625826410,se  ,ISC      ,5/16/2022,11:45:20 PM,27.505,56.1673,9.6,,TEH      ,ML    ,3.2
625793772,se  ,DSN      ,5/18/2022,11:34:14 AM,27.571,55.7327,5,,DSN      ,ML    ,2.7
635721807,se  ,TEH      ,5/19/2022,7:58:39 PM,28.914,57.404,14,,TEH      ,ML    ,2.7
624427021,se  ,ISC      ,5/19/2022,8:40:53 PM,27.7424,56.1696,19.6,,ISC      ,mb    ,3.5
625826433,se  ,ISC      ,5/19/2022,11:38:33 PM,27.6642,54.7428,10,TRUE,TEH      ,ML    ,2.8
625793794,se  ,TEH      ,5/25/2022,5:41:17 AM,27.457,56.25,15,,TEH      ,ML    ,3.3
624436495,se  ,ISC      ,5/27/2022,9:10:10 AM,27.3677,55.6852,6,,ISC      ,mb    ,3.7
635723327,se  ,ISC      ,5/27/2022,6:36:33 PM,30.797,57.139,10,TRUE,ISC      ,mb    ,3.5
635723329,se  ,TEH      ,5/27/2022,10:30:00 PM,27.608,56.15,12.7,,TEH      ,ML    ,2.9
635723355,se  ,TEH      ,5/28/2022,4:37:43 PM,27.612,56.137,10,,TEH      ,ML    ,2.6
625826470,se  ,OMAN     ,5/29/2022,3:55:28 PM,26.5398,54.9807,10,TRUE,OMAN     ,ml    ,2.7
635724322,se  ,TEH      ,5/31/2022,11:46:27 PM,28.376,54.107,15,,TEH      ,ML    ,2.6
635724323,se  ,TEH      ,5/31/2022,11:49:26 PM,28.419,54.098,10,,TEH      ,ML    ,2.6
635724324,se  ,TEH      ,5/31/2022,11:50:53 PM,28.385,54.1,12.8,,TEH      ,ML    ,2.9
624480828,se  ,ISC      ,5/31/2022,11:54:59 PM,28.3659,54.0506,10,TRUE,ISC      ,mb    ,3.6
625826479,se  ,ISC      ,6/1/2022,12:16:30 AM,28.3483,54.1034,10,TRUE,TEH      ,ML    ,2.9
635724339,se  ,TEH      ,6/1/2022,12:29:39 AM,28.38,54.076,10,,TEH      ,ML    ,2.7
635724340,se  ,TEH      ,6/1/2022,12:30:22 AM,27.522,56.207,10,,TEH      ,ML    ,2.8
635724341,se  ,TEH      ,6/1/2022,2:55:25 AM,28.498,54.122,10,,TEH      ,ML    ,2.5
624422269,se  ,ISC      ,6/1/2022,7:50:00 AM,27.0134,53.9716,13.3,,ISC      ,mb    ,4.5
625793820,se  ,DSN      ,6/2/2022,6:20:56 AM,26.2552,56.3035,0,,DSN      ,ML    ,2.5
625826482,se  ,ISC      ,6/2/2022,5:35:42 PM,26.5135,58.901,10,TRUE,DSN      ,ML    ,2.8
625793822,se  ,ISC      ,6/2/2022,7:13:04 PM,27.0177,53.9195,19,TRUE,TEH      ,ML    ,3.3
625793823,se  ,TEH      ,6/2/2022,11:55:23 PM,28.371,56.283,28,,TEH      ,ML    ,3.1
625793830,se  ,ISC      ,6/3/2022,9:24:33 AM,26.8518,54.4435,5.1,,DSN      ,ML    ,3.3
635724449,se  ,TEH      ,6/6/2022,12:25:19 AM,26.975,55.512,9.8,,TEH      ,ML    ,2.9
625826498,se  ,OMAN     ,6/7/2022,1:58:15 AM,28.7249,54.4683,10,TRUE,OMAN     ,ml    ,3
624497465,se  ,ISC      ,6/10/2022,10:43:34 AM,27.3446,55.6245,29.6,,ISC      ,mb    ,3.8
625793861,se  ,DSN      ,6/12/2022,12:16:37 AM,27.426,55.6361,10,,DSN      ,ML    ,3.2
624499938,se  ,ISC      ,6/14/2022,2:55:05 AM,26.8927,54.6607,9.1,,ISC      ,mb    ,3.6
624499973,se  ,ISC      ,6/14/2022,1:34:43 PM,26.6001,54.2942,15.1,,ISC      ,mb    ,3.6
625793869,se  ,DSN      ,6/14/2022,1:38:13 PM,26.6625,54.2646,10,,DSN      ,ML    ,3.1
624499974,se  ,ISC      ,6/14/2022,1:44:28 PM,27.6776,56.1595,6.2,,ISC      ,mb    ,3.7
624486563,se  ,ISC      ,6/14/2022,2:09:43 PM,26.5642,54.2978,9.9,,ISC      ,mb    ,4.6
625793870,se  ,ISC      ,6/14/2022,4:38:45 PM,26.6493,54.2883,7.2,,TEH      ,ML    ,3.3
624487208,se  ,ISC      ,6/15/2022,5:55:03 AM,26.5427,54.1558,17,,ISC      ,mb    ,4.7
624487211,se  ,ISC      ,6/15/2022,5:59:24 AM,26.579,54.1892,24,TRUE,ISC      ,mb    ,4.5
624487212,se  ,ISC      ,6/15/2022,6:04:41 AM,26.6305,54.205,24,TRUE,ISC      ,mb    ,4.7
624487214,ke  ,ISC      ,6/15/2022,6:06:04 AM,26.6516,54.3147,17.9,,ISC      ,mb    ,5.3
624487217,se  ,ISC      ,6/15/2022,6:15:41 AM,26.5721,54.3751,10,TRUE,ISC      ,mb    ,4.4
624501208,se  ,IDC      ,6/15/2022,6:19:35 AM,26.5051,54.3029,0,TRUE,IDC      ,mb    ,3.8
624501209,se  ,ISC      ,6/15/2022,6:28:43 AM,26.6248,54.3048,10,TRUE,ISC      ,mb    ,3.7
624487220,se  ,ISC      ,6/15/2022,6:48:54 AM,26.6001,54.2909,13.3,,ISC      ,mb    ,4.8
625826523,se  ,ISC      ,6/15/2022,7:22:51 AM,26.5871,54.3482,21.7,,ISC      ,mb    ,3.6
625793874,se  ,ISC      ,6/15/2022,8:02:37 AM,26.6203,54.4317,19.3,,DSN      ,ML    ,3.4
625826525,se  ,OMAN     ,6/15/2022,8:08:31 AM,26.5362,54.3033,29.9,,OMAN     ,ml    ,3
625793875,se  ,ISC      ,6/15/2022,8:32:53 AM,26.6324,54.3237,11.1,,DSN      ,ML    ,3.2
624487265,se  ,ISC      ,6/15/2022,9:37:50 AM,26.6244,54.1892,15.9,,ISC      ,mb    ,4.2
625793876,se  ,ISC      ,6/15/2022,11:09:56 AM,26.6344,54.425,0.5,,TEH      ,ML    ,2.7
625793877,se  ,ISC      ,6/15/2022,11:11:23 AM,26.6551,54.2787,10,TRUE,TEH      ,ML    ,3.5
624501237,se  ,ISC      ,6/15/2022,11:41:24 AM,26.593,54.2247,24,TRUE,ISC      ,mb    ,3.6
635724607,se  ,TEH      ,6/15/2022,11:43:05 AM,26.957,54.204,20,,TEH      ,ML    ,3.5
624487269,se  ,ISC      ,6/15/2022,11:50:32 AM,26.6057,54.2314,12.4,,ISC      ,mb    ,4.3
624487566,se  ,ISC      ,6/15/2022,1:16:42 PM,26.5753,54.3129,10,TRUE,ISC      ,mb    ,4.4
625793878,se  ,ISC      ,6/15/2022,1:27:36 PM,26.6436,54.3728,10,TRUE,TEH      ,ML    ,3.3
624501245,se  ,ISC      ,6/15/2022,1:39:55 PM,26.4565,54.3358,10,TRUE,ISC      ,mb    ,3.7
624501246,se  ,ISC      ,6/15/2022,1:43:42 PM,26.6288,54.2985,14.1,,ISC      ,mb    ,3.6
624487573,se  ,ISC      ,6/15/2022,2:26:20 PM,26.6407,54.2964,17.3,,ISC      ,mb    ,4.3
624501249,se  ,ISC      ,6/15/2022,2:32:16 PM,26.616,54.3698,15.3,,ISC      ,mb    ,3.8
635724608,se  ,TEH      ,6/15/2022,2:45:14 PM,26.646,54.343,15.3,,TEH      ,ML    ,2.8
624501250,se  ,ISC      ,6/15/2022,3:04:42 PM,26.6234,54.2113,14.6,,ISC      ,mb    ,3.5
635724609,se  ,TEH      ,6/15/2022,3:44:11 PM,26.6,54.415,8,,TEH      ,ML    ,3.4
625826526,se  ,OMAN     ,6/15/2022,5:04:15 PM,26.9495,54.1789,10,TRUE,OMAN     ,ml    ,3.1
624501261,se  ,ISC      ,6/15/2022,5:57:10 PM,26.664,54.3718,17.4,,ISC      ,mb    ,3.7
624487892,se  ,ISC      ,6/15/2022,6:07:52 PM,26.6069,54.3772,18.9,,ISC      ,mb    ,4
624490576,se  ,ISC      ,6/15/2022,6:23:07 PM,26.7173,54.3008,6.8,,ISC      ,mb    ,3.9
624490577,se  ,ISC      ,6/15/2022,7:53:55 PM,26.6289,54.3545,18,,ISC      ,mb    ,4
624489204,se  ,ISC      ,6/15/2022,8:58:13 PM,26.6118,54.3002,15.3,,ISC      ,mb    ,4.1
625793879,se  ,ISC      ,6/15/2022,10:31:01 PM,26.6373,54.3737,9.7,,OMAN     ,ml    ,3.4
625793880,se  ,ISC      ,6/15/2022,11:36:41 PM,26.6683,54.3857,7.9,,DSN      ,ML    ,3.2
624487903,se  ,ISC      ,6/15/2022,11:52:07 PM,26.6522,54.3407,16.1,,ISC      ,mb    ,3.9
624501912,se  ,OMAN     ,6/16/2022,12:01:21 AM,26.7108,54.5711,10,TRUE,OMAN     ,ml    ,2.9
641536420,se  ,ISC      ,6/16/2022,12:01:47 AM,26.105,54.2812,10,TRUE,ISC      ,mb    ,3.7
624487905,se  ,ISC      ,6/16/2022,12:23:04 AM,26.5661,54.3656,16.1,,ISC      ,mb    ,4.3
624501913,se  ,ISC      ,6/16/2022,12:26:01 AM,26.6428,54.3454,10,TRUE,ISC      ,mb    ,3.9
624501916,se  ,ISC      ,6/16/2022,12:26:31 AM,26.0448,54.5784,10,TRUE,ISC      ,mb    ,3.6
624487909,se  ,ISC      ,6/16/2022,12:40:49 AM,26.5989,54.3202,18.5,,ISC      ,mb    ,4.5
624501918,se  ,ISC      ,6/16/2022,12:47:36 AM,26.6022,54.3956,10,TRUE,ISC      ,mb    ,3.6
625826532,se  ,OMAN     ,6/16/2022,1:00:14 AM,26.4052,54.4042,10,TRUE,OMAN     ,ml    ,2.9
635724623,se  ,TEH      ,6/16/2022,1:05:14 AM,26.541,54.377,8.2,,TEH      ,ML    ,3.4
625826533,se  ,ISC      ,6/16/2022,1:17:56 AM,26.6315,54.2621,12.7,,OMAN     ,ml    ,3
625826534,se  ,OMAN     ,6/16/2022,1:59:10 AM,26.9093,54.0688,10,TRUE,OMAN     ,ml    ,3.1
635724624,se  ,TEH      ,6/16/2022,2:22:56 AM,26.934,54.2,17.7,,TEH      ,ML    ,2.8
624501926,se  ,ISC      ,6/16/2022,4:14:17 AM,26.6168,54.3627,8.6,,ISC      ,mb    ,3.5
624501927,se  ,ISC      ,6/16/2022,4:44:51 AM,26.5889,54.4038,10,TRUE,ISC      ,mb    ,3.8
624501945,se  ,ISC      ,6/16/2022,11:18:18 AM,26.7192,54.2935,17.2,,ISC      ,mb    ,3.5
625826535,se  ,OMAN     ,6/16/2022,12:44:01 PM,26.7438,54.3299,10,TRUE,OMAN     ,ml    ,2.9
624501956,se  ,ISC      ,6/16/2022,3:50:40 PM,26.7055,54.2396,6.1,,ISC      ,mb    ,3.3
625826537,se  ,ISC      ,6/16/2022,4:40:58 PM,26.6039,54.2234,4.4,,OMAN     ,ml    ,3.3
625793883,se  ,ISC      ,6/16/2022,4:53:54 PM,26.667,54.2608,2,,DSN      ,ML    ,3.3
625793884,se  ,ISC      ,6/16/2022,6:56:45 PM,26.6974,54.3931,16.6,,DSN      ,ML    ,3.5
624501971,se  ,ISC      ,6/16/2022,8:18:21 PM,26.6847,54.3338,7.9,,ISC      ,mb    ,3.3
624490593,se  ,ISC      ,6/16/2022,8:53:10 PM,26.6531,54.3988,10,TRUE,ISC      ,mb    ,3.7
635724628,se  ,TEH      ,6/16/2022,8:59:31 PM,26.81,54.312,14.2,,TEH      ,ML    ,2.9
635724629,se  ,TEH      ,6/16/2022,10:38:48 PM,26.812,54.383,10,,TEH      ,ML    ,2.8
624490595,se  ,ISC      ,6/16/2022,10:43:19 PM,26.3123,54.2045,10,TRUE,ISC      ,mb    ,3.7
624489230,se  ,ISC      ,6/16/2022,11:48:06 PM,26.6488,54.2688,19.4,,ISC      ,mb    ,4
625793887,se  ,DSN      ,6/17/2022,12:25:03 AM,26.874,54.2106,10,,DSN      ,ML    ,2.8
625826539,se  ,OMAN     ,6/17/2022,7:52:50 AM,27.2751,54.0557,10,TRUE,OMAN     ,ml    ,2.8
625793888,se  ,DSN      ,6/17/2022,11:54:11 AM,27.6364,57.3695,10,,DSN      ,ML    ,2.9
624490606,se  ,ISC      ,6/17/2022,1:08:40 PM,26.6522,54.3244,17.2,,ISC      ,mb    ,4.3
625826540,se  ,OMAN     ,6/17/2022,1:17:39 PM,26.6513,54.3033,10,TRUE,OMAN     ,ml    ,3.1
635724656,se  ,TEH      ,6/17/2022,3:32:01 PM,26.653,54.286,15,,TEH      ,ML    ,2.9
625826541,se  ,ISC      ,6/17/2022,5:24:40 PM,26.5928,54.2895,13.2,,TEH      ,ML    ,2.9
635724659,se  ,TEH      ,6/17/2022,5:32:40 PM,26.942,54.225,13.4,,TEH      ,ML    ,2.9
625826542,se  ,OMAN     ,6/17/2022,5:59:42 PM,26.5254,54.4532,10,TRUE,OMAN     ,ml    ,2.7
625793890,se  ,DSN      ,6/17/2022,7:24:10 PM,26.6669,54.2815,10,,DSN      ,ML    ,3.3
625793892,se  ,ISC      ,6/17/2022,11:47:20 PM,26.6101,54.3002,10,TRUE,DSN      ,ML    ,3.2
624491116,se  ,ISC      ,6/18/2022,12:03:05 AM,26.6617,54.239,15.5,,ISC      ,mb    ,4
625793893,se  ,ISC      ,6/18/2022,12:55:49 AM,26.6154,54.2901,10,TRUE,OMAN     ,ml    ,3.2
625826546,se  ,ISC      ,6/18/2022,1:38:03 AM,26.6579,54.3428,10,TRUE,OMAN     ,ml    ,3.4
624495728,se  ,ISC      ,6/18/2022,10:51:37 AM,26.4861,54.2737,10,TRUE,ISC      ,mb    ,3.7
625826547,se  ,ISC      ,6/18/2022,11:09:11 AM,26.6276,54.3363,0.1,,TEH      ,ML    ,3.3
625793894,se  ,DSN      ,6/18/2022,11:27:38 AM,25.3698,55.749,5,,DSN      ,ML    ,2.3
624491751,ke  ,ISC      ,6/18/2022,4:44:49 PM,26.5768,54.141,13.5,,ISC      ,mb    ,4.8
624491752,se  ,ISC      ,6/18/2022,5:01:43 PM,26.5898,54.2067,12.2,,ISC      ,mb    ,4.4
625826548,se  ,OMAN     ,6/18/2022,7:06:26 PM,26.2632,57.3821,10,TRUE,OMAN     ,ml    ,2.3
625826549,se  ,OMAN     ,6/18/2022,7:49:51 PM,26.805,54.16,10,TRUE,OMAN     ,mb    ,3.5
625793895,se  ,ISC      ,6/18/2022,10:00:54 PM,26.635,54.2657,10,TRUE,TEH      ,ML    ,3.3
635724685,se  ,TEH      ,6/18/2022,10:28:30 PM,26.629,54.459,9.2,,TEH      ,ML    ,3.2
635724686,se  ,TEH      ,6/18/2022,10:33:13 PM,27.096,54.53,22,,TEH      ,ML    ,2.9
624503107,se  ,ISC      ,6/19/2022,9:24:11 AM,26.6933,54.3102,28.9,,ISC      ,mb    ,3.5
625793897,se  ,ISC      ,6/19/2022,12:15:07 PM,26.6375,54.2346,24,TRUE,TEH      ,ML    ,2.9
625793898,se  ,ISC      ,6/19/2022,8:31:17 PM,26.5794,54.2693,9.6,,TEH      ,ML    ,3.3
624504232,se  ,ISC      ,6/20/2022,2:38:28 AM,26.5715,54.2557,16.6,,ISC      ,mb    ,3.9
625793899,se  ,ISC      ,6/20/2022,9:28:11 AM,26.6815,54.2668,10,TRUE,DSN      ,ML    ,3.1
624504284,se  ,ISC      ,6/20/2022,9:47:40 PM,26.652,54.4569,10,TRUE,ISC      ,mb    ,3.2
624495772,se  ,ISC      ,6/20/2022,9:57:45 PM,26.5876,54.3807,10,TRUE,ISC      ,mb    ,3.7
624495773,se  ,ISC      ,6/20/2022,10:00:49 PM,26.9727,54.5904,12.6,,ISC      ,mb    ,4
625826557,se  ,OMAN     ,6/21/2022,12:02:07 AM,26.6557,54.3616,10,TRUE,OMAN     ,ml    ,2.6
635724738,se  ,TEH      ,6/21/2022,1:11:00 AM,26.705,54.385,21.4,,TEH      ,ML    ,2.8
625793901,se  ,ISC      ,6/21/2022,2:38:08 AM,26.6745,54.3771,10,TRUE,TEH      ,ML    ,2.9
624494642,se  ,ISC      ,6/21/2022,7:05:05 AM,26.6237,54.3033,10,TRUE,ISC      ,mb    ,4.2
624504342,se  ,ISC      ,6/21/2022,8:21:55 PM,26.5894,54.2861,10,TRUE,ISC      ,mb    ,3.5
625793902,se  ,ISC      ,6/21/2022,8:43:35 PM,26.6463,54.3347,10,TRUE,TEH      ,ML    ,2.9
625826564,se  ,ISC      ,6/22/2022,2:25:20 AM,26.6688,54.1953,10,TRUE,OMAN     ,ml    ,2.9
624497027,se  ,ISC      ,6/22/2022,2:38:57 AM,26.6226,54.3054,58.3,,ISC      ,mb    ,4.1
635724767,se  ,TEH      ,6/22/2022,3:12:22 AM,26.885,54.285,10,,TEH      ,ML    ,2.5
625826566,se  ,ISC      ,6/22/2022,4:03:36 AM,26.6231,54.2793,14.5,,TEH      ,ML    ,2.6
624499564,se  ,ISC      ,6/22/2022,6:06:30 AM,26.5963,54.3451,18.4,,ISC      ,mb    ,4
635724771,se  ,TEH      ,6/22/2022,7:26:44 AM,28.068,56.303,10,,TEH      ,ML    ,2.7
625793906,se  ,DSN      ,6/22/2022,8:22:41 AM,26.6541,54.2561,10,,DSN      ,ML    ,2.7
635724774,se  ,TEH      ,6/22/2022,11:46:15 AM,27.762,56.303,5,,TEH      ,ML    ,3.1
624509443,se  ,ISC      ,6/22/2022,6:13:42 PM,27.0069,54.4772,28.3,,ISC      ,mb    ,3.9
624512343,se  ,ISC      ,6/23/2022,1:06:58 AM,28.2123,55.2333,10,TRUE,ISC      ,mb    ,3.6
624499613,se  ,ISC      ,6/23/2022,5:43:35 PM,26.6732,54.3756,18.2,,ISC      ,mb    ,3.9
625793910,se  ,DSN      ,6/23/2022,9:14:46 PM,26.7095,55.4305,10,,DSN      ,ML    ,2.7
624499395,se  ,ISC      ,6/24/2022,1:27:27 AM,26.5931,54.22,13,,ISC      ,mb    ,4.2
625826573,se  ,ISC      ,6/24/2022,4:04:32 AM,26.6021,54.3252,10,TRUE,TEH      ,ML    ,2.7
635724804,se  ,TEH      ,6/24/2022,4:07:01 AM,27.601,56.048,10,,TEH      ,ML    ,2.8
624514849,se  ,ISC      ,6/24/2022,4:58:41 AM,26.578,54.3709,13.6,,ISC      ,mb    ,3.7
624500029,se  ,ISC      ,6/24/2022,1:32:27 PM,26.621,54.321,10,TRUE,ISC      ,mb    ,4.2
635724809,se  ,TEH      ,6/24/2022,9:12:15 PM,27.625,55.992,10,,TEH      ,ML    ,2.6
624500276,se  ,ISC      ,6/24/2022,11:47:25 PM,26.6287,54.2437,18,,ISC      ,mb    ,4.2
625793919,se  ,DSN      ,6/25/2022,2:15:23 AM,26.5556,54.3135,10,,DSN      ,ML    ,2.7
636435496,ke  ,ISC      ,6/25/2022,3:37:14 AM,26.6184,54.2654,11.5,,ISC      ,mb    ,5.6
624515945,se  ,ISC      ,6/25/2022,3:44:02 AM,26.6939,54.3174,10,TRUE,ISC      ,mb    ,4.2
624515946,se  ,IDC      ,6/25/2022,3:47:03 AM,26.314,54.461,0,TRUE,IDC      ,mb    ,3.6
624515949,se  ,IDC      ,6/25/2022,3:47:59 AM,26.4271,54.5747,0,TRUE,IDC      ,mb    ,3.5
624515950,se  ,ISC      ,6/25/2022,3:55:10 AM,26.0286,54.4078,10,TRUE,ISC      ,mb    ,3.5
624515953,se  ,ISC      ,6/25/2022,3:55:28 AM,26.2929,54.4023,10,TRUE,ISC      ,mb    ,3.4
624515954,se  ,ISC      ,6/25/2022,4:09:20 AM,26.5905,54.3264,10,TRUE,ISC      ,mb    ,3.2
624515955,se  ,ISC      ,6/25/2022,4:13:51 AM,26.1832,54.1795,10,TRUE,ISC      ,mb    ,3.4
624515956,se  ,IDC      ,6/25/2022,4:15:41 AM,25.5136,54.4769,0,TRUE,IDC      ,mb    ,3.3
625793920,se  ,ISC      ,6/25/2022,4:19:05 AM,26.6176,54.3865,17.3,,DSN      ,ML    ,3.6
635724819,se  ,TEH      ,6/25/2022,4:38:43 AM,26.481,54.222,10,,TEH      ,ML    ,2.8
624515957,se  ,ISC      ,6/25/2022,4:49:03 AM,26.6958,54.2735,10,TRUE,ISC      ,mb    ,3.6
624515959,se  ,ISC      ,6/25/2022,4:59:54 AM,26.5814,54.3251,18.1,,ISC      ,mb    ,3.5
624502000,se  ,ISC      ,6/25/2022,5:50:14 AM,26.6038,54.3201,10,TRUE,ISC      ,mb    ,4
624515963,se  ,ISC      ,6/25/2022,5:51:07 AM,26.4268,54.3075,10,TRUE,ISC      ,mb    ,3.9
635724820,se  ,TEH      ,6/25/2022,6:05:00 AM,26.7,54.408,19.1,,TEH      ,ML    ,2.6
625793921,se  ,DSN      ,6/25/2022,9:39:08 AM,26.5167,54.2442,10,,DSN      ,ML    ,2.9
625826577,se  ,OMAN     ,6/25/2022,11:12:00 AM,26.9768,54.1176,10,TRUE,OMAN     ,ml    ,2.7
625793922,se  ,ISC      ,6/25/2022,12:53:16 PM,26.578,54.4399,16.6,,TEH      ,ML    ,2.8
624515993,se  ,ISC      ,6/25/2022,4:25:04 PM,26.7012,54.2895,10,TRUE,ISC      ,mb    ,3.6
635724823,se  ,TEH      ,6/25/2022,4:58:19 PM,26.838,54.245,5,,TEH      ,ML    ,2.9
625793923,se  ,ISC      ,6/25/2022,7:37:26 PM,26.6276,54.3598,11.6,,DSN      ,ML    ,3.2
625793924,se  ,ISC      ,6/25/2022,8:43:18 PM,26.5758,54.324,2.9,,DSN      ,ML    ,3.2
635724826,se  ,TEH      ,6/25/2022,11:45:17 PM,26.719,54.328,10,,TEH      ,ML    ,2.9
625793926,se  ,ISC      ,6/26/2022,2:08:49 AM,26.6311,54.2795,8,,OMAN     ,ml    ,2.7
635724837,se  ,TEH      ,6/26/2022,2:39:36 AM,26.735,54.422,7.6,,TEH      ,ML    ,2.9
625793927,se  ,DSN      ,6/26/2022,3:50:38 AM,26.5776,54.3657,10,,DSN      ,ML    ,2.8
625793928,se  ,ISC      ,6/26/2022,8:56:07 AM,26.7168,54.2692,10,TRUE,OMAN     ,ml    ,2.8
624516034,se  ,ISC      ,6/26/2022,2:41:56 PM,26.6319,54.3268,17.2,,ISC      ,mb    ,3.4
635724873,se  ,TEH      ,6/27/2022,3:21:25 AM,28.243,55.714,15.8,,TEH      ,ML    ,2.9
635724876,se  ,TEH      ,6/27/2022,9:14:21 AM,26.999,54.313,21,,TEH      ,ML    ,2.9
625793941,se  ,DSN      ,6/29/2022,4:40:23 AM,26.7449,54.2956,10,,DSN      ,ML    ,3.1
625793942,se  ,DSN      ,6/29/2022,4:48:41 AM,25.9325,56.0601,0,,DSN      ,ML    ,1.5
625793945,se  ,ISC      ,6/30/2022,10:27:54 PM,26.8258,54.2808,18,TRUE,TEH      ,ML    ,2.9
624561505,se  ,ISC      ,7/1/2022,12:44:42 AM,26.7665,54.2229,10.7,,ISC      ,mb    ,3.4
625793948,se  ,DSN      ,7/1/2022,2:55:32 AM,25.9355,56.1189,0,,DSN      ,ML    ,1.9
625793949,se  ,ISC      ,7/1/2022,1:58:11 PM,27.7661,57.6413,10,TRUE,DSN      ,ML    ,3.6
624504351,se  ,ISC      ,7/1/2022,2:04:21 PM,27.7617,57.5845,15,,ISC      ,mb    ,4.3
624504920,se  ,ISC      ,7/1/2022,7:28:30 PM,28.1894,57.411,10,TRUE,ISC      ,mb    ,4
624504922,ke  ,ISC      ,7/1/2022,9:32:08 PM,26.8158,55.2408,13,,ISC      ,mb    ,6
624561560,se  ,ISC      ,7/1/2022,9:39:51 PM,26.8248,55.1585,13,,ISC      ,mb    ,4.4
624561561,se  ,ISC      ,7/1/2022,9:41:57 PM,25.9301,56.3752,10,TRUE,ISC      ,mb    ,4.2
624504924,ke  ,ISC      ,7/1/2022,9:47:52 PM,26.8219,55.3114,14.7,,ISC      ,mb    ,4.9
624561563,se  ,ISC      ,7/1/2022,9:53:22 PM,26.6716,55.3278,10,TRUE,ISC      ,mb    ,3.6
635724968,se  ,TEH      ,7/1/2022,9:56:59 PM,26.938,55.396,10,,TEH      ,ML    ,2.9
635724969,se  ,ISC      ,7/1/2022,10:00:49 PM,26.751,55.4705,10,TRUE,ISC      ,mb    ,3.5
624504899,se  ,ISC      ,7/1/2022,10:07:46 PM,26.8003,55.2709,10.6,,ISC      ,mb    ,4.1
625793950,se  ,ISC      ,7/1/2022,10:17:05 PM,26.8481,55.3096,10,TRUE,DSN      ,ML    ,3.4
624561566,se  ,ISC      ,7/1/2022,10:22:42 PM,26.973,55.1293,10,TRUE,ISC      ,mb    ,3.5
625826606,se  ,OMAN     ,7/1/2022,10:25:57 PM,26.8925,55.5446,10,TRUE,OMAN     ,ml    ,2.8
625793951,se  ,ISC      ,7/1/2022,10:30:03 PM,26.7722,55.389,12,TRUE,DSN      ,ML    ,3.4
624504900,se  ,ISC      ,7/1/2022,10:43:51 PM,26.8091,55.2616,15.6,,ISC      ,mb    ,4.3
625793952,se  ,OMAN     ,7/1/2022,10:48:49 PM,27.1003,55.3977,10,TRUE,OMAN     ,ml    ,3
625793953,se  ,ISC      ,7/1/2022,10:54:57 PM,26.8669,55.4955,12,TRUE,DSN      ,ML    ,3.3
624561568,se  ,ISC      ,7/1/2022,11:03:36 PM,26.9188,55.3807,12,TRUE,ISC      ,mb    ,3.5
624504905,se  ,ISC      ,7/1/2022,11:13:45 PM,26.7965,55.3274,18.4,,ISC      ,mb    ,4.3
624504901,ke  ,ISC      ,7/1/2022,11:24:14 PM,26.8469,55.2391,10.6,,ISC      ,mb    ,5.8
624504906,ke  ,ISC      ,7/1/2022,11:25:15 PM,26.7989,55.3252,13.5,,ISC      ,mb    ,6
624561570,se  ,ISC      ,7/1/2022,11:36:49 PM,27.1151,55.205,17,TRUE,ISC      ,mb    ,3.7
624561571,se  ,ISC      ,7/1/2022,11:41:32 PM,26.7819,55.0669,17,TRUE,ISC      ,mb    ,3.6
624561572,se  ,ISC      ,7/1/2022,11:44:13 PM,26.6936,55.238,10,TRUE,ISC      ,mb    ,3.7
624504910,se  ,ISC      ,7/1/2022,11:49:19 PM,26.7948,55.2316,13.6,,ISC      ,mb    ,4
624561573,se  ,ISC      ,7/1/2022,11:54:14 PM,26.7097,55.2376,17,TRUE,ISC      ,mb    ,3.6
624561574,se  ,ISC      ,7/1/2022,11:56:18 PM,26.0441,55.502,10,TRUE,ISC      ,mb    ,3.7
624565592,se  ,ISC      ,7/2/2022,12:05:05 AM,26.937,55.3954,9.4,,ISC      ,mb    ,3.6
624565593,se  ,ISC      ,7/2/2022,12:06:29 AM,26.9095,55.4508,12,TRUE,ISC      ,mb    ,3.6
624565595,se  ,ISC      ,7/2/2022,12:26:43 AM,26.8265,55.3328,15.8,,ISC      ,mb    ,3.6
624565597,se  ,ISC      ,7/2/2022,12:33:43 AM,26.7745,55.4087,12,TRUE,DSN      ,ML    ,3.6
641588948,ke  ,IDC      ,7/2/2022,12:33:57 AM,26.3165,55.5773,0,TRUE,IDC      ,mb    ,3.5
624512432,se  ,ISC      ,7/2/2022,12:37:38 AM,26.7762,55.3428,10,TRUE,ISC      ,mb    ,3.8
624504932,se  ,ISC      ,7/2/2022,1:14:54 AM,26.824,55.4635,12,TRUE,ISC      ,mb    ,4.2
624565601,se  ,ISC      ,7/2/2022,1:21:51 AM,26.8583,55.2939,10,TRUE,ISC      ,mb    ,3.7
625793955,se  ,DSN      ,7/2/2022,1:39:51 AM,26.7295,55.1707,10,,DSN      ,ML    ,3.5
624565603,se  ,ISC      ,7/2/2022,1:51:34 AM,26.8548,55.3462,9.3,,ISC      ,mb    ,3.6
625793956,se  ,ISC      ,7/2/2022,2:00:55 AM,26.8157,55.3631,11.8,,DSN      ,ML    ,3.4
625793957,se  ,DSN      ,7/2/2022,2:08:01 AM,27.0639,55.5967,10,,DSN      ,ML    ,3
625793958,se  ,ISC      ,7/2/2022,2:21:24 AM,26.8079,55.3999,5.4,,DSN      ,ML    ,3.3
624565604,se  ,ISC      ,7/2/2022,2:32:14 AM,26.8323,55.3428,10,TRUE,ISC      ,mb    ,3.5
624504938,se  ,ISC      ,7/2/2022,2:51:53 AM,26.821,55.291,15.6,,ISC      ,mb    ,4.2
625793959,se  ,DSN      ,7/2/2022,3:01:12 AM,27.0847,55.9328,10,,DSN      ,ML    ,2.9
624504940,se  ,IDC      ,7/2/2022,3:28:13 AM,28.2446,54.4069,0,TRUE,IDC      ,mb    ,3.7
624565606,se  ,ISC      ,7/2/2022,3:29:10 AM,26.818,55.3943,11,,ISC      ,mb    ,4.6
635724991,se  ,TEH      ,7/2/2022,3:40:38 AM,26.966,55.407,10,,TEH      ,ML    ,2.9
625826610,se  ,ISC      ,7/2/2022,3:45:48 AM,26.7972,55.4,10,TRUE,TEH      ,ML    ,2.6
624504942,se  ,ISC      ,7/2/2022,3:47:52 AM,26.8353,55.1228,14.6,,ISC      ,mb    ,4.3
625793960,se  ,DSN      ,7/2/2022,4:01:05 AM,26.8644,55.279,10,,DSN      ,ML    ,2.8
625793961,se  ,ISC      ,7/2/2022,4:05:31 AM,26.8796,55.4618,12,TRUE,TEH      ,ML    ,2.9
625793962,se  ,ISC      ,7/2/2022,4:20:52 AM,26.8097,55.2326,14.5,,DSN      ,ML    ,3.8
625793963,se  ,ISC      ,7/2/2022,4:23:58 AM,26.8062,55.334,12,TRUE,DSN      ,ML    ,3.5
625793964,se  ,DSN      ,7/2/2022,4:31:48 AM,27.099,55.6636,10,,DSN      ,ML    ,3.1
625793965,se  ,OMAN     ,7/2/2022,4:33:58 AM,26.8394,55.3608,10,TRUE,OMAN     ,ml    ,2.1
624565613,se  ,ISC      ,7/2/2022,4:44:41 AM,26.7689,55.2737,19.4,,ISC      ,mb    ,3.5
625793966,se  ,ISC      ,7/2/2022,4:50:00 AM,26.8484,55.3092,12.8,,DSN      ,ML    ,3.6
625793967,se  ,ISC      ,7/2/2022,4:58:32 AM,26.8581,55.4239,10,TRUE,DSN      ,ML    ,3.4
624504945,se  ,ISC      ,7/2/2022,5:06:57 AM,26.8415,55.2686,10.1,,ISC      ,mb    ,4.4
625793968,se  ,DSN      ,7/2/2022,5:57:09 AM,26.9047,55.6022,10,,DSN      ,ML    ,3.1
625793969,se  ,DSN      ,7/2/2022,6:07:22 AM,27.0176,55.5932,10,,DSN      ,ML    ,2.8
625793970,se  ,ISC      ,7/2/2022,6:10:11 AM,26.845,55.2904,13.8,,DSN      ,ML    ,3.5
625793971,se  ,DSN      ,7/2/2022,6:19:52 AM,27.0361,55.44,10,,DSN      ,ML    ,2.9
625793972,se  ,DSN      ,7/2/2022,6:41:29 AM,26.8937,55.2827,10,,DSN      ,ML    ,3
625793973,se  ,DSN      ,7/2/2022,6:49:59 AM,26.9228,55.2858,10,,DSN      ,ML    ,2.7
624565620,se  ,ISC      ,7/2/2022,7:18:12 AM,26.7794,55.3781,10,TRUE,ISC      ,mb    ,3.6
624565621,se  ,ISC      ,7/2/2022,7:33:13 AM,26.5931,54.3919,10,TRUE,ISC      ,mb    ,3.7
625793974,se  ,DSN      ,7/2/2022,8:06:26 AM,26.9046,55.5977,10,,DSN      ,ML    ,2.7
624565623,se  ,ISC      ,7/2/2022,8:35:53 AM,27.062,55.211,12.9,,ISC      ,mb    ,3.3
625793975,se  ,ISC      ,7/2/2022,8:39:24 AM,26.8675,55.3038,17.5,,DSN      ,ML    ,3.8
625793976,se  ,ISC      ,7/2/2022,9:01:39 AM,26.8537,55.4289,11.3,,TEH      ,ML    ,2.7
624504964,se  ,ISC      ,7/2/2022,9:15:46 AM,26.8268,55.0962,17,,ISC      ,mb    ,4.4
625793977,se  ,DSN      ,7/2/2022,9:21:19 AM,27.0018,55.5772,10,,DSN      ,ML    ,3.6
625793978,se  ,ISC      ,7/2/2022,9:51:16 AM,26.7712,55.3593,10.4,,DSN      ,ML    ,3.6
625793979,se  ,ISC      ,7/2/2022,10:21:32 AM,26.7619,55.2869,9.1,,DSN      ,ML    ,3.8
625826611,se  ,OMAN     ,7/2/2022,10:44:38 AM,26.8173,55.3007,10,TRUE,OMAN     ,ml    ,2.5
635724993,se  ,TEH      ,7/2/2022,11:07:31 AM,27.023,55.42,17.1,,TEH      ,ML    ,2.9
625826612,se  ,ISC      ,7/2/2022,11:28:11 AM,26.7804,55.3861,12.8,,TEH      ,ML    ,2.9
625793980,se  ,ISC      ,7/2/2022,12:04:48 PM,26.8309,55.4084,9.8,,DSN      ,ML    ,3.7
625793981,se  ,ISC      ,7/2/2022,12:07:26 PM,26.806,55.4321,11.9,,DSN      ,ML    ,3.2
624565632,se  ,ISC      ,7/2/2022,12:17:46 PM,26.8307,55.3508,17.9,,ISC      ,mb    ,3.8
625793982,se  ,DSN      ,7/2/2022,12:26:21 PM,27.0539,55.5991,10,,DSN      ,ML    ,3
625826613,se  ,OMAN     ,7/2/2022,12:30:26 PM,26.7686,55.131,10,TRUE,OMAN     ,ml    ,2.8
625793983,se  ,ISC      ,7/2/2022,12:49:32 PM,26.8031,55.2908,12,TRUE,ISC      ,mb    ,3.4
625793985,se  ,DSN      ,7/2/2022,1:09:36 PM,26.8354,55.2738,10,,DSN      ,ML    ,3
625793986,se  ,OMAN     ,7/2/2022,1:31:15 PM,26.9053,55.3556,10,TRUE,OMAN     ,ml    ,2.6
625793987,se  ,DSN      ,7/2/2022,2:41:12 PM,26.9755,55.5601,10,,DSN      ,ML    ,3.2
641567701,se  ,TEH      ,7/2/2022,2:44:05 PM,26.903,55.432,9.5,,TEH      ,ML    ,3.6
624512436,se  ,ISC      ,7/2/2022,2:44:18 PM,26.09,54.231,10,TRUE,ISC      ,mb    ,4
625793988,se  ,ISC      ,7/2/2022,2:46:48 PM,26.8096,55.2767,6.3,,DSN      ,ML    ,3.7
624565644,se  ,ISC      ,7/2/2022,3:51:01 PM,26.6013,54.3931,10,TRUE,ISC      ,mb    ,3.6
625793989,se  ,DSN      ,7/2/2022,4:00:21 PM,26.8875,55.4644,10,,DSN      ,ML    ,3.1
625793990,se  ,DSN      ,7/2/2022,4:06:58 PM,27.0987,55.6472,10,,DSN      ,ML    ,2.8
624565647,se  ,ISC      ,7/2/2022,4:49:18 PM,26.7281,54.2743,15.7,,ISC      ,mb    ,3.4
624565649,se  ,ISC      ,7/2/2022,5:16:27 PM,26.8039,55.1511,17.1,,ISC      ,mb    ,3.7
625793991,se  ,OMAN     ,7/2/2022,6:58:47 PM,26.8264,55.3007,4.6,,OMAN     ,ml    ,2.6
624565652,se  ,ISC      ,7/2/2022,7:27:36 PM,26.8184,55.3054,18,,ISC      ,mb    ,3.6
624505139,se  ,ISC      ,7/2/2022,7:29:20 PM,26.7909,55.2662,25.2,,ISC      ,mb    ,4.4
625793992,se  ,DSN      ,7/2/2022,7:51:02 PM,26.8343,55.3994,10,,DSN      ,ML    ,3
625793993,se  ,DSN      ,7/2/2022,8:22:50 PM,26.9707,55.3765,10,,DSN      ,ML    ,2.9
625793994,se  ,ISC      ,7/2/2022,8:32:15 PM,26.8077,55.3633,6.2,,TEH      ,ML    ,2.9
625793995,se  ,DSN      ,7/2/2022,9:05:21 PM,26.9804,55.6721,10,,DSN      ,ML    ,2.8
625793996,se  ,DSN      ,7/2/2022,9:07:42 PM,26.9665,55.5115,10,,DSN      ,ML    ,3
625793997,se  ,ISC      ,7/2/2022,10:20:28 PM,26.7926,55.3115,4.6,,DSN      ,ML    ,3
625826614,se  ,OMAN     ,7/2/2022,10:34:13 PM,26.8839,55.2933,2.9,,OMAN     ,ml    ,2.3
625793998,se  ,OMAN     ,7/2/2022,10:43:10 PM,26.9242,55.303,14.7,,OMAN     ,ml    ,2.5
625793999,se  ,ISC      ,7/2/2022,10:47:04 PM,26.7904,55.3254,7.8,,OMAN     ,ml    ,3.3
635724998,se  ,TEH      ,7/2/2022,11:16:13 PM,28.306,55.762,14.9,,TEH      ,ML    ,3.1
625794000,se  ,ISC      ,7/2/2022,11:24:15 PM,26.8563,55.3345,12.7,,DSN      ,ML    ,3.2
625794001,se  ,ISC      ,7/2/2022,11:40:49 PM,26.763,55.3271,12,TRUE,DSN      ,ML    ,2.9
635724999,se  ,TEH      ,7/2/2022,11:59:57 PM,26.545,54.306,10.8,,TEH      ,ML    ,2.9
625794003,se  ,ISC      ,7/3/2022,12:15:36 AM,26.7871,55.3204,11.7,,OMAN     ,ml    ,2.7
624565667,se  ,ISC      ,7/3/2022,12:23:21 AM,26.5317,54.3904,10,TRUE,ISC      ,mb    ,3.5
635725014,se  ,TEH      ,7/3/2022,12:38:26 AM,28.381,54.101,10,,TEH      ,ML    ,2.6
625794004,se  ,ISC      ,7/3/2022,12:54:31 AM,26.8055,55.3078,12,TRUE,DSN      ,ML    ,3
625794005,se  ,OMAN     ,7/3/2022,1:17:25 AM,26.7963,55.1615,10,TRUE,OMAN     ,ml    ,2.4
625794006,se  ,OMAN     ,7/3/2022,1:52:52 AM,26.7633,55.2134,2.2,,OMAN     ,ml    ,2.6
635725015,se  ,TEH      ,7/3/2022,2:16:15 AM,26.871,54.178,15.5,,TEH      ,ML    ,2.6
625794007,se  ,OMAN     ,7/3/2022,2:53:54 AM,26.6672,55.0999,10,TRUE,OMAN     ,ml    ,2.6
635725016,se  ,TEH      ,7/3/2022,3:58:42 AM,26.444,54.434,23.9,,TEH      ,ML    ,2.7
625794008,se  ,DSN      ,7/3/2022,4:24:43 AM,27.0841,55.5586,10,,DSN      ,ML    ,2.9
625794009,se  ,DSN      ,7/3/2022,4:26:48 AM,26.8643,55.3201,10,,DSN      ,ML    ,2.8
625794010,se  ,DSN      ,7/3/2022,4:57:28 AM,27.0337,55.6967,10,,DSN      ,ML    ,2.9
635725017,se  ,TEH      ,7/3/2022,5:15:47 AM,28.314,55.676,10,,TEH      ,ML    ,2.7
624565675,se  ,ISC      ,7/3/2022,5:29:16 AM,26.9037,55.505,1.8,,ISC      ,mb    ,3.5
624512444,se  ,ISC      ,7/3/2022,7:32:20 AM,26.7982,55.2264,10,TRUE,ISC      ,mb    ,3.9
635725019,se  ,TEH      ,7/3/2022,8:36:34 AM,27.602,56.222,17.3,,TEH      ,ML    ,2.9
625794011,se  ,DSN      ,7/3/2022,8:44:35 AM,26.9395,55.4391,10,,DSN      ,ML    ,3
625794012,se  ,DSN      ,7/3/2022,9:19:32 AM,27.0391,55.6406,10,,DSN      ,ML    ,2.7
625794013,se  ,ISC      ,7/3/2022,11:20:30 AM,26.8698,55.4546,12,TRUE,TEH      ,ML    ,2.6
624512446,se  ,ISC      ,7/3/2022,12:18:59 PM,26.7833,54.3519,17.7,,ISC      ,mb    ,4
625794014,se  ,ISC      ,7/3/2022,2:03:31 PM,26.947,56.8986,2.1,,TEH      ,ML    ,3.6
625794015,se  ,DSN      ,7/3/2022,3:14:27 PM,26.9704,55.3587,10,,DSN      ,ML    ,3.3
625794016,se  ,OMAN     ,7/3/2022,4:03:13 PM,26.7613,55.2221,10,TRUE,OMAN     ,ml    ,3.1
625794017,se  ,DSN      ,7/3/2022,5:08:49 PM,27.0516,55.6247,10,,DSN      ,ML    ,2.7
625826615,se  ,OMAN     ,7/3/2022,5:28:44 PM,26.6071,55.2802,10,TRUE,OMAN     ,ml    ,2.3
624565711,se  ,ISC      ,7/3/2022,6:39:17 PM,26.823,55.2818,18.4,,ISC      ,mb    ,3.6
624506079,se  ,ISC      ,7/3/2022,6:42:01 PM,26.7943,55.3309,13.8,,ISC      ,mb    ,3.8
624565713,se  ,IDC      ,7/3/2022,7:59:25 PM,26.1946,54.1118,0,TRUE,IDC      ,mb    ,3.5
625826616,se  ,OMAN     ,7/3/2022,8:48:04 PM,26.6233,55.2262,10,TRUE,OMAN     ,ml    ,2.2
625794018,se  ,OMAN     ,7/3/2022,9:34:43 PM,26.9952,55.3746,10,TRUE,OMAN     ,ml    ,2.9
625794019,se  ,DSN      ,7/3/2022,10:52:44 PM,27.0346,55.659,10,,DSN      ,ML    ,2.8
625826617,se  ,OMAN     ,7/3/2022,10:55:11 PM,26.6762,54.0111,11.5,,OMAN     ,ml    ,3.1
625794020,se  ,OMAN     ,7/3/2022,11:23:13 PM,26.9,55.4622,10,TRUE,OMAN     ,ml    ,2.5
625794021,se  ,DSN      ,7/3/2022,11:28:59 PM,26.8878,55.4031,10,,DSN      ,ML    ,2.9
624573191,se  ,ISC      ,7/4/2022,2:14:55 AM,26.7821,55.3481,16.7,,ISC      ,mb    ,3.5
635725037,se  ,TEH      ,7/4/2022,3:52:45 AM,28.321,55.517,25.8,,TEH      ,ML    ,2.9
625826618,se  ,OMAN     ,7/4/2022,4:05:50 AM,27.1099,55.8639,10,TRUE,OMAN     ,ml    ,2.5
624505771,se  ,ISC      ,7/4/2022,4:14:49 AM,26.7663,55.3215,17,,ISC      ,mb    ,4.1
625794027,se  ,DSN      ,7/4/2022,4:22:46 AM,26.8864,55.4703,10,,DSN      ,ML    ,3.3
625794028,se  ,DSN      ,7/4/2022,10:41:42 AM,26.9999,55.4781,10,,DSN      ,ML    ,2.9
625794029,se  ,ISC      ,7/4/2022,11:35:47 AM,26.7246,55.3123,6.6,,TEH      ,ML    ,3.6
625794030,se  ,DSN      ,7/4/2022,11:49:20 AM,26.8819,55.3931,10,,DSN      ,ML    ,3.1
624573286,se  ,ISC      ,7/4/2022,1:11:55 PM,26.8036,55.2869,31.8,,ISC      ,mb    ,3.7
625794031,se  ,DSN      ,7/4/2022,2:23:59 PM,26.8508,55.4952,10,,DSN      ,ML    ,3
625794032,se  ,DSN      ,7/4/2022,5:08:38 PM,26.9083,55.3784,10,,DSN      ,ML    ,3.1
625794033,se  ,DSN      ,7/4/2022,7:18:19 PM,26.9536,55.6097,11.7,,DSN      ,ML    ,2.9
625826619,se  ,OMAN     ,7/4/2022,8:47:32 PM,26.6172,55.1903,10,TRUE,OMAN     ,ml    ,2.2
625794034,se  ,ISC      ,7/4/2022,10:54:28 PM,26.8768,54.7154,4.8,,TEH      ,ML    ,3.4
625826620,se  ,OMAN     ,7/4/2022,11:56:28 PM,26.793,55.2721,10,TRUE,OMAN     ,ml    ,2.4
624536032,se  ,ISC      ,7/5/2022,12:10:47 AM,26.8804,55.4026,8.2,,ISC      ,mb    ,3.8
625794046,se  ,ISC      ,7/5/2022,2:47:20 AM,26.7657,55.3735,6.1,,OMAN     ,ml    ,3.4
625794047,se  ,DSN      ,7/5/2022,2:58:19 AM,27.1344,55.7237,10,,DSN      ,ML    ,2.8
624573368,se  ,ISC      ,7/5/2022,3:18:47 AM,26.7749,55.2911,10,TRUE,ISC      ,mb    ,3.3
625794048,se  ,OMAN     ,7/5/2022,3:38:32 AM,27.06,55.5191,10,TRUE,OMAN     ,ml    ,2.9
625794049,se  ,ISC      ,7/5/2022,4:30:13 AM,26.7564,55.2406,17,TRUE,TEH      ,ML    ,2.9
625794050,se  ,DSN      ,7/5/2022,4:38:11 AM,26.9325,55.4611,10,,DSN      ,ML    ,2.7
625826622,se  ,OMAN     ,7/5/2022,4:44:42 AM,27.1401,55.7397,1,,OMAN     ,ml    ,2.6
625794051,se  ,DSN      ,7/5/2022,5:08:33 AM,27.0636,55.4549,10,,DSN      ,ML    ,3.1
625794052,se  ,ISC      ,7/5/2022,7:12:20 AM,26.7839,55.3464,6.3,,TEH      ,ML    ,2.8
624511963,se  ,ISC      ,7/5/2022,10:30:41 AM,26.8426,55.3021,17.4,,ISC      ,mb    ,4.1
625794053,se  ,DSN      ,7/5/2022,10:47:13 AM,26.9654,55.6223,10,,DSN      ,ML    ,2.6
624573412,se  ,ISC      ,7/5/2022,11:19:34 AM,26.8479,55.427,12,TRUE,ISC      ,mb    ,3.6
625794054,se  ,ISC      ,7/5/2022,1:58:06 PM,26.8339,55.4421,12,TRUE,DSN      ,ML    ,3.1
625794055,se  ,ISC      ,7/5/2022,4:49:15 PM,26.8812,55.4098,8.4,,DSN      ,ML    ,3.2
625794056,se  ,OMAN     ,7/5/2022,5:35:53 PM,26.9415,55.1317,10,TRUE,OMAN     ,ml    ,2.5
625794057,se  ,DSN      ,7/5/2022,8:42:45 PM,26.8527,55.3436,10,,DSN      ,ML    ,2.9
625794058,se  ,DSN      ,7/5/2022,9:03:35 PM,26.93,55.4036,10,,DSN      ,ML    ,3
625794059,se  ,DSN      ,7/5/2022,10:32:56 PM,26.9336,55.5376,10,,DSN      ,ML    ,2.6
625794060,se  ,ISC      ,7/5/2022,10:44:04 PM,26.7844,55.3334,12.1,,DSN      ,ML    ,2.9
635725050,se  ,TEH      ,7/5/2022,11:35:22 PM,28.566,56.366,10,,TEH      ,ML    ,2.9
625794061,se  ,DSN      ,7/5/2022,11:43:46 PM,26.957,55.9261,10,,DSN      ,ML    ,2.8
624581017,se  ,ISC      ,7/6/2022,2:21:00 AM,26.8393,55.3377,10,TRUE,ISC      ,mb    ,3.4
624581021,se  ,ISC      ,7/6/2022,3:05:20 AM,26.8193,55.1925,16.5,,ISC      ,mb    ,4
625794071,se  ,ISC      ,7/6/2022,5:25:14 AM,26.7929,55.1318,17.2,,OMAN     ,ml    ,3
625794072,se  ,DSN      ,7/6/2022,5:49:35 AM,26.9138,55.5253,10,,DSN      ,ML    ,3
625794073,se  ,DSN      ,7/6/2022,7:11:46 AM,26.8387,55.3602,10,,DSN      ,ML    ,2.8
625794074,se  ,OMAN     ,7/6/2022,7:37:11 AM,26.6366,55.3459,10,TRUE,OMAN     ,ml    ,2.7
625794075,se  ,ISC      ,7/6/2022,8:01:39 AM,26.5613,54.2723,10,TRUE,OMAN     ,mb    ,3.5
635725071,se  ,TEH      ,7/6/2022,9:49:57 AM,28.328,55.742,18,,TEH      ,ML    ,3.2
635725072,se  ,TEH      ,7/6/2022,11:45:16 AM,28.3,55.698,10,,TEH      ,ML    ,2.8
625794076,se  ,ISC      ,7/6/2022,1:21:07 PM,26.8909,55.4879,11.3,,OMAN     ,ml    ,3.1
625794077,se  ,ISC      ,7/6/2022,4:21:53 PM,26.7157,55.2888,16.8,,ISC      ,mb    ,3.4
625794078,se  ,ISC      ,7/6/2022,6:31:01 PM,26.7586,55.3206,14,,TEH      ,ML    ,3.6
625794079,se  ,DSN      ,7/6/2022,7:45:30 PM,27.0316,55.5425,10,,DSN      ,ML    ,2.9
625794080,se  ,ISC      ,7/6/2022,8:45:35 PM,26.7494,55.2744,4.5,,OMAN     ,ml    ,3
624581084,se  ,ISC      ,7/6/2022,9:34:18 PM,26.7247,55.296,15.9,,TEH      ,ML    ,3.6
641566259,ke  ,IDC      ,7/6/2022,9:34:47 PM,26.9633,55.2041,102.2,,IDC      ,mb    ,3.2
625794081,se  ,ISC      ,7/6/2022,10:51:00 PM,26.9031,55.4018,12.7,,OMAN     ,ml    ,2.6
625794082,se  ,ISC      ,7/6/2022,10:54:11 PM,26.7263,55.245,10,TRUE,OMAN     ,ml    ,2.4
625826624,se  ,OMAN     ,7/7/2022,12:08:57 AM,27.1484,55.2423,10,TRUE,OMAN     ,ml    ,2.1
625794092,se  ,ISC      ,7/7/2022,12:46:19 AM,26.84,55.2847,11.6,,OMAN     ,ml    ,3.1
625794093,se  ,OMAN     ,7/7/2022,8:02:48 AM,26.6847,55.2101,2.7,,OMAN     ,ml    ,2.8
625794094,se  ,OMAN     ,7/7/2022,8:37:50 AM,27.0309,55.2933,15.7,,OMAN     ,ml    ,2.8
625794095,se  ,DSN      ,7/7/2022,9:21:24 AM,26.9508,55.4665,10,,DSN      ,ML    ,2.8
625794096,se  ,DSN      ,7/7/2022,10:57:27 AM,26.9629,55.4865,10,,DSN      ,ML    ,3.3
625794097,se  ,ISC      ,7/7/2022,1:24:14 PM,27.0939,55.2502,13.6,,OMAN     ,ml    ,3.3
625794098,se  ,DSN      ,7/7/2022,1:42:40 PM,26.8657,55.4626,10,,DSN      ,ML    ,3.1
625794099,se  ,OMAN     ,7/7/2022,2:53:07 PM,26.8052,55.2753,10,TRUE,OMAN     ,ml    ,2.9
625794100,se  ,ISC      ,7/7/2022,3:26:57 PM,26.8544,55.402,11.7,,TEH      ,ML    ,3.6
625794101,se  ,DSN      ,7/7/2022,4:08:35 PM,27.1794,55.8157,10,,DSN      ,ML    ,3
624581823,se  ,ISC      ,7/7/2022,7:08:15 PM,26.709,55.2566,10,TRUE,ISC      ,mb    ,3.8
625794105,se  ,ISC      ,7/8/2022,1:36:02 AM,27.6283,56.2258,15,TRUE,TEH      ,ML    ,2.8
625794106,se  ,DSN      ,7/8/2022,3:48:25 AM,26.839,55.3861,10,,DSN      ,ML    ,2.6
625794107,se  ,OMAN     ,7/8/2022,4:35:32 AM,26.6311,55.2224,10,TRUE,OMAN     ,ml    ,2.3
625826625,se  ,OMAN     ,7/8/2022,5:13:11 AM,26.9547,55.3914,10,TRUE,OMAN     ,ml    ,2.2
625794108,se  ,ISC      ,7/8/2022,6:18:01 AM,26.7549,55.2816,4,,DSN      ,ML    ,3.6
625794109,se  ,DSN      ,7/8/2022,10:20:17 AM,27.0374,55.7036,11,,DSN      ,ML    ,2.7
625794110,se  ,DSN      ,7/8/2022,10:49:25 AM,27.087,55.6082,10,,DSN      ,ML    ,3.1
625794111,se  ,ISC      ,7/8/2022,11:37:32 AM,28.3401,57.048,31,TRUE,TEH      ,ML    ,3.5
625794112,se  ,ISC      ,7/8/2022,1:08:02 PM,26.8158,55.3937,12,TRUE,TEH      ,ML    ,2.8
625826626,se  ,OMAN     ,7/8/2022,7:55:03 PM,26.5152,55.256,10,TRUE,OMAN     ,ml    ,2
624585224,se  ,ISC      ,7/8/2022,8:28:14 PM,26.5802,54.323,10,TRUE,ISC      ,mb    ,4.2
625794118,se  ,OMAN     ,7/9/2022,2:21:34 AM,26.767,55.3245,10,TRUE,OMAN     ,ml    ,2.5
625794119,se  ,OMAN     ,7/9/2022,5:43:50 AM,26.9072,55.3003,10,TRUE,OMAN     ,ml    ,1.9
625794120,se  ,DSN      ,7/9/2022,8:08:14 AM,26.8547,55.4465,10,,DSN      ,ML    ,2.7
625794121,se  ,DSN      ,7/9/2022,8:26:11 AM,26.9577,55.4663,10,,DSN      ,ML    ,2.4
625794122,se  ,OMAN     ,7/9/2022,9:21:22 AM,26.8809,55.3194,10,TRUE,OMAN     ,ml    ,2.3
625794123,se  ,DSN      ,7/9/2022,9:41:24 AM,26.9787,55.5723,10,,DSN      ,ML    ,2.8
625794124,se  ,DSN      ,7/9/2022,11:56:56 AM,26.858,55.317,10,,DSN      ,ML    ,2.6
625794125,se  ,ISC      ,7/9/2022,3:12:14 PM,26.6879,55.2741,8.9,,OMAN     ,ml    ,3.2
625794126,se  ,OMAN     ,7/9/2022,5:21:29 PM,26.8289,55.3192,10,TRUE,OMAN     ,ml    ,3.1
625794127,se  ,DSN      ,7/9/2022,6:29:44 PM,26.9958,55.5596,10,,DSN      ,ML    ,2.6
625794128,se  ,ISC      ,7/9/2022,6:37:14 PM,26.7771,55.3529,5.8,,TEH      ,ML    ,2.9
624585339,se  ,ISC      ,7/9/2022,6:42:57 PM,26.7766,55.3779,10,TRUE,ISC      ,mb    ,3.4
625794129,se  ,DSN      ,7/9/2022,11:17:16 PM,26.9953,55.5683,10,,DSN      ,ML    ,2.3
625826628,se  ,OMAN     ,7/10/2022,12:42:14 AM,26.6539,55.2285,10,TRUE,OMAN     ,ml    ,2
625794130,se  ,DSN      ,7/10/2022,12:56:28 AM,27.1171,55.848,10,,DSN      ,ML    ,2.6
625826629,se  ,OMAN     ,7/10/2022,2:03:24 AM,26.9033,55.4328,10,TRUE,OMAN     ,ml    ,1.9
625794131,se  ,ISC      ,7/10/2022,3:30:02 AM,26.9189,55.3977,10.7,,TEH      ,ML    ,2.7
625794132,se  ,DSN      ,7/10/2022,5:03:50 AM,26.9652,55.4436,10,,DSN      ,ML    ,2.7
625794133,se  ,ISC      ,7/10/2022,7:00:15 AM,26.7868,55.3037,7.5,,OMAN     ,ml    ,3.5
624588842,se  ,ISC      ,7/10/2022,10:58:42 AM,26.7999,55.2603,16.2,,ISC      ,mb    ,3.4
625794134,se  ,DSN      ,7/10/2022,3:57:21 PM,27.0887,55.584,10,,DSN      ,ML    ,2.8
625826630,se  ,OMAN     ,7/11/2022,7:49:21 AM,26.328,54.422,10,TRUE,OMAN     ,ml    ,2.4
625794136,se  ,OMAN     ,7/11/2022,12:23:43 PM,27.1895,56.0195,10,TRUE,OMAN     ,ml    ,2.9
625794137,se  ,OMAN     ,7/11/2022,2:34:45 PM,27.1703,56.4624,10,TRUE,OMAN     ,ml    ,2.9
624559274,se  ,ISC      ,7/11/2022,5:16:51 PM,26.6168,54.3159,15.4,,ISC      ,mb    ,4.4
624559277,se  ,ISC      ,7/11/2022,5:32:22 PM,26.5754,54.2954,11.7,,ISC      ,mb    ,4.2
635725159,se  ,TEH      ,7/11/2022,5:43:34 PM,26.571,55.307,10,,TEH      ,ML    ,2.9
624591107,se  ,ISC      ,7/11/2022,6:31:16 PM,26.6165,54.3944,15,,ISC      ,mb    ,3.5
625794140,se  ,DSN      ,7/12/2022,1:16:24 AM,26.8957,54.1212,10,,DSN      ,ML    ,3.1
625826632,se  ,OMAN     ,7/12/2022,1:25:15 AM,26.928,55.3654,10,TRUE,OMAN     ,ml    ,2.6
625794141,se  ,ISC      ,7/12/2022,2:09:01 AM,27.4604,55.2602,10,,OMAN     ,ml    ,3.3
635725170,se  ,TEH      ,7/12/2022,6:15:01 AM,26.643,54.41,9.5,,TEH      ,ML    ,2.9
625794142,se  ,DSN      ,7/12/2022,9:07:52 AM,27.0152,55.5712,10,,DSN      ,ML    ,2.8
625794143,se  ,DSN      ,7/12/2022,7:29:26 PM,26.9686,55.3831,10,,DSN      ,ML    ,2.6
625794144,se  ,OMAN     ,7/12/2022,9:40:30 PM,26.4848,55.2215,10,TRUE,OMAN     ,ml    ,2.7
625794145,se  ,ISC      ,7/12/2022,11:57:08 PM,26.7325,55.2301,11.2,,TEH      ,ML    ,3.7
624601894,se  ,ISC      ,7/13/2022,2:38:07 AM,26.7374,55.2848,16.9,,ISC      ,mb    ,3.8
625794148,se  ,DSN      ,7/13/2022,6:33:24 AM,27.0905,56.1498,10,,DSN      ,ML    ,2.9
625794149,se  ,DSN      ,7/13/2022,6:46:52 AM,26.8248,55.5096,10,,DSN      ,ML    ,3.1
625794150,se  ,DSN      ,7/13/2022,10:20:16 AM,26.9189,55.3814,10,,DSN      ,ML    ,2.9
625794151,se  ,DSN      ,7/13/2022,10:25:58 AM,26.7113,54.2128,10,,DSN      ,ML    ,3.1
625794152,se  ,DSN      ,7/13/2022,10:38:14 AM,27.0499,55.5048,10,,DSN      ,ML    ,3
635725190,se  ,TEH      ,7/13/2022,12:26:50 PM,28.186,56.974,20.5,,TEH      ,ML    ,2.8
624562432,se  ,ISC      ,7/14/2022,12:33:16 AM,27.6371,56.0076,15.2,,ISC      ,mb    ,4.2
625794153,se  ,ISC      ,7/14/2022,2:40:33 AM,26.9966,55.3454,4.7,,DSN      ,ML    ,2.9
624604055,se  ,ISC      ,7/14/2022,9:41:56 AM,26.6418,54.3568,13,,ISC      ,mb    ,3.9
625794154,se  ,ISC      ,7/14/2022,9:47:21 AM,26.6454,54.4049,10,TRUE,TEH      ,ML    ,2.9
625826634,se  ,ISC      ,7/14/2022,10:41:26 AM,26.6206,54.3501,3.5,,TEH      ,ML    ,2.9
625794155,se  ,DSN      ,7/14/2022,10:57:25 AM,26.859,55.4673,10,,DSN      ,ML    ,2.9
625794156,se  ,OMAN     ,7/14/2022,2:24:59 PM,26.8272,55.3762,10,TRUE,OMAN     ,ml    ,2.6
625794157,se  ,DSN      ,7/14/2022,2:47:16 PM,27.0443,55.6745,10,,DSN      ,ML    ,2.8
625794158,se  ,OMAN     ,7/14/2022,5:16:55 PM,27.0088,55.8375,10,TRUE,OMAN     ,ml    ,2.4
635725217,se  ,TEH      ,7/15/2022,12:42:52 AM,26.659,55.346,13.6,,TEH      ,ML    ,2.8
624604090,se  ,ISC      ,7/15/2022,12:59:02 AM,26.7983,55.3271,32,,ISC      ,mb    ,3.6
625794161,se  ,DSN      ,7/15/2022,1:38:46 AM,26.7893,55.2591,10,,DSN      ,ML    ,2.5
625794162,se  ,ISC      ,7/15/2022,1:51:11 AM,26.808,55.3527,10.6,,DSN      ,ML    ,3
625794163,se  ,DSN      ,7/15/2022,2:00:19 AM,25.956,56.0614,0,,DSN      ,ML    ,1.4
625794164,se  ,DSN      ,7/15/2022,2:36:02 AM,27.1261,55.6641,10,,DSN      ,ML    ,2.7
635725219,se  ,TEH      ,7/15/2022,10:32:30 AM,26.656,54.39,10,,TEH      ,ML    ,2.9
625794165,se  ,DSN      ,7/15/2022,9:15:50 PM,27.0854,55.5842,10,,DSN      ,ML    ,3
625794169,se  ,OMAN     ,7/16/2022,6:32:09 AM,28.4471,57.588,10,TRUE,OMAN     ,ml    ,2.9
625826636,se  ,ISC      ,7/16/2022,6:54:48 AM,26.5838,54.3139,10,TRUE,TEH      ,ML    ,2.8
625794170,se  ,DSN      ,7/16/2022,10:49:41 AM,27.0241,55.6153,10,,DSN      ,ML    ,2.8
625826637,se  ,OMAN     ,7/16/2022,2:23:12 PM,26.6444,54.3277,10,TRUE,OMAN     ,ml    ,2.8
624575123,se  ,ISC      ,7/16/2022,7:27:20 PM,26.5722,54.2613,14,,ISC      ,mb    ,3.8
635725241,se  ,TEH      ,7/16/2022,8:03:46 PM,28.527,57.349,25.7,,TEH      ,ML    ,2.8
625794171,se  ,DSN      ,7/17/2022,9:10:28 AM,26.8076,55.4604,10,,DSN      ,ML    ,3.2
625794172,se  ,ISC      ,7/17/2022,7:57:52 PM,26.8961,55.5411,11.3,,OMAN     ,ml    ,3
625794173,se  ,OMAN     ,7/17/2022,9:23:33 PM,26.6872,55.672,27.4,,OMAN     ,ml    ,2.4
625794174,se  ,ISC      ,7/17/2022,11:57:42 PM,26.7947,55.3413,5.9,,OMAN     ,ml    ,3.4
625794178,se  ,ISC      ,7/18/2022,3:52:51 AM,26.9182,55.4835,16.3,,DSN      ,ML    ,3.5
625794179,se  ,DSN      ,7/18/2022,8:41:24 AM,26.9016,55.408,10,,DSN      ,ML    ,2.7
625794180,se  ,DSN      ,7/18/2022,9:05:26 AM,26.9547,55.5071,10,,DSN      ,ML    ,2.5
625794181,se  ,DSN      ,7/18/2022,9:40:40 AM,26.954,55.3519,10,,DSN      ,ML    ,3.1
625794182,se  ,DSN      ,7/18/2022,2:22:30 PM,26.9979,55.4369,10,,DSN      ,ML    ,3.1
625794183,se  ,DSN      ,7/18/2022,7:11:32 PM,27.601,55.7164,10,,DSN      ,ML    ,2.9
625794186,se  ,DSN      ,7/19/2022,12:31:17 AM,27.0645,55.7694,10,,DSN      ,ML    ,2.9
625826640,se  ,OMAN     ,7/19/2022,9:19:32 AM,25.963,57.3455,10,TRUE,OMAN     ,ml    ,2.1
624622701,se  ,ISC      ,7/19/2022,3:27:12 PM,26.7544,55.266,10,TRUE,ISC      ,mb    ,3.5
624585384,se  ,ISC      ,7/19/2022,6:18:27 PM,26.7121,55.2777,10.2,,ISC      ,mb    ,3.6
625794190,se  ,DSN      ,7/20/2022,1:13:31 AM,26.9714,55.5224,10,,DSN      ,ML    ,2.4
625794191,se  ,DSN      ,7/20/2022,2:23:30 AM,26.9808,55.4846,10,,DSN      ,ML    ,2.5
625794192,se  ,ISC      ,7/20/2022,3:53:24 AM,26.7865,55.2993,13.9,,TEH      ,ML    ,2.6
625794193,se  ,DSN      ,7/20/2022,5:04:55 AM,26.9706,55.4949,10,,DSN      ,ML    ,2.6
625794194,se  ,DSN      ,7/20/2022,8:27:01 PM,26.8681,55.3825,10,,DSN      ,ML    ,3.2
625794195,se  ,DSN      ,7/20/2022,8:48:05 PM,27.0166,55.5629,10,,DSN      ,ML    ,2.5
625794196,se  ,DSN      ,7/20/2022,9:20:00 PM,27.0597,55.6829,10,,DSN      ,ML    ,2.6
625794197,se  ,DSN      ,7/20/2022,10:13:09 PM,27.0094,55.5653,10,,DSN      ,ML    ,2.8
625794199,se  ,DSN      ,7/21/2022,2:29:39 AM,26.9412,55.4203,10,,DSN      ,ML    ,3.2
625794200,se  ,DSN      ,7/21/2022,2:43:01 AM,27.0272,55.4861,10,,DSN      ,ML    ,3.1
625794201,se  ,ISC      ,7/21/2022,3:07:38 AM,26.7796,55.3107,12.3,,DSN      ,ML    ,3.1
625794202,se  ,ISC      ,7/21/2022,7:09:32 AM,26.7887,55.3714,12,TRUE,DSN      ,ML    ,3.3
625794203,se  ,DSN      ,7/21/2022,2:58:51 PM,26.8715,55.227,10,,DSN      ,ML    ,2.7
625794204,se  ,OMAN     ,7/21/2022,3:13:34 PM,26.8947,55.4085,16.4,,OMAN     ,ml    ,2.5
625794205,se  ,DSN      ,7/21/2022,7:39:05 PM,26.3063,54.2461,10,,DSN      ,ML    ,3
635725343,se  ,TEH      ,7/21/2022,8:19:07 PM,26.747,54.305,5,,TEH      ,ML    ,2.8
625794206,se  ,ISC      ,7/21/2022,8:53:28 PM,26.536,54.3074,10,TRUE,DSN      ,ML    ,3.4
635725344,se  ,TEH      ,7/21/2022,9:45:35 PM,26.732,54.327,5,,TEH      ,ML    ,2.9
625826642,se  ,ISC      ,7/21/2022,9:50:09 PM,26.6112,54.293,10,TRUE,TEH      ,ML    ,2.8
625794210,se  ,DSN      ,7/22/2022,12:35:20 AM,25.9979,57.4092,15.2,,DSN      ,ML    ,2.4
635725367,se  ,TEH      ,7/22/2022,5:57:21 AM,26.763,54.407,9.3,,TEH      ,ML    ,3.4
624637613,se  ,ISC      ,7/22/2022,3:20:58 PM,26.6273,54.2777,17.2,,ISC      ,mb    ,3.6
625826643,se  ,OMAN     ,7/22/2022,10:53:31 PM,26.8591,55.4545,5.9,,OMAN     ,ml    ,2.5
625826644,se  ,OMAN     ,7/23/2022,9:00:08 AM,26.0829,57.7362,10,TRUE,OMAN     ,ml    ,2.5
635725390,se  ,TEH      ,7/23/2022,11:56:52 AM,27.831,56.723,6,,TEH      ,ML    ,3.2
635725391,se  ,TEH      ,7/23/2022,1:04:13 PM,28.452,54.307,10,,TEH      ,ML    ,2.7
635725393,se  ,TEH      ,7/23/2022,2:47:43 PM,28.441,54.358,10,,TEH      ,ML    ,2.6
624586530,ke  ,ISC      ,7/23/2022,4:07:48 PM,26.8382,55.3111,15,,ISC      ,mb    ,5.4
624586532,se  ,ISC      ,7/23/2022,4:09:08 PM,26.8604,55.4296,16.4,,ISC      ,mb    ,5.6
625794215,se  ,DSN      ,7/23/2022,4:13:47 PM,26.955,55.5671,10,,DSN      ,ML    ,4.4
625794216,se  ,ISC      ,7/23/2022,4:19:27 PM,26.945,55.3397,7.4,,OMAN     ,ml    ,3
625794217,se  ,DSN      ,7/23/2022,4:25:40 PM,26.9105,55.4156,10,,DSN      ,ML    ,3.3
624648763,se  ,ISC      ,7/23/2022,4:29:09 PM,26.8213,55.3259,10,TRUE,ISC      ,mb    ,3.7
624648764,se  ,ISC      ,7/23/2022,4:33:16 PM,26.7545,55.3337,10,TRUE,ISC      ,mb    ,3.7
625794218,se  ,DSN      ,7/23/2022,4:51:59 PM,26.985,55.4393,10,,DSN      ,ML    ,3.1
625794219,se  ,DSN      ,7/23/2022,5:02:53 PM,26.7883,55.2928,10,,DSN      ,ML    ,2.7
625794220,se  ,OMAN     ,7/23/2022,5:22:41 PM,26.8945,55.3201,3.3,,OMAN     ,ml    ,3
625826645,se  ,ISC      ,7/23/2022,5:39:38 PM,26.8773,55.2838,6.7,,OMAN     ,ml    ,2.4
625794221,se  ,OMAN     ,7/23/2022,5:40:29 PM,26.8201,55.4034,10,TRUE,OMAN     ,ml    ,2.7
624648766,se  ,ISC      ,7/23/2022,5:54:44 PM,26.8627,55.3851,18.1,,ISC      ,mb    ,3.7
625794222,se  ,ISC      ,7/23/2022,5:59:53 PM,27.0208,55.3871,12.8,,OMAN     ,ml    ,2.7
624648767,se  ,ISC      ,7/23/2022,6:09:03 PM,26.7377,55.2451,10,TRUE,ISC      ,mb    ,3.6
625794223,se  ,OMAN     ,7/23/2022,6:19:36 PM,25.6406,55.9231,15.5,,OMAN     ,ml    ,2.4
625794224,se  ,ISC      ,7/23/2022,7:43:28 PM,26.8241,55.3402,8.8,,TEH      ,ML    ,2.9
625794225,se  ,DSN      ,7/23/2022,7:47:19 PM,26.8004,55.3815,10,,DSN      ,ML    ,2.7
625794226,se  ,OMAN     ,7/23/2022,7:50:26 PM,26.9502,55.4564,10,TRUE,OMAN     ,ml    ,2.5
624648773,se  ,ISC      ,7/23/2022,8:46:14 PM,28.4454,54.2953,10,TRUE,ISC      ,mb    ,3.9
625794227,se  ,ISC      ,7/23/2022,9:05:28 PM,27.0655,55.4137,28.9,,OMAN     ,ml    ,3.2
635725395,se  ,TEH      ,7/23/2022,11:37:39 PM,28.413,54.314,10,,TEH      ,ML    ,2.9
625794232,se  ,ISC      ,7/24/2022,12:33:36 AM,26.8635,55.2621,5,,OMAN     ,ml    ,2.5
625794233,se  ,DSN      ,7/24/2022,2:42:54 AM,26.8498,55.3273,10,,DSN      ,ML    ,3
625794234,se  ,DSN      ,7/24/2022,5:40:10 AM,26.9006,55.4614,10,,DSN      ,ML    ,2.7
625794235,se  ,ISC      ,7/24/2022,5:59:47 AM,26.9165,55.5277,12,TRUE,DSN      ,ML    ,3.4
625794236,se  ,DSN      ,7/24/2022,6:35:39 AM,26.8503,55.3682,10,,DSN      ,ML    ,2.9
625794237,se  ,ISC      ,7/24/2022,8:17:59 AM,26.9528,55.4803,7.3,,OMAN     ,ml    ,3
624588969,se  ,ISC      ,7/24/2022,8:51:13 AM,26.901,55.292,14.1,,ISC      ,mb    ,4
624651570,se  ,ISC      ,7/24/2022,9:30:55 AM,26.8497,55.3485,16.7,,ISC      ,mb    ,3.6
625794238,se  ,ISC      ,7/24/2022,9:50:56 AM,26.8512,55.2432,14.9,,OMAN     ,ml    ,3.1
625794239,se  ,DSN      ,7/24/2022,11:27:28 AM,27.0088,55.6597,10,,DSN      ,ML    ,2.8
625794240,se  ,ISC      ,7/24/2022,1:46:42 PM,26.8376,55.3365,11.4,,DSN      ,ML    ,3.4
625794241,se  ,ISC      ,7/24/2022,2:02:39 PM,26.8155,55.3732,12,TRUE,DSN      ,ML    ,3
625794242,se  ,ISC      ,7/24/2022,3:30:25 PM,26.8535,55.3787,12,TRUE,TEH      ,ML    ,2.9
625794244,se  ,ISC      ,7/24/2022,5:05:23 PM,26.791,55.2974,5.2,,DSN      ,ML    ,3.6
625794245,se  ,ISC      ,7/24/2022,6:42:48 PM,26.7866,55.2578,9.6,,TEH      ,ML    ,2.9
625794246,se  ,OMAN     ,7/24/2022,10:21:41 PM,26.7386,55.2532,3.8,,OMAN     ,ml    ,2.4
625826649,se  ,ISC      ,7/24/2022,10:32:52 PM,26.5729,54.3145,10,TRUE,TEH      ,ML    ,2.8
625794247,se  ,ISC      ,7/24/2022,10:41:54 PM,26.8292,55.3359,5.4,,OMAN     ,ml    ,2.9
625794248,se  ,ISC      ,7/24/2022,11:20:31 PM,26.7373,55.2571,6.3,,TEH      ,ML    ,3.5
625794249,se  ,ISC      ,7/24/2022,11:29:01 PM,26.8399,55.3689,12,TRUE,TEH      ,ML    ,2.9
625794252,se  ,ISC      ,7/25/2022,1:15:49 AM,26.775,55.2802,10.3,,OMAN     ,ml    ,2.9
624654250,se  ,ISC      ,7/25/2022,1:37:23 AM,26.7888,55.3603,13.7,,ISC      ,mb    ,3.5
625794253,se  ,ISC      ,7/25/2022,2:09:49 AM,26.8072,55.3545,12,TRUE,TEH      ,ML    ,2.6
625794254,se  ,DSN      ,7/25/2022,3:08:43 AM,26.9284,55.4928,10,,DSN      ,ML    ,2.8
625794255,se  ,DSN      ,7/25/2022,5:02:17 AM,27.0234,55.6147,10,,DSN      ,ML    ,3.1
625794256,se  ,ISC      ,7/25/2022,5:50:19 AM,26.7481,55.3989,3.5,,TEH      ,ML    ,2.8
624588982,se  ,ISC      ,7/25/2022,1:39:36 PM,28.1244,55.3373,22,TRUE,ISC      ,mb    ,4.6
624588985,se  ,ISC      ,7/25/2022,3:55:15 PM,26.8272,55.2974,9.9,,ISC      ,mb    ,4.8
625826650,se  ,OMAN     ,7/25/2022,8:13:03 PM,26.8737,55.3536,10,TRUE,OMAN     ,ml    ,2.4
625794257,se  ,ISC      ,7/25/2022,9:01:59 PM,28.4661,56.3035,10,TRUE,TEH      ,ML    ,3.4
625826651,se  ,OMAN     ,7/26/2022,12:36:33 AM,26.5915,55.1265,1.1,,OMAN     ,ml    ,2.5
625794260,se  ,DSN      ,7/26/2022,12:42:22 AM,27.0379,55.5997,10,,DSN      ,ML    ,3.1
625794261,se  ,DSN      ,7/26/2022,4:31:30 AM,27.0512,55.6897,10,,DSN      ,ML    ,3.1
625794262,se  ,DSN      ,7/26/2022,6:31:21 AM,26.9192,55.5312,10,,DSN      ,ML    ,2.9
625794263,se  ,ISC      ,7/26/2022,9:02:03 AM,26.8078,55.4419,10,TRUE,DSN      ,ML    ,3.5
625794264,se  ,OMAN     ,7/26/2022,7:24:03 PM,26.7307,55.2051,10,TRUE,OMAN     ,ml    ,2.6
624673103,se  ,ISC      ,7/27/2022,1:15:53 PM,26.7633,55.2784,10,TRUE,ISC      ,mb    ,3.8
625794266,se  ,OMAN     ,7/27/2022,9:23:50 PM,26.7389,55.1801,10,TRUE,OMAN     ,ml    ,3
624673132,se  ,ISC      ,7/27/2022,9:26:47 PM,26.8117,55.2461,16.5,,ISC      ,mb    ,3.6
625794267,se  ,DSN      ,7/27/2022,11:47:42 PM,26.8985,55.5265,10,,DSN      ,ML    ,2.6
635725488,se  ,TEH      ,7/28/2022,2:53:25 AM,28.15,54.376,10,,TEH      ,ML    ,2.9
625794278,se  ,DSN      ,7/29/2022,1:41:59 AM,25.9433,56.0458,0,,DSN      ,ML    ,1.5
625794279,se  ,DSN      ,7/29/2022,11:44:07 AM,26.9052,55.4218,10,,DSN      ,ML    ,2.8
625794280,se  ,DSN      ,7/29/2022,1:10:44 PM,26.9099,55.5058,10,,DSN      ,ML    ,3
625794281,se  ,DSN      ,7/29/2022,8:20:28 PM,27.1122,55.7533,10,,DSN      ,ML    ,2.7
624709270,se  ,ISC      ,7/30/2022,4:45:13 AM,26.9404,54.6563,18,TRUE,ISC      ,mb    ,3.7
625794284,se  ,ISC      ,7/30/2022,6:51:46 PM,26.6414,54.2289,14,,OMAN     ,ml    ,2.7
625794290,se  ,OMAN     ,7/31/2022,2:07:31 AM,26.7208,55.2796,10,TRUE,OMAN     ,ml    ,2.5
624710259,se  ,ISC      ,7/31/2022,5:23:14 AM,26.9627,55.3555,13.5,,ISC      ,mb    ,3.6
624710271,se  ,ISC      ,7/31/2022,11:44:19 AM,26.9575,55.3374,16.8,,ISC      ,mb    ,3.9
625794291,se  ,DSN      ,7/31/2022,12:29:02 PM,26.8625,55.372,10,,DSN      ,ML    ,2.8
624710294,se  ,ISC      ,7/31/2022,4:27:17 PM,27.3567,54.3765,13.1,,ISC      ,mb    ,3.3
624710295,se  ,ISC      ,7/31/2022,4:37:27 PM,27.3611,54.3858,25,TRUE,TEH      ,ML    ,2.9
625794294,se  ,DSN      ,8/1/2022,1:59:44 AM,27.0251,55.5639,10,,DSN      ,ML    ,2.3
625794295,se  ,ISC      ,8/1/2022,6:06:37 AM,26.8674,55.3985,9.1,,DSN      ,ML    ,3.4
625794296,se  ,DSN      ,8/1/2022,10:50:57 AM,27.0226,55.5563,10,,DSN      ,ML    ,2.8
625826656,se  ,OMAN     ,8/1/2022,11:34:35 AM,26.6146,54.2554,10,TRUE,OMAN     ,ml    ,3
624710837,se  ,ISC      ,8/1/2022,1:01:19 PM,26.8147,55.3005,10,TRUE,ISC      ,mb    ,3.5
625794297,se  ,ISC      ,8/1/2022,2:35:45 PM,26.7586,55.339,7.5,,DSN      ,ML    ,3.6
625794298,se  ,DSN      ,8/1/2022,4:34:31 PM,26.8092,55.7136,10,,DSN      ,ML    ,3
625826657,se  ,OMAN     ,8/1/2022,8:12:00 PM,26.8463,55.4914,15.2,,OMAN     ,ml    ,2.2
625794302,se  ,DSN      ,8/2/2022,6:33:52 AM,26.2942,56.3779,0,,DSN      ,ML    ,2.2
625794303,se  ,DSN      ,8/2/2022,8:44:27 AM,27.3396,55.7007,10,,DSN      ,ML    ,2.9
625794304,se  ,ISC      ,8/2/2022,8:49:47 PM,27.6314,56.198,15,TRUE,DSN      ,ML    ,3.3
624717631,se  ,ISC      ,8/2/2022,10:16:21 PM,27.5972,56.201,15,TRUE,ISC      ,mb    ,3.6
635725620,se  ,TEH      ,8/2/2022,10:30:06 PM,26.484,54.502,10,,TEH      ,ML    ,2.8
625794307,se  ,DSN      ,8/3/2022,3:23:10 AM,26.7877,55.2362,10,,DSN      ,ML    ,2.6
625794308,se  ,DSN      ,8/3/2022,5:45:49 PM,27.046,55.3183,10,,DSN      ,ML    ,3.1
624623683,se  ,ISC      ,8/4/2022,4:09:27 AM,26.7022,55.2925,12.1,,ISC      ,mb    ,3.9
625794312,se  ,DSN      ,8/4/2022,5:03:25 AM,26.8445,55.3968,10,,DSN      ,ML    ,3.4
624725410,se  ,ISC      ,8/4/2022,5:05:00 PM,28.0521,55.2304,26,TRUE,ISC      ,mb    ,3.6
625794313,se  ,DSN      ,8/4/2022,6:40:27 PM,27.4254,55.4806,10,,DSN      ,ML    ,2.9
625794319,se  ,DSN      ,8/5/2022,12:51:16 AM,26.9014,55.5269,10,,DSN      ,ML    ,2.8
625794320,se  ,OMAN     ,8/5/2022,1:01:01 AM,26.631,55.1789,7,,OMAN     ,ml    ,2.2
625794321,se  ,DSN      ,8/5/2022,8:25:55 AM,25.3171,55.7763,0,,DSN      ,ML    ,1.9
625794322,se  ,ISC      ,8/6/2022,3:31:03 AM,26.5915,54.3563,7.2,,DSN      ,ML    ,3.2
625794323,se  ,ISC      ,8/6/2022,6:11:46 PM,26.8684,55.3722,13.2,,DSN      ,ML    ,3.3
625794325,se  ,ISC      ,8/7/2022,3:42:53 PM,26.8519,55.3608,4.9,,DSN      ,ML    ,3.1
625794329,se  ,DSN      ,8/8/2022,9:14:44 AM,27.0564,55.6396,10,,DSN      ,ML    ,2.7
625794330,se  ,OMAN     ,8/8/2022,3:26:23 PM,26.6595,55.4101,10,TRUE,OMAN     ,ml    ,2.8
625794336,se  ,DSN      ,8/9/2022,12:30:04 PM,26.9017,55.3832,10,,DSN      ,ML    ,2.9
624730543,se  ,ISC      ,8/10/2022,11:58:19 AM,27.6707,56.2358,15,TRUE,ISC      ,mb    ,3.7
635725938,se  ,TEH      ,8/10/2022,2:01:55 PM,27.758,56.99,10,,TEH      ,ML    ,2.6
625794343,se  ,DSN      ,8/10/2022,8:16:25 PM,26.8805,55.4929,12.3,,DSN      ,ML    ,2.9
624732018,se  ,ISC      ,8/12/2022,10:23:40 AM,26.9172,55.3491,14.2,,ISC      ,mb    ,3.7
625794351,se  ,OMAN     ,8/13/2022,5:14:47 PM,27.0149,55.5219,7.3,,OMAN     ,ml    ,2.2
625794352,se  ,OMAN     ,8/14/2022,4:23:39 AM,26.7601,55.2401,10,TRUE,OMAN     ,ml    ,2.8
625794353,se  ,DSN      ,8/14/2022,8:20:11 AM,27.0465,55.6868,10,,DSN      ,ML    ,3.1
625794354,se  ,DSN      ,8/14/2022,8:46:57 AM,26.978,55.528,10,,DSN      ,ML    ,2.9
625794355,se  ,DSN      ,8/14/2022,12:47:21 PM,26.9521,55.4407,10,,DSN      ,ML    ,2.9
625794356,se  ,DSN      ,8/14/2022,3:04:42 PM,27.5849,55.8873,39,,DSN      ,ML    ,2.6
624739119,se  ,ISC      ,8/14/2022,8:16:40 PM,26.8774,55.328,26.8,,ISC      ,mb    ,3.5
625794362,se  ,DSN      ,8/15/2022,7:33:49 AM,26.8454,55.2511,10,,DSN      ,ML    ,2.6
624739170,se  ,ISC      ,8/15/2022,5:15:00 PM,26.8222,55.4011,32.4,,ISC      ,mb    ,3.7
624745783,se  ,ISC      ,8/17/2022,6:57:17 AM,26.5948,54.2692,17.5,,ISC      ,mb    ,3.9
624745784,se  ,ISC      ,8/17/2022,7:03:09 AM,26.6072,54.2724,8.6,,ISC      ,mb    ,3.9
625794369,se  ,DSN      ,8/17/2022,2:11:48 PM,26.912,55.38,10,,DSN      ,ML    ,2.9
625826669,se  ,TEH      ,8/17/2022,2:24:54 PM,28.36,57.329,8.1,,TEH      ,ML    ,2.7
625794373,se  ,TEH      ,8/18/2022,7:02:37 PM,27.809,56.538,19.6,,TEH      ,ML    ,2.9
625794375,se  ,ISC      ,8/18/2022,11:59:59 PM,27.5932,56.8187,9.2,,TEH      ,ML    ,2.9
625794381,se  ,OMAN     ,8/20/2022,2:31:20 PM,26.9151,55.4441,5.4,,OMAN     ,ml    ,2.2
625794385,se  ,DSN      ,8/22/2022,9:21:58 AM,26.861,55.4366,10,,DSN      ,ML    ,2.8
625794388,se  ,ISC      ,8/24/2022,9:53:10 PM,26.8329,55.3626,10.1,,OMAN     ,ml    ,3.1
625826673,se  ,OMAN     ,8/25/2022,9:20:31 PM,26.8094,55.5241,10,TRUE,OMAN     ,ml    ,2.2
624729961,se  ,ISC      ,8/26/2022,3:05:55 AM,27.5963,56.1199,15,TRUE,ISC      ,mb    ,4
624803053,se  ,ISC      ,8/26/2022,4:36:11 PM,26.8237,54.7091,15.4,,ISC      ,mb    ,3.7
625826676,se  ,OMAN     ,8/27/2022,6:44:24 AM,26.8123,55.7498,10,TRUE,OMAN     ,ml    ,2.3
635726602,se  ,TEH      ,8/27/2022,12:06:31 PM,27.161,55.061,8.4,,TEH      ,ML    ,3.4
625826677,se  ,ISC      ,8/27/2022,1:56:45 PM,26.8712,55.5917,7.4,,TEH      ,ML    ,2.9
625826678,se  ,ISC      ,8/27/2022,2:29:35 PM,26.8176,55.3549,23.2,,TEH      ,ML    ,3.5
624734337,se  ,ISC      ,8/27/2022,3:24:56 PM,27.9754,56.7073,28,TRUE,ISC      ,mb    ,3.9
625794395,se  ,OMAN     ,8/27/2022,9:45:28 PM,26.792,55.3541,12,,OMAN     ,ml    ,2.6
635726624,se  ,TEH      ,8/28/2022,2:40:40 AM,27.913,56.774,10,,TEH      ,ML    ,2.8
625794406,se  ,ISC      ,8/30/2022,5:55:09 AM,26.6919,55.2015,7.1,,TEH      ,ML    ,2.9
635726676,se  ,TEH      ,8/30/2022,8:44:04 AM,26.949,55.432,10,,TEH      ,ML    ,2.9
624816388,se  ,ISC      ,8/30/2022,8:07:26 PM,26.8457,55.4028,10.3,,ISC      ,mb    ,3.4
635726677,se  ,TEH      ,8/30/2022,8:20:50 PM,26.816,55.417,12,,TEH      ,ML    ,3.3
625826680,se  ,OMAN     ,9/1/2022,12:21:39 AM,26.7159,55.3394,10,TRUE,OMAN     ,ml    ,2.9
635726753,se  ,TEH      ,9/1/2022,8:59:48 PM,28.057,55.65,28,,TEH      ,ML    ,2.5
624817228,se  ,ISC      ,9/1/2022,9:58:44 PM,26.7686,55.2726,17.8,,ISC      ,mb    ,3.5
625826681,se  ,ISC      ,9/2/2022,12:49:58 AM,26.8844,55.5274,14,,TEH      ,ML    ,3.2
625826683,se  ,ISC      ,9/3/2022,7:57:02 PM,26.95,55.5785,7.9,,TEH      ,ML    ,3.1
635726832,se  ,TEH      ,9/4/2022,4:29:06 AM,26.801,55.371,15.6,,TEH      ,ML    ,2.8
624749579,se  ,ISC      ,9/5/2022,9:14:51 AM,27.6063,56.1154,9.3,,ISC      ,mb    ,5.4
635726852,se  ,TEH      ,9/5/2022,9:31:22 AM,27.582,56.231,10,,TEH      ,ML    ,2.9
625794425,se  ,OMAN     ,9/5/2022,7:11:07 PM,26.9206,55.4043,15,TRUE,OMAN     ,ml    ,2.5
625794427,se  ,DSN      ,9/6/2022,7:45:24 AM,26.7997,55.3725,10,,DSN      ,ML    ,3.1
625794429,se  ,DSN      ,9/7/2022,2:47:46 PM,26.7731,56.6451,10,,DSN      ,ML    ,3.1
635726898,se  ,TEH      ,9/7/2022,3:15:35 PM,27.769,56.842,4.5,,TEH      ,ML    ,3.3
625794431,se  ,ISC      ,9/8/2022,11:28:35 AM,26.7257,55.2692,5.6,,DSN      ,ML    ,3.5
625826685,se  ,ISC      ,9/8/2022,12:57:28 PM,27.522,56.1993,8.6,,TEH      ,ML    ,3.1
625794433,se  ,DSN      ,9/9/2022,10:44:26 AM,27.0465,55.4924,10,,DSN      ,ML    ,3.3
625826687,se  ,ISC      ,9/10/2022,10:12:51 AM,26.7506,55.3883,12,TRUE,TEH      ,ML    ,2.9
625794440,se  ,OMAN     ,9/10/2022,4:41:44 PM,26.8255,55.3727,5.7,,OMAN     ,ml    ,2.6
624831144,se  ,ISC      ,9/11/2022,1:55:29 AM,27.7193,56.2111,5.1,,ISC      ,mb    ,3.6
635727052,se  ,TEH      ,9/11/2022,2:01:58 AM,27.571,56.238,10,,TEH      ,ML    ,2.5
624835516,se  ,ISC      ,9/13/2022,5:07:12 PM,27.6774,56.1655,11.3,,ISC      ,mb    ,3.6
624835548,se  ,ISC      ,9/14/2022,1:54:37 AM,26.582,54.2357,15.2,,ISC      ,mb    ,3.9
625794448,se  ,ISC      ,9/14/2022,8:33:30 AM,26.8671,55.3427,15.6,,TEH      ,ML    ,2.9
635727141,se  ,TEH      ,9/14/2022,6:35:58 PM,27.669,56.151,10,,TEH      ,ML    ,2.8
635727143,se  ,TEH      ,9/14/2022,7:38:28 PM,26.761,55.232,5,,TEH      ,ML    ,3.2
624835592,se  ,ISC      ,9/14/2022,8:20:49 PM,26.7988,55.2021,10,TRUE,ISC      ,mb    ,3.4
635727180,se  ,TEH      ,9/15/2022,2:05:00 AM,27.162,55.369,21.4,,TEH      ,ML    ,2.9
625826690,se  ,ISC      ,9/15/2022,2:44:13 AM,26.8321,55.2551,10,TRUE,OMAN     ,ml    ,3.1
625826691,se  ,OMAN     ,9/16/2022,9:47:07 PM,26.6629,55.2061,8.3,,OMAN     ,ml    ,2.9
624842550,se  ,ISC      ,9/17/2022,11:50:23 PM,27.7974,54.0686,10,TRUE,ISC      ,mb    ,3.7
624842593,se  ,ISC      ,9/18/2022,2:01:23 PM,27.0568,56.0899,14,TRUE,ISC      ,mb    ,3.5
625826695,se  ,ISC      ,9/19/2022,9:20:43 PM,27.8604,55.2409,10,TRUE,OMAN     ,ml    ,2.9
635727293,se  ,TEH      ,9/20/2022,4:03:59 AM,27.753,56.736,28,,TEH      ,ML    ,2.9
624848807,se  ,ISC      ,9/20/2022,4:35:14 AM,27.7193,56.6102,18,TRUE,ISC      ,mb    ,3.4
635727298,se  ,TEH      ,9/20/2022,10:18:49 PM,26.974,55.097,18.6,,TEH      ,ML    ,2.9
625794463,se  ,ISC      ,9/21/2022,5:28:18 AM,26.7824,55.3554,8.6,,TEH      ,ML    ,3.8
625826696,se  ,OMAN     ,9/21/2022,9:04:39 AM,26.5167,55.5143,10,TRUE,OMAN     ,ml    ,2.6
635727370,se  ,TEH      ,9/23/2022,8:34:23 AM,26.479,54.554,6.9,,TEH      ,ML    ,2.8
625826700,se  ,OMAN     ,9/23/2022,9:32:19 PM,26.6702,56.5503,6.5,,OMAN     ,ml    ,2.6
624829314,se  ,ISC      ,9/25/2022,3:25:16 PM,27.6731,56.5624,18,TRUE,ISC      ,mb    ,4.9
624829329,se  ,ISC      ,9/25/2022,11:04:26 PM,27.6671,56.6394,10.7,,ISC      ,mb    ,4.3
624832218,se  ,ISC      ,9/26/2022,12:18:35 AM,27.7172,56.5996,9.5,,ISC      ,mb    ,4
625794683,se  ,DSN      ,9/27/2022,1:05:23 AM,27.6794,56.2873,10,,DSN      ,ML    ,3
624898710,se  ,ISC      ,9/27/2022,9:50:35 PM,27.7534,56.5943,11.2,,ISC      ,mb    ,3.9
624837007,se  ,ISC      ,9/28/2022,6:03:28 PM,27.5857,54.2934,12.8,,ISC      ,mb    ,4.6
624904859,se  ,ISC      ,9/29/2022,12:20:42 PM,26.7741,55.1179,15.9,,ISC      ,mb    ,3.9
625794694,se  ,ISC      ,10/2/2022,2:48:28 AM,26.752,55.3051,12,TRUE,DSN      ,ML    ,3.3
635727584,se  ,TEH      ,10/2/2022,9:30:13 AM,28.464,57.241,8.2,,TEH      ,ML    ,2.7
625826706,se  ,OMAN     ,10/2/2022,7:14:00 PM,26.819,57.0265,3,,OMAN     ,ml    ,2
624910114,se  ,ISC      ,10/4/2022,1:03:00 AM,26.8863,55.3807,2.1,,ISC      ,mb    ,3.7
625794715,se  ,ISC      ,10/4/2022,2:03:49 AM,26.8071,55.3323,13,,DSN      ,ML    ,3.5
625794716,se  ,DSN      ,10/4/2022,5:56:49 AM,26.7804,55.2639,10,,DSN      ,ML    ,2.9
624911714,se  ,ISC      ,10/6/2022,9:29:37 AM,27.5723,56.1458,2,,ISC      ,mb    ,3.7
624911717,se  ,ISC      ,10/6/2022,9:30:17 AM,27.4478,55.9272,15,TRUE,ISC      ,mb    ,3.8
624911719,se  ,ISC      ,10/6/2022,9:36:25 AM,28.3278,54.2472,10,TRUE,ISC      ,mb    ,3.9
625826707,se  ,OMAN     ,10/6/2022,9:39:37 AM,28.5464,54.6301,10,TRUE,         ,      ,
624911722,se  ,ISC      ,10/6/2022,10:07:20 AM,27.5745,56.1555,16.3,,ISC      ,mb    ,3.6
624911727,se  ,ISC      ,10/6/2022,12:11:41 PM,27.5941,56.2027,6.9,,ISC      ,mb    ,3.4
625826708,se  ,OMAN     ,10/6/2022,3:52:30 PM,26.9725,57.7339,10,TRUE,OMAN     ,ml    ,2.7
624922388,se  ,ISC      ,10/7/2022,10:27:52 AM,26.7215,54.6151,10,TRUE,ISC      ,mb    ,3.9
625826710,se  ,OMAN     ,10/8/2022,5:37:13 AM,25.774,57.6085,10,TRUE,OMAN     ,ml    ,2.2
624922452,se  ,ISC      ,10/8/2022,6:08:16 AM,27.6213,56.7107,17,,ISC      ,mb    ,3.7
624922488,se  ,ISC      ,10/8/2022,5:57:46 PM,27.9038,54.7799,10,TRUE,ISC      ,mb    ,3.6
625826711,se  ,OMAN     ,10/8/2022,10:50:51 PM,25.6841,57.5572,10,TRUE,OMAN     ,ml    ,1.7
635727722,se  ,TEH      ,10/9/2022,3:33:53 AM,27.535,56.183,16.7,,TEH      ,ML    ,2.9
625794765,se  ,DSN      ,10/10/2022,5:25:41 PM,27.6382,55.6923,10,,DSN      ,ML    ,2.9
624949760,se  ,ISC      ,10/11/2022,7:48:52 PM,27.6089,56.0418,12.5,,ISC      ,mb    ,3.6
625794769,se  ,ISC      ,10/11/2022,11:06:00 PM,28.7798,57.3249,10,TRUE,TEH      ,ML    ,3.5
625794776,se  ,ISC      ,10/12/2022,7:47:46 AM,27.6349,56.0143,15,TRUE,TEH      ,ML    ,2.9
635727781,se  ,TEH      ,10/12/2022,9:20:28 AM,27.514,55.997,10,,TEH      ,ML    ,2.9
625794787,se  ,DSN      ,10/14/2022,1:22:36 AM,26.9892,55.58,10,,DSN      ,ML    ,2.5
625794789,se  ,OMAN     ,10/15/2022,12:27:54 AM,26.703,55.3322,10,TRUE,OMAN     ,ml    ,2.5
625794793,se  ,OMAN     ,10/16/2022,1:38:28 PM,26.6264,54.5089,19.1,,OMAN     ,mb    ,3.4
625794794,se  ,ISC      ,10/16/2022,1:47:05 PM,27.5305,56.3175,5.6,,TEH      ,ML    ,2.9
625794795,se  ,OMAN     ,10/16/2022,6:43:55 PM,26.8577,55.3415,5.2,,OMAN     ,mb    ,3.4
625041620,se  ,ISC      ,10/17/2022,7:25:23 PM,28.682,56.3276,10,TRUE,ISC      ,mb    ,3.7
625794799,se  ,ISC      ,10/17/2022,9:00:54 PM,26.7674,55.3127,6,,TEH      ,ML    ,3.5
625794800,se  ,OMAN     ,10/17/2022,9:07:52 PM,26.8288,55.2326,10,TRUE,OMAN     ,ml    ,2.7
625794804,se  ,OMAN     ,10/18/2022,10:48:42 PM,27.4811,55.6588,10,TRUE,OMAN     ,mb    ,3.4
625794811,se  ,DSN      ,10/21/2022,7:29:42 AM,27.0232,55.5425,10,,DSN      ,ML    ,3
625101570,se  ,ISC      ,10/22/2022,10:40:41 AM,26.6474,55.2312,9.4,,ISC      ,mb    ,3.5
625101643,se  ,ISC      ,10/23/2022,1:00:31 PM,28.5293,57.3004,10,TRUE,ISC      ,mb    ,3.5
635728030,se  ,TEH      ,10/23/2022,7:45:03 PM,27.638,56.182,10,,TEH      ,ML    ,2.5
625826730,se  ,ISC      ,10/24/2022,5:16:13 AM,26.635,54.336,10,TRUE,TEH      ,ML    ,2.8
625127300,se  ,ISC      ,10/24/2022,11:21:09 AM,26.799,55.4432,12.8,,ISC      ,mb    ,4.2
625794818,se  ,DSN      ,10/25/2022,2:17:52 AM,25.9227,56.0947,0,,DSN      ,ML    ,1
625794819,se  ,ISC      ,10/25/2022,2:19:08 AM,26.5425,57.9478,10,TRUE,DSN      ,ML    ,3.4
625826731,se  ,OMAN     ,10/25/2022,4:10:38 AM,26.8649,54.0128,10,TRUE,OMAN     ,ml    ,2.8
635728072,se  ,TEH      ,10/25/2022,7:47:45 PM,28.194,56.992,9.4,,TEH      ,ML    ,3.1
625129398,se  ,ISC      ,10/26/2022,12:54:33 AM,28.0568,57.1029,10,TRUE,ISC      ,mb    ,3.3
625129431,se  ,ISC      ,10/26/2022,1:27:01 PM,26.8901,54.0643,16.8,,ISC      ,mb    ,3.8
625794836,se  ,ISC      ,10/26/2022,2:22:58 PM,26.8601,54.102,4.6,,TEH      ,ML    ,3.3
625794837,se  ,ISC      ,10/26/2022,3:45:22 PM,27.677,57.4927,10,TRUE,DSN      ,ML    ,3.2
635728111,se  ,TEH      ,10/27/2022,1:24:32 AM,28.462,56.788,10,,TEH      ,ML    ,2.8
635728170,se  ,TEH      ,10/29/2022,8:07:46 AM,26.752,54.631,10,,TEH      ,ML    ,2.8
625194740,se  ,ISC      ,10/29/2022,12:34:20 PM,27.282,55.5238,4.9,,ISC      ,mb    ,3.8
625079088,se  ,ISC      ,10/30/2022,12:49:05 AM,27.2655,55.5193,7.2,,ISC      ,mb    ,3.8
625826827,se  ,OMAN     ,11/2/2022,2:00:44 AM,26.9177,55.4041,10,TRUE,OMAN     ,ml    ,2.3
625214024,se  ,ISC      ,11/2/2022,8:07:06 AM,26.5486,54.6866,10,TRUE,ISC      ,mb    ,3.9
625794963,se  ,ISC      ,11/2/2022,12:15:01 PM,27.423,56.1353,3,,TEH      ,ML    ,3.4
635728241,se  ,TEH      ,11/2/2022,12:35:17 PM,27.449,56.14,10.9,,TEH      ,ML    ,2.9
625090505,se  ,ISC      ,11/3/2022,2:03:15 AM,27.772,57.4492,8.2,,ISC      ,mb    ,4.2
635728264,se  ,TEH      ,11/3/2022,3:28:31 AM,27.828,57.699,8,,TEH      ,ML    ,3.1
635728279,se  ,TEH      ,11/4/2022,10:29:32 AM,28.361,55.435,8.8,,TEH      ,ML    ,3.3
635728329,se  ,TEH      ,11/7/2022,7:48:51 AM,27.562,56.267,14.6,,TEH      ,ML    ,3.4
635728334,se  ,TEH      ,11/7/2022,9:16:20 PM,28.296,55.5,10,,TEH      ,ML    ,2.6
625298933,se  ,ISC      ,11/11/2022,10:36:26 AM,27.6835,56.1246,20.2,,ISC      ,mb    ,4.2
625208743,se  ,ISC      ,11/11/2022,6:44:10 PM,27.4645,56.2061,14,,ISC      ,mb    ,4.6
635728430,se  ,TEH      ,11/11/2022,6:48:12 PM,27.513,56.196,6.2,,TEH      ,ML    ,2.9
625827173,se  ,OMAN     ,11/11/2022,9:11:38 PM,27.6093,56.1316,10,TRUE,OMAN     ,ml    ,2.5
625795646,se  ,ISC      ,11/12/2022,2:06:53 AM,27.4974,56.229,10,TRUE,OMAN     ,ml    ,2.9
625795830,se  ,DSN      ,11/15/2022,11:26:35 AM,27.0292,55.5731,10,,DSN      ,ML    ,3.1
625221746,se  ,ISC      ,11/15/2022,3:02:35 PM,27.6792,56.0809,13.8,,ISC      ,mb    ,4.5
625827417,se  ,OMAN     ,11/17/2022,1:20:25 AM,26.0828,57.4783,10,TRUE,OMAN     ,ml    ,1.5
625228409,se  ,ISC      ,11/17/2022,1:59:34 PM,26.8541,55.2278,11.3,,ISC      ,mb    ,5.3
625795963,se  ,DSN      ,11/17/2022,2:16:31 PM,27.216,55.6193,10,,DSN      ,ML    ,2.8
625795964,se  ,DSN      ,11/17/2022,2:31:14 PM,27.2367,55.8092,10,,DSN      ,ML    ,3
625795965,se  ,DSN      ,11/17/2022,2:54:24 PM,27.0489,55.4918,10,,DSN      ,ML    ,3.1
625795966,se  ,DSN      ,11/17/2022,4:41:35 PM,27.0308,55.3684,10,,DSN      ,ML    ,2.9
625795967,se  ,DSN      ,11/17/2022,5:21:52 PM,27.0047,55.2777,10,,DSN      ,ML    ,3
625795968,se  ,DSN      ,11/17/2022,6:23:29 PM,26.9642,55.3325,10,,DSN      ,ML    ,3
625796024,se  ,ISC      ,11/18/2022,1:38:36 AM,27.3039,56.1127,1.8,,TEH      ,ML    ,2.9
625796025,se  ,DSN      ,11/18/2022,7:04:18 AM,26.9426,55.3424,5.3,,DSN      ,ML    ,3.1
625796026,se  ,DSN      ,11/18/2022,7:10:22 PM,26.9415,55.2631,10,,DSN      ,ML    ,3
625796027,se  ,DSN      ,11/18/2022,7:14:45 PM,27.0459,55.3625,10,,DSN      ,ML    ,2.5
625796028,se  ,DSN      ,11/18/2022,7:30:40 PM,27.0636,55.4689,10,,DSN      ,ML    ,2.5
625796029,se  ,OMAN     ,11/18/2022,9:52:50 PM,26.9602,56.0449,10,TRUE,OMAN     ,ml    ,2.2
625338616,se  ,ISC      ,11/19/2022,12:28:16 AM,26.8074,55.3228,15.2,,ISC      ,mb    ,3.8
625796105,se  ,DSN      ,11/19/2022,7:30:01 AM,26.959,55.3177,10,,DSN      ,ML    ,2.9
625796106,se  ,DSN      ,11/19/2022,12:35:12 PM,27.0683,55.3703,10,,DSN      ,ML    ,2.8
625796107,se  ,DSN      ,11/19/2022,6:00:23 PM,26.9347,55.5453,10,,DSN      ,ML    ,2.5
635728655,se  ,TEH      ,11/20/2022,6:39:05 PM,27.61,56.935,10,,TEH      ,ML    ,2.7
625796242,se  ,ISC      ,11/22/2022,3:10:32 AM,26.8974,55.4935,8.7,,OMAN     ,ml    ,3.4
625796787,se  ,DSN      ,11/26/2022,12:14:35 PM,27.6074,56.7294,10,,DSN      ,ML    ,3
625796893,se  ,DSN      ,11/27/2022,7:52:55 AM,26.2501,56.3178,2,,DSN      ,ML    ,2.3
625796894,se  ,DSN      ,11/27/2022,12:51:35 PM,26.0384,57.2997,2,,DSN      ,ML    ,2.6
625796895,se  ,DSN      ,11/27/2022,2:46:52 PM,26.0463,57.3801,10,,DSN      ,ML    ,2.6
625827872,se  ,ISC      ,11/27/2022,11:08:07 PM,28.7578,56.2374,10,TRUE,OMAN     ,ml    ,2.9
625387576,se  ,ISC      ,11/27/2022,11:22:40 PM,26.8404,55.4028,6.2,,ISC      ,mb    ,3.7
635728868,se  ,TEH      ,11/28/2022,7:02:46 AM,28.356,57.352,6,,TEH      ,ML    ,2.5
635728899,se  ,TEH      ,11/29/2022,9:33:11 AM,28.213,57.737,10,,TEH      ,ML    ,2.7
625827952,se  ,OMAN     ,11/29/2022,3:29:05 PM,26.4671,55.2576,10,TRUE,OMAN     ,ml    ,1.9
625827953,se  ,OMAN     ,11/29/2022,9:34:41 PM,26.3664,57.2514,10,TRUE,OMAN     ,ml    ,2.2
642005287,ke  ,ISC      ,11/30/2022,3:17:43 PM,26.838,55.2686,12.1,,ISC      ,mb    ,5.6
625797139,se  ,DSN      ,11/30/2022,3:35:10 PM,27.0215,55.5077,10,,DSN      ,ML    ,2.9
625797140,se  ,DSN      ,11/30/2022,3:54:59 PM,26.8611,55.2843,10,,DSN      ,ML    ,3.6
625797141,se  ,ISC      ,11/30/2022,4:16:21 PM,26.7673,55.3053,10.6,,TEH      ,ML    ,3.2
625797142,se  ,DSN      ,11/30/2022,4:50:33 PM,26.8618,55.4002,10,,DSN      ,ML    ,2.6
625337191,se  ,ISC      ,11/30/2022,5:18:04 PM,26.7753,55.25,14.3,,ISC      ,mb    ,4.6
625797143,se  ,DSN      ,11/30/2022,5:49:33 PM,26.9827,55.5675,10,,DSN      ,ML    ,2.3
625797144,se  ,ISC      ,11/30/2022,6:14:08 PM,26.7637,55.1774,10,TRUE,OMAN     ,ml    ,3.3
625797145,se  ,ISC      ,11/30/2022,6:45:41 PM,26.7898,55.2745,1.3,,TEH      ,ML    ,3.3
625797146,se  ,DSN      ,11/30/2022,6:50:51 PM,27.0492,55.6338,10,,DSN      ,ML    ,2.8
625797147,se  ,ISC      ,11/30/2022,7:51:27 PM,26.7708,55.3952,12,TRUE,TEH      ,ML    ,3.3
625797148,se  ,ISC      ,11/30/2022,8:33:57 PM,26.7786,55.3991,7.1,,OMAN     ,ml    ,2.6
625797149,se  ,DSN      ,11/30/2022,8:41:34 PM,26.8459,55.3331,10,,DSN      ,ML    ,2.7
625797150,se  ,DSN      ,11/30/2022,9:16:05 PM,26.9957,55.501,10,,DSN      ,ML    ,2.6
625337792,se  ,ISC      ,11/30/2022,10:19:34 PM,26.7487,55.2845,12.1,,ISC      ,mb    ,4.2
625392672,se  ,ISC      ,11/30/2022,10:23:44 PM,26.7932,55.3632,10,TRUE,ISC      ,mb    ,3.5
625797151,se  ,ISC      ,11/30/2022,10:56:00 PM,26.9394,55.4925,1.1,,OMAN     ,ml    ,3.1
625797152,se  ,ISC      ,11/30/2022,11:28:58 PM,26.8492,55.4468,5,,OMAN     ,ml    ,2.6
625797153,se  ,ISC      ,11/30/2022,11:31:40 PM,26.7727,55.319,10,TRUE,TEH      ,ML    ,2.8
625797223,se  ,DSN      ,12/1/2022,12:12:09 AM,27.0831,55.75,10,,DSN      ,ML    ,2.3
625797224,se  ,DSN      ,12/1/2022,1:44:32 AM,26.1244,57.4176,10,,DSN      ,ML    ,2.5
625397236,se  ,ISC      ,12/1/2022,2:06:40 AM,26.8957,55.2345,6.9,,ISC      ,mb    ,3.5
625397237,se  ,ISC      ,12/1/2022,2:08:10 AM,26.9264,55.4516,12,TRUE,ISC      ,mb    ,3.8
625397238,se  ,ISC      ,12/1/2022,2:31:32 AM,26.804,55.3253,16.5,,ISC      ,mb    ,3.4
625797225,se  ,DSN      ,12/1/2022,3:01:27 AM,26.8997,55.3861,10,,DSN      ,ML    ,2.5
625797226,se  ,DSN      ,12/1/2022,3:40:38 AM,26.9869,55.42,10,,DSN      ,ML    ,2.8
635728955,se  ,TEH      ,12/1/2022,4:48:25 AM,26.835,55.297,26.6,,TEH      ,ML    ,2.8
625797227,se  ,DSN      ,12/1/2022,5:30:37 AM,26.9203,55.3996,10,,DSN      ,ML    ,2.6
625797228,se  ,DSN      ,12/1/2022,7:05:45 AM,27.0769,55.5518,10,,DSN      ,ML    ,2.6
625397265,se  ,ISC      ,12/1/2022,1:49:58 PM,26.7712,55.3353,28.3,,IDC      ,mb    ,3.7
625797229,se  ,ISC      ,12/1/2022,2:06:33 PM,27.131,55.2813,12,TRUE,DSN      ,ML    ,3.3
625338884,se  ,ISC      ,12/1/2022,6:18:14 PM,26.8033,55.2615,38.4,,ISC      ,mb    ,4.7
625827994,se  ,OMAN     ,12/1/2022,8:28:27 PM,26.1222,57.3533,10,TRUE,OMAN     ,ml    ,2.2
625797230,se  ,OMAN     ,12/1/2022,8:46:46 PM,26.0542,57.3151,10,TRUE,OMAN     ,ml    ,2.3
625397299,se  ,ISC      ,12/1/2022,9:19:04 PM,26.7711,55.205,8.1,,ISC      ,mb    ,3.5
625797231,se  ,ISC      ,12/1/2022,9:57:48 PM,26.7644,55.2689,5.1,,TEH      ,ML    ,2.9
625338998,se  ,ISC      ,12/1/2022,11:29:34 PM,26.7843,55.2299,9.3,,ISC      ,mb    ,4.3
625827995,se  ,OMAN     ,12/2/2022,12:06:48 AM,26.8396,55.3707,3.3,,OMAN     ,ml    ,2.2
625827996,se  ,OMAN     ,12/2/2022,12:11:28 AM,26.504,55.3461,1.8,,OMAN     ,ml    ,2.5
625797320,se  ,OMAN     ,12/2/2022,1:17:59 AM,26.482,55.0808,10,TRUE,OMAN     ,ml    ,2.8
625403816,se  ,ISC      ,12/2/2022,2:24:01 AM,26.8768,55.3619,14.6,,ISC      ,mb    ,3.7
625797321,se  ,DSN      ,12/2/2022,2:49:36 AM,25.943,56.1184,0,,DSN      ,ML    ,1.7
625339015,se  ,ISC      ,12/2/2022,6:43:14 AM,26.7013,55.1496,16.4,,ISC      ,mb    ,4.4
625797322,se  ,DSN      ,12/2/2022,7:10:01 PM,26.8902,55.3267,10,,DSN      ,ML    ,3
625797323,se  ,ISC      ,12/2/2022,8:38:28 PM,28.2924,57.4479,10,TRUE,TEH      ,ML    ,2.8
625347125,se  ,ISC      ,12/2/2022,8:50:00 PM,26.8126,55.2229,18.2,,ISC      ,mb    ,4.1
625797324,se  ,DSN      ,12/2/2022,9:27:29 PM,26.8568,55.1893,10,,DSN      ,ML    ,2.5
625797373,se  ,DSN      ,12/3/2022,1:17:05 AM,26.9913,55.5034,10,,DSN      ,ML    ,2.5
625797374,se  ,DSN      ,12/3/2022,6:51:13 AM,26.9886,55.4981,10,,DSN      ,ML    ,2.4
625797375,se  ,DSN      ,12/3/2022,8:36:50 AM,26.2729,56.3253,0,,DSN      ,ML    ,2.4
625797376,se  ,DSN      ,12/3/2022,4:58:51 PM,27.1771,56.0294,10,,DSN      ,ML    ,2.3
625827998,se  ,OMAN     ,12/3/2022,6:13:54 PM,26.8676,55.375,10.9,,OMAN     ,ml    ,2.1
625797377,se  ,DSN      ,12/3/2022,10:25:07 PM,27.7144,55.8827,10,,DSN      ,ML    ,2.7
625827999,se  ,OMAN     ,12/4/2022,9:05:16 AM,26.577,55.2809,10,TRUE,OMAN     ,ml    ,2.5
625797465,se  ,DSN      ,12/5/2022,4:40:47 AM,26.877,55.5695,10,,DSN      ,ML    ,2.5
625797631,se  ,OMAN     ,12/7/2022,1:32:36 AM,26.509,54.347,15.8,,OMAN     ,ml    ,2.5
625797632,se  ,DSN      ,12/7/2022,9:34:59 AM,27.0433,55.5292,10,,DSN      ,ML    ,2.9
635729146,se  ,TEH      ,12/8/2022,2:10:20 PM,27.133,54.745,10.3,,TEH      ,ML    ,2.8
625797802,se  ,ISC      ,12/9/2022,7:18:37 PM,26.8095,55.2738,8.9,,TEH      ,ML    ,3.3
625797859,se  ,DSN      ,12/10/2022,11:29:59 AM,26.7868,54.283,10,,DSN      ,ML    ,3.2
625392005,se  ,ISC      ,12/12/2022,3:57:58 AM,26.6515,54.9872,15.5,,ISC      ,mb    ,4.1
625797954,se  ,DSN      ,12/12/2022,8:00:02 AM,26.9668,55.5372,10,,DSN      ,ML    ,2.9
635729273,se  ,TEH      ,12/14/2022,12:23:53 AM,26.966,54.629,10,,TEH      ,ML    ,2.8
625828013,se  ,OMAN     ,12/15/2022,3:25:16 AM,26.503,56.2559,4.1,,OMAN     ,ml    ,2
625478446,se  ,ISC      ,12/16/2022,11:06:24 PM,26.5928,54.2914,15.7,,ISC      ,mb    ,3.8
625798256,se  ,ISC      ,12/17/2022,12:08:33 AM,26.5999,54.2982,11.1,,DSN      ,ML    ,3.1
625828014,se  ,OMAN     ,12/17/2022,1:27:01 AM,26.5771,54.2618,10,TRUE,OMAN     ,ml    ,2
625828015,se  ,OMAN     ,12/17/2022,8:20:06 AM,26.5593,54.1366,10,TRUE,OMAN     ,ml    ,2.5
625798257,se  ,OMAN     ,12/17/2022,3:53:16 PM,26.8955,55.3866,10,TRUE,OMAN     ,ml    ,2.9
625798380,se  ,OMAN     ,12/19/2022,5:08:32 PM,26.8668,56.6531,3.3,,OMAN     ,ml    ,2.7
625798381,se  ,DSN      ,12/19/2022,8:34:41 PM,27.0811,55.6003,0,,DSN      ,ML    ,2.9
625798435,se  ,DSN      ,12/20/2022,3:39:45 AM,26.4781,55.3365,10,,DSN      ,ML    ,2.7
625798436,se  ,DSN      ,12/20/2022,4:48:18 AM,26.9064,55.4423,10,,DSN      ,ML    ,3
625798505,se  ,DSN      ,12/21/2022,3:23:21 PM,26.8678,55.324,10,,DSN      ,ML    ,2.9
625544027,se  ,ISC      ,12/22/2022,9:59:33 AM,27.5937,56.267,18,TRUE,ISC      ,mb    ,3.7
625544063,se  ,ISC      ,12/22/2022,7:42:55 PM,26.843,55.4758,6,,ISC      ,mb    ,3.6
625828019,se  ,OMAN     ,12/23/2022,10:33:20 PM,26.5635,54.0188,10,TRUE,OMAN     ,ml    ,2.4
625828020,se  ,OMAN     ,12/24/2022,8:39:16 AM,28.083,54.0171,10,TRUE,OMAN     ,ml    ,2.8
625477253,se  ,ISC      ,12/24/2022,8:20:01 PM,27.6269,56.2643,20.6,,ISC      ,mb    ,3.9
625798895,se  ,TEH      ,12/25/2022,3:52:18 PM,28.008,56.883,21.1,,TEH      ,ML    ,2.9
625798896,se  ,OMAN     ,12/25/2022,8:40:38 PM,26.9549,55.3311,10,TRUE,OMAN     ,ml    ,2.6
625798970,se  ,OMAN     ,12/26/2022,12:49:20 AM,26.6014,55.2212,4.9,,OMAN     ,ml    ,2
625798971,se  ,ISC      ,12/26/2022,5:13:18 AM,27.8661,56.6547,28,TRUE,TEH      ,ML    ,2.9
625798972,se  ,OMAN     ,12/26/2022,8:16:48 PM,26.6674,55.3138,10,TRUE,OMAN     ,ml    ,2.4
625799099,se  ,DSN      ,12/28/2022,1:25:34 AM,26.6509,54.1185,10,,DSN      ,ML    ,2.9
625478708,se  ,ISC      ,12/28/2022,4:51:25 PM,27.9883,55.8754,9.2,,ISC      ,mb    ,4.3
625799231,se  ,DSN      ,12/30/2022,3:11:50 AM,25.9366,56.1182,0,,DSN      ,ML    ,1.4
625799232,se  ,DSN      ,12/30/2022,5:51:30 PM,26.9196,55.4603,10,,DSN      ,ML    ,2.7
625799233,se  ,DSN      ,12/30/2022,9:29:57 PM,26.6049,56.6207,5,,DSN      ,ML    ,2.2
625480713,se  ,ISC      ,1/1/2023,2:36:23 PM,27.3589,56.3822,10,TRUE,ISC      ,mb    ,4
636662794,se  ,ISC      ,1/2/2023,7:28:46 PM,26.8448,54.0789,7.1,,TEH      ,ML    ,3.3
636662795,se  ,DSN      ,1/2/2023,8:28:53 PM,25.6501,56.1409,6.3,,DSN      ,ML    ,1.3
636662798,se  ,DSN      ,1/3/2023,4:11:48 AM,25.9352,56.1144,0,,DSN      ,ML    ,1.5
636662799,se  ,DSN      ,1/3/2023,5:39:57 PM,26.9576,55.4202,10,,DSN      ,ML    ,2.7
636662800,se  ,DSN      ,1/3/2023,6:41:05 PM,25.6487,56.1586,4,,DSN      ,ML    ,1.3
636662802,se  ,OMAN     ,1/4/2023,11:43:32 AM,26.2873,55.2388,10,TRUE,OMAN     ,ml    ,2.8
636662803,se  ,DSN      ,1/4/2023,11:59:05 AM,26.2765,55.1293,10,,DSN      ,ML    ,2.3
625483945,se  ,ISC      ,1/4/2023,4:19:59 PM,26.8157,55.1718,17.4,,ISC      ,mb    ,4
636662804,se  ,DSN      ,1/4/2023,5:45:08 PM,26.986,55.4284,10,,DSN      ,ML    ,2.8
636662805,se  ,OMAN     ,1/4/2023,6:18:21 PM,26.284,54.2365,18.6,,OMAN     ,ml    ,2.8
636662811,se  ,ISC      ,1/5/2023,9:46:29 PM,28.2679,55.601,22,TRUE,TEH      ,ML    ,3.3
642513983,se  ,TEH      ,1/5/2023,9:48:32 PM,28.361,55.73,10,,TEH      ,ML    ,2.9
642513998,se  ,TEH      ,1/6/2023,9:36:28 AM,28.133,57.678,26.4,,TEH      ,ML    ,2.6
636662818,se  ,TEH      ,1/6/2023,1:52:09 PM,27.504,56.216,19,,TEH      ,ML    ,2.9
625592411,se  ,ISC      ,1/7/2023,4:12:18 AM,27.7738,56.1105,6,,ISC      ,mb    ,3.6
636662830,se  ,OMAN     ,1/9/2023,3:54:02 PM,25.6178,57.5028,10,TRUE,OMAN     ,ml    ,2.2
636662831,se  ,OMAN     ,1/9/2023,7:59:47 PM,25.3743,55.7489,5,TRUE,OMAN     ,ml    ,1.9
636662832,se  ,DSN      ,1/9/2023,10:15:12 PM,25.3581,55.7918,5,,DSN      ,ML    ,1.4
625535889,ke  ,ISC      ,1/10/2023,4:17:06 PM,27.6861,56.1712,9.5,,ISC      ,mb    ,4.2
636662836,se  ,DSN      ,1/10/2023,8:38:17 PM,27.5886,55.6465,3,,DSN      ,ML    ,3
636662843,se  ,OMAN     ,1/12/2023,12:32:44 AM,26.8653,55.2072,10,TRUE,OMAN     ,ml    ,2.5
625604359,se  ,ISC      ,1/12/2023,8:44:30 AM,26.813,55.2261,11.6,,ISC      ,mb    ,4.2
636662844,se  ,ISC      ,1/12/2023,10:47:58 AM,26.8315,54.6688,18,TRUE,TEH      ,ML    ,3.4
636662846,se  ,ISC      ,1/13/2023,12:11:52 AM,27.3105,55.9027,10,TRUE,TEH      ,ML    ,2.9
636662847,se  ,ISC      ,1/13/2023,9:50:24 PM,29.3259,56.4346,10,TRUE,TEH      ,ML    ,2.6
636662852,se  ,DSN      ,1/15/2023,3:18:15 AM,26.8472,55.2517,10,,DSN      ,ML    ,2.8
636662853,se  ,DSN      ,1/15/2023,6:18:09 AM,26.7754,55.2219,10,,DSN      ,ML    ,2.6
636662856,se  ,DSN      ,1/16/2023,8:47:41 AM,27.1402,55.622,10,,DSN      ,ML    ,2.2
636662857,se  ,DSN      ,1/16/2023,8:52:25 AM,26.2873,56.336,5,,DSN      ,ML    ,2
636662860,se  ,ISC      ,1/17/2023,9:02:50 AM,27.5165,57.6112,25,TRUE,TEH      ,ML    ,2.8
642514276,se  ,TEH      ,1/17/2023,5:27:47 PM,27.729,56.151,10,,TEH      ,ML    ,2.6
636662880,se  ,DSN      ,1/22/2023,12:09:33 PM,25.5636,56.2676,17.4,,DSN      ,ML    ,2.1
636662881,se  ,ISC      ,1/22/2023,3:56:54 PM,27.933,56.7916,24,TRUE,TEH      ,ML    ,2.8
636662883,se  ,DSN      ,1/24/2023,7:05:11 AM,26.7868,55.3159,7,,DSN      ,ML    ,2.8
625638484,se  ,ISC      ,1/25/2023,5:19:00 PM,27.7252,57.7098,10,TRUE,ISC      ,mb    ,3.7
636662889,se  ,DSN      ,1/25/2023,8:25:58 PM,27.5204,55.7581,10,,DSN      ,ML    ,2.9
636889958,se  ,ISC      ,1/26/2023,12:11:44 AM,28.1635,54.4085,17,TRUE,TEH      ,ML    ,2.9
636662898,se  ,ISC      ,1/27/2023,5:46:03 PM,26.7752,55.2108,4.9,,OMAN     ,ml    ,3.2
636662904,se  ,ISC      ,1/28/2023,1:56:23 AM,27.3486,55.8512,10.8,,TEH      ,ML    ,2.9
642514476,se  ,TEH      ,1/28/2023,7:14:17 AM,28.182,55.923,10,,TEH      ,ML    ,2.8
636662905,se  ,DSN      ,1/28/2023,1:08:24 PM,27.5916,55.4877,10,,DSN      ,ML    ,2.8
636662908,se  ,OMAN     ,1/29/2023,10:28:55 AM,27.0449,55.3609,10,TRUE,OMAN     ,ml    ,2.7
636662909,se  ,OMAN     ,1/29/2023,9:30:04 PM,26.1974,57.3917,10,TRUE,OMAN     ,ml    ,2.4
636662919,se  ,DSN      ,1/31/2023,7:03:39 AM,26.9277,55.2943,5,,DSN      ,ML    ,2.7
636662920,se  ,DSN      ,1/31/2023,8:24:12 AM,26.2452,56.3009,5,,DSN      ,ML    ,2.3
636662928,se  ,OMAN     ,2/1/2023,12:13:43 AM,27.6128,56.5891,10,TRUE,OMAN     ,ml    ,3.1
636662929,se  ,OMAN     ,2/1/2023,1:52:53 AM,26.9253,55.1682,10,TRUE,OMAN     ,ml    ,2.5
636662933,se  ,DSN      ,2/2/2023,5:01:22 AM,25.9415,56.1011,0,,DSN      ,ML    ,1.7
636662934,se  ,ISC      ,2/2/2023,11:08:44 PM,27.4129,56.1966,2,,DSN      ,ML    ,3.2
636663007,se  ,DSN      ,2/3/2023,9:15:27 AM,26.9671,55.4802,10,,DSN      ,ML    ,2.7
625617757,se  ,ISC      ,2/7/2023,2:30:57 AM,26.6947,55.3269,9.2,,ISC      ,mb    ,3.9
642545420,se  ,TEH      ,2/7/2023,6:13:24 AM,27.517,57.548,10,,TEH      ,ML    ,2.7
636890044,se  ,OMAN     ,2/7/2023,10:44:20 PM,26.8151,54.6769,10,TRUE,OMAN     ,ml    ,2.5
636663022,se  ,OMAN     ,2/8/2023,8:01:26 PM,26.8473,55.2401,10,TRUE,OMAN     ,ml    ,2.7
625734713,se  ,ISC      ,2/8/2023,11:25:21 PM,28.3467,56.9536,31,TRUE,ISC      ,mb    ,4.1
625737197,se  ,ISC      ,2/9/2023,9:19:26 AM,28.3356,56.9946,10,TRUE,ISC      ,mb    ,3.8
642545433,se  ,TEH      ,2/9/2023,9:34:36 AM,28.406,56.972,8,,TEH      ,ML    ,2.9
625737212,se  ,ISC      ,2/9/2023,12:09:52 PM,28.3239,57.0238,10,TRUE,ISC      ,mb    ,3.7
625671031,se  ,ISC      ,2/9/2023,12:29:54 PM,28.3334,57.0012,10,TRUE,ISC      ,mb    ,3.8
636663027,se  ,TEH      ,2/9/2023,1:07:52 PM,27.753,56.68,21.1,,TEH      ,ML    ,3.4
625737298,se  ,ISC      ,2/10/2023,8:43:31 AM,28.3342,56.9792,51,,ISC      ,mb    ,3.9
625687510,se  ,ISC      ,2/11/2023,3:12:46 AM,28.3563,56.9738,26.7,,ISC      ,mb    ,4.1
642545448,se  ,TEH      ,2/11/2023,9:54:19 AM,28.134,55.065,14.8,,TEH      ,ML    ,3.2
642545467,se  ,TEH      ,2/12/2023,9:24:33 AM,27.883,56.957,25.9,,TEH      ,ML    ,2.6
625756147,se  ,ISC      ,2/15/2023,7:50:51 AM,28.3891,57.0031,31,TRUE,ISC      ,mb    ,3.9
636890064,se  ,OMAN     ,2/15/2023,9:29:55 PM,27.8704,56.5728,10,TRUE,OMAN     ,ml    ,2
636663058,se  ,DSN      ,2/16/2023,12:53:28 AM,26.9196,55.151,10,,DSN      ,ML    ,2.6
636890068,se  ,OMAN     ,2/17/2023,5:02:03 AM,26.6423,55.1118,10,TRUE,OMAN     ,ml    ,2.6
636663066,se  ,OMAN     ,2/18/2023,10:42:16 PM,25.0232,55.7276,8.8,,OMAN     ,ml    ,1.2
625782027,se  ,ISC      ,2/19/2023,10:02:17 PM,27.6628,56.7811,11.7,,ISC      ,mb    ,3.7
625793405,se  ,ISC      ,2/20/2023,7:39:21 AM,27.5452,56.238,12.8,,ISC      ,mb    ,3.6
636890543,se  ,ISC      ,2/21/2023,1:08:26 AM,27.0433,57.8206,10,TRUE,TEH      ,ML    ,2.8
625728188,se  ,ISC      ,2/21/2023,6:05:36 AM,27.7534,55.3818,17.3,,ISC      ,mb    ,5.3
625805128,se  ,ISC      ,2/21/2023,8:32:18 AM,27.6646,55.3958,10,TRUE,ISC      ,mb    ,4
642545727,se  ,TEH      ,2/21/2023,3:33:44 PM,28.019,55.781,13.1,,TEH      ,ML    ,3.3
625730708,ke  ,ISC      ,2/22/2023,1:11:08 AM,27.7528,55.3607,9.7,,ISC      ,mb    ,5.3
642545734,se  ,TEH      ,2/22/2023,3:15:29 AM,27.706,55.333,12.4,,TEH      ,ML    ,2.8
636663085,se  ,OMAN     ,2/25/2023,8:19:50 PM,26.7604,56.068,10,TRUE,OMAN     ,ml    ,2.1
625825210,se  ,ISC      ,2/25/2023,11:47:00 PM,27.6577,56.1169,11.4,,ISC      ,mb    ,3.7
636663092,se  ,DSN      ,2/26/2023,1:47:18 AM,27.5768,55.8313,10,,DSN      ,ML    ,3
636890558,se  ,TEH      ,2/26/2023,3:34:09 AM,27.941,54.008,7.9,,TEH      ,ML    ,2.7
636663093,se  ,DSN      ,2/26/2023,6:24:11 AM,27.6214,56.3896,10,,DSN      ,ML    ,3
625831034,se  ,ISC      ,2/26/2023,8:23:35 AM,28.0693,56.6201,28,TRUE,ISC      ,mb    ,3.5
636663094,se  ,DSN      ,2/26/2023,9:57:04 PM,27.7722,56.6836,10,,DSN      ,ML    ,2.9
636663095,se  ,DSN      ,2/26/2023,10:06:28 PM,27.7954,56.7909,10,,DSN      ,ML    ,2.6
636663100,se  ,TEH      ,2/27/2023,1:07:24 PM,26.921,54.661,17.6,,TEH      ,ML    ,3.2
636663103,se  ,ISC      ,2/28/2023,2:47:11 PM,27.5586,56.0152,8.1,,OMAN     ,mb    ,3.5
625750360,se  ,ISC      ,2/28/2023,3:58:45 PM,27.7702,55.3565,24.6,,ISC      ,mb    ,4.5
625886344,se  ,ISC      ,3/2/2023,3:06:31 AM,29.5681,56.8107,10,TRUE,ISC      ,mb    ,3.7
636663117,se  ,OMAN     ,3/2/2023,4:03:58 PM,25.6296,56.4852,22.3,,OMAN     ,ml    ,2
636663118,se  ,DSN      ,3/2/2023,4:14:09 PM,25.649,56.6664,2,,DSN      ,ML    ,2
636663120,se  ,ISC      ,3/3/2023,2:50:02 AM,27.5356,56.7549,10,TRUE,DSN      ,ML    ,3.3
636663121,se  ,ISC      ,3/3/2023,5:56:36 AM,27.5319,56.0577,15,TRUE,TEH      ,ML    ,2.8
642545894,se  ,TEH      ,3/3/2023,1:16:33 PM,28.43,57.232,19.9,,TEH      ,ML    ,3.1
636663122,se  ,ISC      ,3/3/2023,8:11:04 PM,26.6769,55.0231,16.7,,TEH      ,ML    ,3.4
636663134,se  ,ISC      ,3/5/2023,3:44:12 AM,26.8651,55.3128,4.9,,DSN      ,ML    ,2.8
636663135,se  ,ISC      ,3/5/2023,7:33:11 AM,27.4632,56.6825,10,TRUE,DSN      ,ML    ,3
636663136,se  ,ISC      ,3/5/2023,10:08:39 AM,27.8088,57.835,10,TRUE,TEH      ,ML    ,3.5
642545945,se  ,TEH      ,3/5/2023,1:20:58 PM,27.646,55.312,10,,TEH      ,ML    ,2.9
636663143,se  ,ISC      ,3/6/2023,6:09:56 AM,27.7339,56.2254,15,TRUE,TEH      ,ML    ,2.9
642545988,se  ,TEH      ,3/6/2023,1:45:36 PM,27.892,55.032,10,,TEH      ,ML    ,2.9
636663144,se  ,DSN      ,3/6/2023,10:03:40 PM,27.1788,55.6013,10,,DSN      ,ML    ,2.6
636663145,se  ,DSN      ,3/6/2023,11:50:24 PM,27.2302,55.6641,10,,DSN      ,ML    ,2.7
636663149,se  ,ISC      ,3/7/2023,5:55:56 PM,26.59,54.3954,16.9,,TEH      ,ML    ,2.9
636890616,se  ,OMAN     ,3/8/2023,2:05:52 AM,26.4895,55.2085,10,TRUE,OMAN     ,ml    ,1.9
625897749,se  ,ISC      ,3/8/2023,5:26:50 PM,27.7735,55.4093,10,TRUE,ISC      ,mb    ,3.3
642546036,se  ,TEH      ,3/9/2023,3:55:03 AM,27.551,56.134,10,,TEH      ,ML    ,2.5
636663170,se  ,DSN      ,3/11/2023,2:35:46 AM,26.2627,56.4459,0,,DSN      ,ML    ,2.4
636663176,se  ,ISC      ,3/12/2023,1:47:57 AM,29.1213,56.9323,10,TRUE,TEH      ,ML    ,2.5
642546094,se  ,TEH      ,3/12/2023,9:00:25 AM,28.068,56.763,10,,TEH      ,ML    ,2.8
636890645,se  ,OMAN     ,3/12/2023,4:38:36 PM,26.472,54.3405,10,TRUE,OMAN     ,ml    ,2.6
625916596,se  ,ISC      ,3/13/2023,9:09:19 AM,26.7608,55.2408,10,TRUE,ISC      ,mb    ,3.9
636663180,se  ,DSN      ,3/13/2023,5:48:36 PM,26.7785,55.2039,10,,DSN      ,ML    ,2.6
636890649,se  ,OMAN     ,3/13/2023,10:26:50 PM,26.1191,54.7147,10,TRUE,OMAN     ,ml    ,2.4
642546147,se  ,TEH      ,3/16/2023,6:28:26 AM,28.921,54.875,7.7,,TEH      ,ML    ,2.7
625920678,se  ,ISC      ,3/16/2023,7:01:35 AM,26.9672,54.0158,19,TRUE,ISC      ,mb    ,3.4
625920693,se  ,ISC      ,3/16/2023,9:55:36 AM,27.8147,57.6198,17.3,,ISC      ,mb    ,3.5
636663202,se  ,DSN      ,3/17/2023,1:04:38 AM,26.9323,56.5587,10,,DSN      ,ML    ,2.6
642546157,se  ,TEH      ,3/17/2023,2:58:23 AM,27.574,56.218,10.7,,TEH      ,ML    ,2.7
636663203,se  ,DSN      ,3/17/2023,4:57:27 PM,26.8692,55.4596,10,,DSN      ,ML    ,2.8
642546169,se  ,TEH      ,3/17/2023,6:11:07 PM,27.772,57.548,25.4,,TEH      ,ML    ,3.3
625890052,se  ,ISC      ,3/18/2023,6:39:53 AM,27.0507,55.0675,16.1,,ISC      ,mb    ,4.2
636663205,se  ,ISC      ,3/18/2023,2:52:48 PM,27.1316,55.0592,26,,DSN      ,ML    ,3.2
636663212,se  ,DSN      ,3/19/2023,3:47:04 PM,27.2568,55.112,10,,DSN      ,ML    ,2.9
625891325,se  ,ISC      ,3/20/2023,1:49:21 AM,27.1377,55.0402,15,,ISC      ,mb    ,4.1
636663215,se  ,ISC      ,3/20/2023,9:22:28 PM,27.5934,56.1686,10,TRUE,TEH      ,ML    ,2.8
642546263,se  ,TEH      ,3/23/2023,8:23:33 AM,27.988,56.006,10,,TEH      ,ML    ,2.7
636663240,se  ,OMAN     ,3/24/2023,8:01:07 AM,26.5459,55.9189,11.3,,OMAN     ,ml    ,2.2
636663248,se  ,ISC      ,3/25/2023,1:50:58 AM,27.8784,54.5798,17,TRUE,TEH      ,ML    ,3.2
636890726,se  ,OMAN     ,3/25/2023,2:32:21 AM,27.2019,54.4919,10,TRUE,OMAN     ,ml    ,2.5
636663249,se  ,ISC      ,3/25/2023,5:22:18 AM,27.7309,57.5266,10.4,,OMAN     ,ml    ,3.1
642546303,se  ,TEH      ,3/25/2023,5:27:56 AM,27.767,55.385,10,,TEH      ,ML    ,2.8
642546306,se  ,TEH      ,3/25/2023,6:46:55 AM,27.758,57.486,10,,TEH      ,ML    ,2.7
642546308,se  ,TEH      ,3/25/2023,7:17:02 AM,27.723,57.634,10,,TEH      ,ML    ,2.9
636663256,se  ,DSN      ,3/26/2023,2:17:14 PM,26.8571,55.3168,14.1,,DSN      ,ML    ,2.5
636663257,se  ,DSN      ,3/26/2023,3:56:43 PM,27.1068,55.5293,56.5,,DSN      ,ML    ,2.6
636663268,se  ,OMAN     ,3/28/2023,12:05:14 AM,26.6799,55.3263,10,TRUE,OMAN     ,ml    ,2.1
636663269,se  ,DSN      ,3/28/2023,2:59:02 AM,25.9386,56.0798,0,,DSN      ,ML    ,1.7
636663275,se  ,ISC      ,3/29/2023,4:41:19 PM,26.6347,54.363,7.3,,OMAN     ,ml    ,3.3
625964414,se  ,ISC      ,4/1/2023,7:51:03 PM,27.875,54.5312,17,TRUE,ISC      ,mb    ,3.8
625937331,se  ,ISC      ,4/1/2023,7:56:25 PM,27.9147,54.4798,17,TRUE,ISC      ,mb    ,4
636663293,se  ,OMAN     ,4/1/2023,9:25:26 PM,26.652,55.1474,2.1,,OMAN     ,ml    ,2.8
625938350,se  ,ISC      ,4/3/2023,3:55:03 AM,28.0088,56.9252,10,TRUE,ISC      ,mb    ,4.2
636663298,se  ,OMAN     ,4/3/2023,8:20:12 PM,26.0223,57.3686,10,TRUE,OMAN     ,ml    ,2.4
625945176,se  ,ISC      ,4/4/2023,2:53:09 PM,28.0897,57.1089,24,TRUE,ISC      ,mb    ,4
636663302,se  ,OMAN     ,4/4/2023,4:04:20 PM,26.9309,55.4036,10,TRUE,OMAN     ,ml    ,2.3
626011443,se  ,ISC      ,4/4/2023,5:26:09 PM,28.0316,57.0728,23.3,,ISC      ,mb    ,3.9
636663303,se  ,TEH      ,4/4/2023,5:56:35 PM,28.171,57.079,8.2,,TEH      ,ML    ,2.9
636663309,se  ,ISC      ,4/7/2023,2:20:26 AM,27.565,56.7618,10,TRUE,TEH      ,ML    ,2.8
636890778,se  ,OMAN     ,4/7/2023,3:49:25 AM,26.1331,55.8829,10,TRUE,OMAN     ,ml    ,2
636663310,se  ,OMAN     ,4/7/2023,4:53:44 AM,27.2827,57.1159,10,TRUE,OMAN     ,ml    ,2.8
642713231,se  ,TEH      ,4/7/2023,10:40:35 AM,28.995,55.528,10,,TEH      ,ML    ,2.6
636663311,se  ,OMAN     ,4/7/2023,11:15:31 AM,26.1341,57.3613,10,TRUE,OMAN     ,ml    ,2.3
636663312,se  ,DSN      ,4/7/2023,2:25:54 PM,27.2039,55.2082,10,,DSN      ,ML    ,2.8
636663313,se  ,TEH      ,4/7/2023,7:24:09 PM,27.313,56.647,19.9,,TEH      ,ML    ,3.4
626033477,se  ,ISC      ,4/7/2023,8:53:34 PM,27.44,56.7355,13.5,,ISC      ,mb    ,3.7
636663314,se  ,ISC      ,4/7/2023,9:01:48 PM,27.3884,56.6592,18,TRUE,TEH      ,ML    ,3.1
625957755,se  ,ISC      ,4/7/2023,9:43:51 PM,27.6737,56.7903,8.9,,ISC      ,mb    ,3.8
625957756,se  ,ISC      ,4/7/2023,11:38:13 PM,27.9394,57.0187,10.1,,ISC      ,mb    ,3.9
636890791,se  ,OMAN     ,4/10/2023,4:40:26 AM,26.506,56.3716,10,TRUE,OMAN     ,ml    ,1.7
636890792,se  ,OMAN     ,4/10/2023,4:44:59 PM,25.9056,57.6989,12.2,,OMAN     ,ml    ,2
636663329,se  ,ISC      ,4/10/2023,8:45:33 PM,26.898,56.1807,5.1,,TEH      ,ML    ,2.8
636663330,se  ,DSN      ,4/10/2023,10:47:37 PM,26.9103,56.0024,10,,DSN      ,ML    ,2.2
636663337,se  ,ISC      ,4/11/2023,12:59:01 AM,27.5905,56.8435,11.1,,DSN      ,ML    ,3.2
626049303,se  ,ISC      ,4/11/2023,7:35:16 PM,26.6574,54.3718,11.1,,ISC      ,mb    ,3.3
636663350,se  ,ISC      ,4/14/2023,7:14:45 AM,26.7522,55.2512,7.6,,OMAN     ,ml    ,2.9
636663351,se  ,ISC      ,4/14/2023,8:34:05 AM,26.7838,55.2286,2,,OMAN     ,ml    ,3
636663352,se  ,DSN      ,4/14/2023,1:09:37 PM,26.8582,55.3737,10,,DSN      ,ML    ,2.7
636663354,se  ,DSN      ,4/15/2023,2:49:38 AM,26.9778,56.1198,10,,DSN      ,ML    ,2.8
636663355,se  ,ISC      ,4/15/2023,2:50:34 PM,26.9903,56.0945,9.4,,TEH      ,ML    ,2.9
642713260,se  ,TEH      ,4/16/2023,4:27:13 PM,27.844,54.683,10,,TEH      ,ML    ,2.7
636663359,se  ,DSN      ,4/16/2023,5:22:38 PM,26.8941,55.9562,10,,DSN      ,ML    ,2.6
636663360,se  ,DSN      ,4/16/2023,5:24:12 PM,26.9174,55.9853,10,,DSN      ,ML    ,2.6
636890804,se  ,ISC      ,4/17/2023,9:32:37 AM,27.7096,54.4407,2.1,,TEH      ,ML    ,3.3
636663370,se  ,OMAN     ,4/18/2023,9:06:19 AM,26.0818,56.0766,9.1,,OMAN     ,ml    ,1.8
636890812,se  ,ISC      ,4/18/2023,8:55:53 PM,27.654,56.0932,3.9,,TEH      ,ML    ,2.8
636890813,se  ,OMAN     ,4/19/2023,8:38:57 AM,25.6518,57.5866,10,TRUE,OMAN     ,ml    ,2.1
636663382,se  ,TEH      ,4/21/2023,8:40:20 AM,28.545,57.293,27.2,,TEH      ,ML    ,2.8
626090189,se  ,ISC      ,4/21/2023,4:50:13 PM,27.6736,56.2692,18,TRUE,ISC      ,mb    ,3.9
642713277,se  ,TEH      ,4/21/2023,7:16:15 PM,27.793,54.383,8,,TEH      ,ML    ,2.8
636663404,se  ,DSN      ,4/23/2023,2:09:22 AM,26.3246,54.4094,10,,DSN      ,ML    ,2.9
626094062,se  ,ISC      ,4/23/2023,10:06:04 PM,26.9938,55.5877,12,TRUE,ISC      ,mb    ,3.4
636663410,se  ,ISC      ,4/24/2023,1:07:59 PM,27.666,57.6664,25,TRUE,DSN      ,ML    ,3.3
636663419,se  ,OMAN     ,4/26/2023,12:07:24 AM,26.952,55.3759,13.6,,OMAN     ,ml    ,2.3
626055042,se  ,ISC      ,4/27/2023,10:20:48 AM,27.7229,55.4053,7.4,,ISC      ,mb    ,4.8
636663432,se  ,OMAN     ,4/28/2023,11:31:14 PM,27.1055,55.5916,10,TRUE,OMAN     ,ml    ,2.3
636663438,se  ,DSN      ,4/29/2023,1:41:46 AM,25.9462,56.0703,0,,DSN      ,ML    ,1.5
636663439,se  ,DSN      ,4/29/2023,2:57:55 AM,27.342,55.8077,5,,DSN      ,ML    ,3.2
636663440,se  ,ISC      ,4/29/2023,4:13:43 PM,27.1574,54.3645,18,TRUE,TEH      ,ML    ,2.9
636663441,se  ,ISC      ,4/29/2023,5:09:20 PM,27.0056,55.5239,3.6,,OMAN     ,ml    ,2.8
626099830,se  ,ISC      ,4/30/2023,6:16:14 AM,27.6065,57.3926,25,TRUE,ISC      ,mb    ,3.8
636663445,se  ,DSN      ,4/30/2023,4:14:07 PM,27.1632,55.7485,7.4,,DSN      ,ML    ,2.5
642713309,se  ,TEH      ,4/30/2023,5:21:32 PM,27.572,56.221,8.3,,TEH      ,ML    ,2.5
636890853,se  ,OMAN     ,4/30/2023,10:14:42 PM,26.8153,55.1415,10,TRUE,OMAN     ,ml    ,2.1
626072479,se  ,ISC      ,5/1/2023,12:13:40 AM,27.6401,56.6956,9.6,,ISC      ,mb    ,4.3
642966160,se  ,TEH      ,5/1/2023,5:15:02 PM,27.556,56.587,23.8,,TEH      ,ML    ,2.6
636663452,se  ,ISC      ,5/1/2023,9:33:22 PM,27.6905,55.3533,15,TRUE,DSN      ,ML    ,3.3
636890867,se  ,OMAN     ,5/2/2023,10:02:27 PM,27.6864,56.4903,10,TRUE,OMAN     ,ml    ,2.6
636663484,se  ,DSN      ,5/4/2023,7:32:11 PM,26.8391,55.3484,10,,DSN      ,ML    ,2.7
626174978,se  ,ISC      ,5/6/2023,1:29:52 AM,26.8657,54.6726,19.3,,ISC      ,mb    ,3.5
636663491,se  ,DSN      ,5/6/2023,2:18:08 AM,25.9496,56.0623,0,,DSN      ,ML    ,1.8
636663492,se  ,DSN      ,5/6/2023,6:30:49 AM,26.2556,56.2807,0,,DSN      ,ML    ,1.9
636663493,se  ,ISC      ,5/6/2023,12:56:03 PM,27.5156,56.2061,8.7,,TEH      ,ML    ,2.8
636663501,se  ,DSN      ,5/7/2023,5:40:28 AM,26.7237,55.5044,10,,DSN      ,ML    ,2.3
636663505,se  ,DSN      ,5/8/2023,12:00:35 AM,27.3253,56.5486,10,,DSN      ,ML    ,2.5
626095939,se  ,ISC      ,5/9/2023,10:11:28 AM,26.8024,55.1719,10.3,,ISC      ,mb    ,4.4
642966560,se  ,TEH      ,5/11/2023,3:42:11 PM,28.25,54.919,6.7,,TEH      ,ML    ,2.8
626214321,se  ,ISC      ,5/14/2023,1:01:30 AM,27.8748,56.734,31.2,,ISC      ,mb    ,3.1
636663521,se  ,DSN      ,5/14/2023,4:39:30 AM,26.6145,55.087,10,,DSN      ,ML    ,3
636663522,se  ,ISC      ,5/14/2023,12:36:29 PM,27.9378,57.2615,15.6,,DSN      ,ML    ,3.8
636663523,se  ,DSN      ,5/14/2023,10:52:25 PM,26.8651,55.408,10,,DSN      ,ML    ,2.6
636890951,se  ,OMAN     ,5/15/2023,12:16:45 AM,26.6414,55.2924,10,TRUE,OMAN     ,ml    ,1.9
636663532,se  ,OMAN     ,5/15/2023,9:45:45 AM,26.9495,55.4853,7.8,,OMAN     ,ml    ,3
636663542,se  ,DSN      ,5/17/2023,4:35:59 AM,25.9432,56.0643,0,,DSN      ,ML    ,1.6
642966792,se  ,TEH      ,5/17/2023,9:22:30 PM,28.402,55.639,8.2,,TEH      ,ML    ,3.4
636663554,se  ,TEH      ,5/18/2023,6:37:39 PM,28.136,56.899,10.4,,TEH      ,ML    ,3.1
636890973,se  ,OMAN     ,5/19/2023,3:04:18 AM,27.3104,57.5012,10,TRUE,OMAN     ,ml    ,2.6
626234425,se  ,ISC      ,5/19/2023,9:08:47 PM,26.8286,55.3045,15.8,,ISC      ,mb    ,3.6
636890978,se  ,OMAN     ,5/20/2023,4:03:33 AM,25.9626,57.2992,15,TRUE,OMAN     ,ml    ,1.9
636663593,se  ,OMAN     ,5/21/2023,6:40:33 PM,25.9487,55.4918,5.4,,OMAN     ,ml    ,2.5
636663611,se  ,DSN      ,5/22/2023,3:15:01 PM,26.877,54.4362,10,,DSN      ,ML    ,3
636663612,se  ,OMAN     ,5/22/2023,9:57:19 PM,26.886,55.3731,10,TRUE,OMAN     ,ml    ,2.6
636663632,se  ,DSN      ,5/23/2023,10:40:00 AM,28.2212,57.8145,10,,DSN      ,ML    ,3
636663633,se  ,DSN      ,5/23/2023,11:54:13 PM,27.2319,56.3487,10,,DSN      ,ML    ,2.5
636663660,se  ,DSN      ,5/25/2023,7:00:50 AM,27.9963,56.7108,10,,DSN      ,ML    ,2.8
642967158,se  ,TEH      ,5/26/2023,8:50:30 PM,27.705,54.542,10,,TEH      ,ML    ,2.9
642967440,se  ,TEH      ,5/30/2023,2:27:56 AM,28.058,56.092,10,,TEH      ,ML    ,2.5
636663719,se  ,DSN      ,5/30/2023,4:46:52 AM,25.9304,56.1144,0,,DSN      ,ML    ,1.3
636663720,se  ,DSN      ,5/30/2023,11:17:24 AM,26.0248,56.2518,0,,DSN      ,ML    ,1
636663732,se  ,ISC      ,5/31/2023,8:11:04 AM,27.1548,56.58,10,TRUE,TEH      ,ML    ,2.9
642967503,se  ,TEH      ,6/1/2023,5:05:03 AM,28.342,56.022,10,,TEH      ,ML    ,2.7
642967509,se  ,ISC      ,6/3/2023,3:04:34 AM,28.0548,55.0088,15.5,,TEH      ,ML    ,3.2
636663799,se  ,OMAN     ,6/4/2023,1:26:55 AM,26.729,55.4057,17.9,,OMAN     ,ml    ,2.8
636663800,se  ,ISC      ,6/4/2023,12:15:25 PM,26.8507,54.8078,17,TRUE,DSN      ,ML    ,2.8
636663810,se  ,OMAN     ,6/5/2023,9:12:41 PM,26.1882,56.6614,10,TRUE,OMAN     ,ml    ,2.4
636663815,se  ,DSN      ,6/6/2023,2:28:06 AM,25.9464,56.0459,0,,DSN      ,ML    ,1.7
636663846,se  ,DSN      ,6/10/2023,3:21:40 AM,25.9408,56.0747,0,,DSN      ,ML    ,1.8
626330536,se  ,ISC      ,6/12/2023,9:10:58 AM,28.9265,57.2122,108.5,,ISC      ,mb    ,4
626330577,se  ,ISC      ,6/12/2023,11:12:49 PM,28.0404,57.7723,10,TRUE,ISC      ,mb    ,3.7
642967545,se  ,TEH      ,6/13/2023,7:12:32 AM,26.906,55.419,21.2,,TEH      ,ML    ,2.9
636663877,se  ,DSN      ,6/13/2023,8:26:42 AM,27.0936,55.6388,10,,DSN      ,ML    ,2.8
636663878,se  ,DSN      ,6/13/2023,1:20:12 PM,27.1237,55.8725,10,,DSN      ,ML    ,2.6
636663892,se  ,DSN      ,6/14/2023,3:27:35 AM,27.4139,56.4974,10,,DSN      ,ML    ,3.1
636663901,se  ,DSN      ,6/15/2023,3:13:18 AM,26.7828,55.2198,10,,DSN      ,ML    ,2.7
636663902,se  ,TEH      ,6/15/2023,5:09:30 PM,27.563,56.577,20.1,,TEH      ,ML    ,2.9
642967564,se  ,ISC      ,6/17/2023,11:43:05 PM,27.7703,55.4456,10,TRUE,TEH      ,ML    ,2.8
636663970,se  ,TEH      ,6/20/2023,6:18:27 AM,27.645,56.221,10,,TEH      ,ML    ,2.6
636663971,se  ,ISC      ,6/20/2023,8:57:53 AM,27.6532,56.1343,15,TRUE,TEH      ,ML    ,2.5
642967576,se  ,TEH      ,6/21/2023,1:18:54 AM,28.083,55.512,10,,TEH      ,ML    ,2.7
626327023,se  ,ISC      ,6/21/2023,5:12:23 AM,27.8944,56.1216,15.3,,ISC      ,mb    ,5
626327286,se  ,ISC      ,6/22/2023,11:55:50 AM,27.4275,54.8641,20,TRUE,ISC      ,mb    ,4.4
636663987,se  ,ISC      ,6/22/2023,12:05:09 PM,27.0167,54.214,4.5,,DSN      ,ML    ,3.6
626365162,se  ,ISC      ,6/23/2023,5:17:12 AM,28.2494,57.5636,30,TRUE,ISC      ,mb    ,4
626331568,se  ,ISC      ,6/23/2023,6:26:21 PM,28.098,55.7051,22,TRUE,ISC      ,mb    ,4
636664009,se  ,DSN      ,6/24/2023,5:24:44 PM,27.0901,55.3799,10,,DSN      ,ML    ,2.8
626367806,se  ,ISC      ,6/25/2023,2:00:35 AM,27.1324,54.4924,22.3,,ISC      ,mb    ,3.6
642967588,se  ,TEH      ,6/25/2023,2:32:16 AM,27.147,54.51,13.4,,TEH      ,ML    ,2.9
636664020,se  ,DSN      ,6/25/2023,10:40:44 AM,26.9077,55.3812,10,,DSN      ,ML    ,2.8
642967591,se  ,ISC      ,6/26/2023,4:15:37 AM,27.016,54.3717,18,TRUE,TEH      ,ML    ,2.8
626368646,se  ,ISC      ,6/26/2023,6:35:40 AM,27.0658,54.4325,25.5,,ISC      ,mb    ,3.6
626368653,se  ,ISC      ,6/26/2023,7:39:09 AM,26.9891,54.4558,14.7,,IDC      ,mb    ,3.7
642967592,se  ,TEH      ,6/26/2023,8:36:16 AM,27.117,54.532,10.6,,TEH      ,ML    ,2.9
642967594,se  ,TEH      ,6/26/2023,12:05:54 PM,27.039,54.489,16.1,,TEH      ,ML    ,3.2
626368690,se  ,ISC      ,6/26/2023,6:52:46 PM,27.0528,54.4116,15.9,,ISC      ,mb    ,3.6
636664069,se  ,ISC      ,6/28/2023,5:31:37 AM,27.6309,56.8026,8.4,,DSN      ,ML    ,3.2
642967603,se  ,TEH      ,6/29/2023,9:34:49 AM,27.326,55.107,22,,TEH      ,ML    ,2.9
642967605,se  ,TEH      ,6/30/2023,1:15:17 AM,27.039,54.509,19.7,,TEH      ,ML    ,2.5
643073331,se  ,OMAN     ,6/30/2023,7:09:24 PM,25.9995,57.326,10,TRUE,OMAN     ,ml    ,1.7
642967610,se  ,TEH      ,7/1/2023,11:28:18 AM,28.44,57.079,10,,TEH      ,ML    ,2.5
626336706,se  ,ISC      ,7/2/2023,9:07:38 AM,26.7197,55.0648,15.8,,ISC      ,mb    ,4.2
626491167,se  ,ISC      ,7/4/2023,2:20:08 AM,27.0637,54.3802,18,TRUE,ISC      ,mb    ,3.9
626491172,se  ,ISC      ,7/4/2023,4:25:20 AM,26.975,54.4727,18,TRUE,ISC      ,mb    ,4
626491191,se  ,ISC      ,7/4/2023,10:46:04 AM,28.2843,55.7616,10,TRUE,ISC      ,mb    ,3.8
642967615,se  ,TEH      ,7/4/2023,2:46:12 PM,28.77,54.666,14.6,,TEH      ,ML    ,2.7
642967617,se  ,TEH      ,7/4/2023,8:56:51 PM,27.141,54.476,19.1,,TEH      ,ML    ,2.6
626519066,se  ,ISC      ,7/5/2023,12:46:52 PM,27.3336,55.9453,11.6,,ISC      ,mb    ,3.7
626519108,se  ,ISC      ,7/6/2023,1:06:01 AM,26.9958,54.4284,12.9,,ISC      ,mb    ,3.9
642967625,se  ,TEH      ,7/6/2023,2:26:39 AM,27.023,54.411,21.5,,TEH      ,ML    ,2.6
636664207,se  ,ISC      ,7/6/2023,3:09:53 PM,27.6757,57.4381,5.3,,TEH      ,ML    ,3.5
636664236,se  ,ISC      ,7/8/2023,6:51:15 AM,25.5216,56.3472,8.4,,DSN      ,ML    ,3.2
626529699,se  ,ISC      ,7/8/2023,4:42:21 PM,27.5629,55.5642,10,TRUE,ISC      ,mb    ,3.6
626366115,se  ,ISC      ,7/8/2023,7:16:14 PM,26.5773,54.3312,17.5,,ISC      ,mb    ,3.9
642967633,se  ,TEH      ,7/9/2023,5:59:39 AM,28.268,55.71,8.6,,TEH      ,ML    ,2.8
636664267,se  ,ISC      ,7/10/2023,2:33:03 AM,28.1489,55.5798,22,TRUE,TEH      ,ML    ,2.9
636664268,se  ,ISC      ,7/10/2023,2:36:14 PM,26.9385,55.5327,12,TRUE,DSN      ,ML    ,3
636664269,se  ,OMAN     ,7/10/2023,9:35:04 PM,25.6877,56.3352,4.3,,OMAN     ,ml    ,1.3
636664323,se  ,DSN      ,7/13/2023,11:55:51 AM,26.0566,57.534,10,,DSN      ,ML    ,2.6
636664324,se  ,DSN      ,7/13/2023,8:15:26 PM,25.3508,56.1166,10,,DSN      ,ML    ,1.6
636891740,se  ,OMAN     ,7/13/2023,11:10:17 PM,26.146,57.3819,25.5,,OMAN     ,ml    ,1.8
636664340,se  ,DSN      ,7/15/2023,4:08:08 AM,26.9528,55.9238,10,,DSN      ,ML    ,3.3
636664354,se  ,ISC      ,7/16/2023,2:14:58 PM,27.9133,56.6897,19.7,,THR      ,ML    ,3.3
626435792,se  ,ISC      ,7/16/2023,7:25:59 PM,27.2453,54.4426,36.8,,ISC      ,mb    ,4.1
642967667,se  ,TEH      ,7/20/2023,4:12:26 AM,28.478,56.473,6.8,,TEH      ,ML    ,3.1
626520319,se  ,ISC      ,7/21/2023,12:39:01 AM,28.3485,55.8841,10,TRUE,ISC      ,mb    ,4.1
636664433,se  ,TEH      ,7/21/2023,6:23:29 AM,27.74,56.61,19.4,,TEH      ,ML    ,3.3
642967674,se  ,TEH      ,7/22/2023,11:08:13 AM,27.814,55.39,10,,TEH      ,ML    ,2.8
636664479,se  ,TEH      ,7/25/2023,8:46:50 AM,27.465,56.486,11.8,,TEH      ,ML    ,2.8
642967695,se  ,TEH      ,7/25/2023,10:53:10 PM,28.183,55.342,11.5,,TEH      ,ML    ,2.8
636664501,se  ,DSN      ,7/27/2023,5:47:42 AM,26.3012,56.3124,0,,DSN      ,ML    ,2.3
636664526,se  ,ISC      ,7/28/2023,9:57:44 AM,26.8283,55.438,8.4,,TEH      ,ML    ,2.8
642967715,se  ,TEH      ,7/31/2023,6:14:47 AM,28.232,56.025,16,,TEH      ,ML    ,2.5
642967717,se  ,TEH      ,7/31/2023,9:12:26 PM,27.278,54.409,22.2,,TEH      ,ML    ,2.7
636664547,se  ,DSN      ,7/31/2023,9:27:48 PM,27.106,55.4896,10,,DSN      ,ML    ,2.8
636891920,se  ,OMAN     ,8/1/2023,5:49:52 PM,27.436,57.368,10,TRUE,OMAN     ,ml    ,2.3
636891923,se  ,OMAN     ,8/3/2023,12:56:12 AM,28.0763,57.042,23.6,,OMAN     ,ml    ,2.9
636664640,se  ,ISC      ,8/6/2023,4:59:52 AM,27.8454,56.2914,28,TRUE,TEH      ,ML    ,2.8
636664644,se  ,ISC      ,8/7/2023,4:43:07 AM,26.7243,55.3572,9.1,,TEH      ,ML    ,3.3
626708021,se  ,ISC      ,8/8/2023,4:05:27 AM,28.4607,57.8202,98.8,,ISC      ,mb    ,4.1
636891945,se  ,ISC      ,8/8/2023,11:35:37 PM,27.3818,53.9073,23,TRUE,THR      ,ML    ,3.3
636664677,se  ,DSN      ,8/10/2023,2:09:34 AM,26.8769,56.5553,10,,DSN      ,ML    ,3
636664678,se  ,DSN      ,8/10/2023,2:23:03 AM,25.9511,56.0485,0,,DSN      ,ML    ,1.8
636664679,se  ,OMAN     ,8/10/2023,2:54:02 PM,26.8024,55.5632,10,TRUE,OMAN     ,ml    ,2.6
636664701,se  ,OMAN     ,8/11/2023,3:12:46 PM,27.1562,55.9931,4.8,,OMAN     ,ml    ,2.2
636664702,se  ,OMAN     ,8/11/2023,11:23:30 PM,27.3728,56.1968,10,TRUE,OMAN     ,ml    ,2.7
642967761,se  ,TEH      ,8/12/2023,7:28:26 PM,28.255,55.74,10,,TEH      ,ML    ,2.6
636664717,se  ,DSN      ,8/13/2023,10:16:46 PM,26.7674,55.0802,10,,DSN      ,ML    ,2.6
636664718,se  ,DSN      ,8/13/2023,11:29:18 PM,26.7387,55.1078,10,,DSN      ,ML    ,2.5
636664763,se  ,DSN      ,8/17/2023,1:12:41 AM,27.7172,56.3721,10,,DSN      ,ML    ,2.9
636664764,se  ,OMAN     ,8/17/2023,6:32:26 PM,26.323,54.4319,23.7,,OMAN     ,ml    ,2.6
636892005,se  ,ISC      ,8/18/2023,2:19:07 AM,28.1058,57.3611,10,TRUE,TEH      ,ML    ,2.5
626690352,se  ,ISC      ,8/18/2023,4:10:06 PM,27.8187,53.9381,26,TRUE,ISC      ,mb    ,4.8
642967784,se  ,TEH      ,8/18/2023,5:58:16 PM,27.994,54.149,10.2,,TEH      ,ML    ,2.9
642967786,se  ,TEH      ,8/19/2023,12:11:08 AM,27.819,53.967,16,,TEH      ,ML    ,2.7
642967787,se  ,TEH      ,8/19/2023,1:13:04 AM,27.788,54.037,16,,TEH      ,ML    ,2.6
642967790,se  ,TEH      ,8/19/2023,5:26:19 PM,27.765,56.875,28,,TEH      ,ML    ,2.6
626725043,se  ,ISC      ,8/20/2023,3:22:34 AM,27.7508,53.9693,10,TRUE,ISC      ,mb    ,4
626725044,se  ,ISC      ,8/20/2023,3:26:28 AM,27.7105,53.965,10,TRUE,ISC      ,mb    ,3.5
636664804,se  ,ISC      ,8/20/2023,3:42:25 AM,26.728,54.366,10,TRUE,DSN      ,ML    ,3.2
636664805,se  ,DSN      ,8/20/2023,7:12:46 AM,26.2689,56.3252,0,,DSN      ,ML    ,2.1
626692467,se  ,ISC      ,8/20/2023,8:48:24 AM,27.5963,54.989,22.8,,ISC      ,mb    ,4
642967796,se  ,TEH      ,8/22/2023,2:56:37 AM,27.767,55.072,6,,TEH      ,ML    ,2.8
636664854,se  ,DSN      ,8/24/2023,11:16:43 PM,26.6127,55.3196,12.9,,DSN      ,ML    ,2.3
642967805,se  ,TEH      ,8/25/2023,2:37:11 AM,28.025,56.821,10,,TEH      ,ML    ,2.8
636664870,se  ,DSN      ,8/25/2023,5:24:10 PM,27.1021,56.1343,10,,DSN      ,ML    ,2.8
636664964,se  ,DSN      ,8/27/2023,5:14:23 AM,27.6709,56.4212,10,,DSN      ,ML    ,3.1
636665016,se  ,ISC      ,8/30/2023,12:54:46 AM,26.7853,55.3077,11.1,,TEH      ,ML    ,2.8
642967831,se  ,TEH      ,8/31/2023,12:50:54 PM,27.351,54.01,10,,TEH      ,ML    ,2.6
643073336,se  ,OMAN     ,9/1/2023,5:54:42 PM,27.2496,56.1041,10,,OMAN     ,ml    ,2.5
642967843,se  ,ISC      ,9/1/2023,10:05:01 PM,27.7628,53.9971,10,TRUE,TEH      ,ML    ,2.8
643073337,se  ,OMAN     ,9/1/2023,11:19:28 PM,26.3285,54.27,10,TRUE,OMAN     ,ml    ,2.3
636665077,se  ,ISC      ,9/2/2023,1:15:59 AM,26.624,54.3166,5.1,,DSN      ,ML    ,3.1
631563781,se  ,ISC      ,9/2/2023,1:23:42 AM,26.6179,54.2861,10.3,,ISC      ,mb    ,3.7
626726392,se  ,ISC      ,9/2/2023,1:55:10 AM,26.6314,54.2353,15.5,,ISC      ,mb    ,4.8
636665078,se  ,ISC      ,9/2/2023,2:06:25 AM,26.5022,54.214,10,TRUE,DSN      ,ML    ,2.8
626727533,se  ,ISC      ,9/2/2023,2:30:39 PM,28.0763,57.5684,32.5,,ISC      ,mb    ,4.5
636665079,se  ,DSN      ,9/2/2023,5:02:19 PM,27.6204,56.8314,10,,DSN      ,ML    ,3
642967851,se  ,ISC      ,9/2/2023,10:46:32 PM,26.6078,54.2941,10,TRUE,TEH      ,ML    ,2.9
636665090,se  ,DSN      ,9/3/2023,8:43:57 PM,27.867,55.7131,10,,DSN      ,ML    ,2.9
636665131,se  ,DSN      ,9/6/2023,3:12:23 AM,27.0629,55.6598,10,,DSN      ,ML    ,3
636665144,se  ,DSN      ,9/7/2023,10:46:04 AM,27.7374,56.3864,10,,DSN      ,ML    ,3
635705343,se  ,ISC      ,9/11/2023,12:46:23 AM,26.9173,54.6758,12.5,,ISC      ,mb    ,3.5
642967892,se  ,TEH      ,9/11/2023,6:18:39 PM,27.475,54.268,20,,TEH      ,ML    ,2.8
642967894,se  ,TEH      ,9/12/2023,4:18:04 AM,27.838,56.145,27,,TEH      ,ML    ,2.9
636666771,se  ,DSN      ,9/18/2023,12:55:53 AM,27.4742,55.9327,10,,DSN      ,ML    ,2.8
636666791,se  ,ISC      ,9/19/2023,9:10:33 AM,28.3651,55.9851,10,TRUE,TEH      ,ML    ,3.6
642967928,se  ,TEH      ,9/20/2023,12:28:30 AM,28.714,56.747,10,,TEH      ,ML    ,2.8
642967927,se  ,TEH      ,9/20/2023,5:09:32 PM,27.551,54.895,10,,TEH      ,ML    ,2.7
636666793,se  ,TEH      ,9/20/2023,8:32:14 PM,27.889,56.102,18.3,,TEH      ,ML    ,2.7
636666825,se  ,TEH      ,9/22/2023,12:13:00 PM,28.005,57.114,10,,TEH      ,ML    ,2.9
642967941,se  ,TEH      ,9/24/2023,4:20:07 AM,27.942,55.324,10,,TEH      ,ML    ,2.8
636666835,se  ,OMAN     ,9/24/2023,7:41:32 PM,26.0082,57.2938,10,TRUE,OMAN     ,ml    ,2.4
636666839,se  ,THR      ,9/25/2023,2:04:23 AM,27.091,55.16,12,,THR      ,ML    ,3
636666840,se  ,DSN      ,9/25/2023,2:28:07 AM,26.6617,57.2836,10,,DSN      ,ML    ,2.5
635745536,se  ,ISC      ,9/27/2023,8:10:29 AM,26.6113,54.3235,10,TRUE,ISC      ,mb    ,4
636666956,se  ,DSN      ,9/29/2023,10:09:28 PM,27.4033,56.4978,10,,DSN      ,ML    ,2.5
636666965,se  ,OMAN     ,10/1/2023,12:36:20 AM,26.7632,55.2194,19.5,,OMAN     ,ml    ,2.6
636666966,se  ,ISC      ,10/1/2023,1:25:26 AM,27.4651,56.4703,10.4,,OMAN     ,mb    ,2.9
636666967,se  ,ISC      ,10/1/2023,7:08:51 AM,27.4523,56.3859,11.9,,TEH      ,ML    ,2.8
636666968,se  ,ISC      ,10/1/2023,8:47:08 AM,28.0573,57.9227,10,TRUE,DSN      ,ML    ,3.1
636666969,se  ,THR      ,10/1/2023,11:51:03 AM,28.408,56.993,12,,THR      ,ML    ,3.2
642967963,se  ,ISC      ,10/1/2023,4:58:49 PM,26.9765,54.459,1.9,,OMAN     ,ml    ,3
636666970,se  ,ISC      ,10/2/2023,2:55:17 AM,27.454,56.4511,8.8,,TEH      ,ML    ,2.8
643073353,se  ,OMAN     ,10/2/2023,3:23:46 AM,26.9199,57.2718,10,TRUE,OMAN     ,ml    ,2.4
636666971,se  ,DSN      ,10/2/2023,3:44:01 PM,26.7422,55.9482,10,,DSN      ,ML    ,2.3
643073354,se  ,OMAN     ,10/2/2023,4:06:55 PM,26.0607,57.4071,10,TRUE,OMAN     ,ml    ,1.7
635783728,se  ,ISC      ,10/2/2023,7:46:56 PM,27.6221,56.1376,4.3,,ISC      ,mb    ,3.3
636666972,se  ,OMAN     ,10/3/2023,1:03:23 AM,27.1142,55.3931,10,TRUE,OMAN     ,ml    ,2.3
636666973,se  ,DSN      ,10/3/2023,1:03:31 PM,26.3557,54.2203,10,,DSN      ,ML    ,3
636667060,se  ,ISC      ,10/8/2023,12:26:57 AM,26.6136,54.3981,16.3,,DSN      ,ML    ,3.2
636667061,se  ,ISC      ,10/8/2023,7:48:06 PM,26.9296,54.9711,17,TRUE,DSN      ,ML    ,3.3
636667062,se  ,TEH      ,10/9/2023,2:30:43 AM,27.574,56.174,24,,TEH      ,ML    ,2.8
636667063,se  ,ISC      ,10/9/2023,8:35:09 AM,27.7127,56.2502,7.9,,OMAN     ,mb    ,3.2
636667064,se  ,DSN      ,10/9/2023,10:15:12 PM,27.8423,55.7868,10,,DSN      ,ML    ,2.6
642968155,se  ,TEH      ,10/10/2023,6:53:16 AM,28.464,57.239,10,,TEH      ,ML    ,2.8
636667066,se  ,DSN      ,10/10/2023,9:49:24 PM,27.76,56.4995,10,,DSN      ,ML    ,2.4
636667067,se  ,DSN      ,10/11/2023,2:18:24 AM,25.5181,56.3222,14,,DSN      ,ML    ,1.7
642968214,se  ,TEH      ,10/12/2023,3:59:48 AM,28.062,57.818,6,,TEH      ,ML    ,2.8
636667071,se  ,DSN      ,10/12/2023,7:08:45 AM,26.7988,57.4546,5,,DSN      ,ML    ,3
636667653,se  ,DSN      ,10/13/2023,2:56:58 AM,25.9349,56.0961,0,,DSN      ,ML    ,1.8
636667654,se  ,DSN      ,10/14/2023,2:27:14 AM,25.935,56.0952,0,,DSN      ,ML    ,1.7
636667655,se  ,DSN      ,10/14/2023,3:18:18 AM,25.9408,56.0888,0,,DSN      ,ML    ,1.9
636667666,se  ,ISC      ,10/15/2023,8:31:59 PM,26.9148,55.2195,4.6,,DSN      ,ML    ,2.7
636667667,se  ,ISC      ,10/15/2023,10:13:16 PM,26.9249,55.1664,10,,TEH      ,ML    ,2.7
635860215,se  ,ISC      ,10/16/2023,3:46:08 AM,28.0093,55.8752,16,TRUE,ISC      ,mb    ,3.7
636667668,se  ,ISC      ,10/16/2023,10:05:45 PM,27.0232,55.1974,24,,DSN      ,ML    ,3.2
642968363,se  ,TEH      ,10/17/2023,4:36:14 AM,27.687,56.177,12.1,,TEH      ,ML    ,2.8
635808120,se  ,ISC      ,10/17/2023,4:59:25 AM,27.7134,56.1789,19.5,,ISC      ,mb    ,5.5
635832748,ke  ,ISC      ,10/17/2023,5:10:05 AM,27.7004,56.1655,19.2,,ISC      ,mb    ,5.7
636667669,se  ,ISC      ,10/17/2023,5:29:45 AM,27.6551,56.192,12.8,,DSN      ,ML    ,3.5
635860288,se  ,ISC      ,10/17/2023,5:51:13 AM,27.7423,56.1414,12.4,,ISC      ,mb    ,3.6
636667670,se  ,TEH      ,10/17/2023,5:55:16 AM,27.685,56.133,10,,TEH      ,ML    ,2.8
642968364,se  ,TEH      ,10/17/2023,6:06:05 AM,27.625,56.138,22,,TEH      ,ML    ,2.7
635808134,se  ,ISC      ,10/17/2023,8:22:13 AM,27.6833,56.1635,16.7,,ISC      ,mb    ,5.4
636667671,se  ,TEH      ,10/17/2023,8:37:10 AM,27.683,56.208,9.7,,TEH      ,ML    ,2.8
642968367,se  ,TEH      ,10/17/2023,11:00:23 AM,27.758,56.182,10,,TEH      ,ML    ,2.9
636667672,se  ,DSN      ,10/17/2023,1:04:09 PM,27.5316,55.4053,10,,DSN      ,ML    ,3
635860315,se  ,ISC      ,10/17/2023,3:30:10 PM,27.7203,56.1805,16.1,,ISC      ,mb    ,3.6
643795409,se  ,ISC      ,10/17/2023,4:26:26 PM,27.7406,56.1693,15,TRUE,ISC      ,mb    ,3.7
635832726,se  ,ISC      ,10/17/2023,4:26:51 PM,27.7013,56.1566,21.1,,ISC      ,mb    ,5.5
642968374,se  ,TEH      ,10/17/2023,5:15:26 PM,27.752,56.182,9.6,,TEH      ,ML    ,2.6
636667673,se  ,OMAN     ,10/17/2023,11:12:57 PM,27.6072,56.1105,10,TRUE,OMAN     ,ml    ,2.7
643073371,se  ,OMAN     ,10/18/2023,2:02:59 AM,27.5545,56.0316,10,TRUE,OMAN     ,ml    ,2.3
635863471,se  ,ISC      ,10/18/2023,3:51:29 AM,28.2315,57.4791,16.4,,ISC      ,mb    ,3.9
636667674,se  ,ISC      ,10/18/2023,4:46:56 AM,27.6798,56.1263,16.8,,TEH      ,ML    ,3.4
636667675,se  ,TEH      ,10/18/2023,7:46:24 AM,28.026,56.26,13.7,,TEH      ,ML    ,2.8
642968392,se  ,ISC      ,10/18/2023,3:50:18 PM,28.4368,57.1961,10,TRUE,TEH      ,ML    ,2.8
636667677,se  ,ISC      ,10/18/2023,11:07:49 PM,27.5779,56.1889,15,TRUE,TEH      ,ML    ,2.9
642968403,se  ,TEH      ,10/19/2023,1:08:58 AM,28.216,55.228,10,,TEH      ,ML    ,2.9
636667678,se  ,DSN      ,10/19/2023,5:52:48 AM,25.9476,56.0574,0,,DSN      ,ML    ,1.7
636667679,se  ,DSN      ,10/19/2023,9:18:19 AM,27.6817,56.5763,10,,DSN      ,ML    ,3
636667680,se  ,OMAN     ,10/19/2023,10:04:54 AM,27.7703,56.3615,10,TRUE,OMAN     ,ml    ,3
636667681,se  ,DSN      ,10/19/2023,10:32:59 PM,27.5921,55.5546,10,,DSN      ,ML    ,2.5
643073375,se  ,OMAN     ,10/20/2023,2:48:50 AM,25.3877,57.7238,10,TRUE,OMAN     ,ml    ,1.8
636667685,se  ,OMAN     ,10/20/2023,9:24:51 PM,27.5871,56.3917,10,TRUE,OMAN     ,ml    ,2.5
636667687,se  ,ISC      ,10/21/2023,11:38:14 PM,27.7081,56.4046,9.2,,TEH      ,ML    ,2.9
636667688,se  ,THR      ,10/22/2023,12:09:40 PM,27.669,56.15,15,,THR      ,ML    ,3.2
643073382,se  ,OMAN     ,10/23/2023,10:15:56 AM,26.4993,55.2602,13.4,,OMAN     ,ml    ,2.4
635879440,se  ,ISC      ,10/23/2023,10:58:22 AM,26.6792,55.2936,17,,ISC      ,mb    ,4
636667689,se  ,DSN      ,10/23/2023,11:08:38 AM,26.8017,55.3256,10,,DSN      ,ML    ,2.4
636667690,se  ,DSN      ,10/23/2023,11:52:48 PM,25.4448,56.2044,5,,DSN      ,ML    ,0.9
635854022,se  ,ISC      ,10/24/2023,11:17:52 AM,27.3874,56.1738,11.7,,ISC      ,mb    ,4.2
636667691,se  ,ISC      ,10/24/2023,7:46:42 PM,27.3233,56.193,7.7,,DSN      ,ML    ,3.1
635885132,se  ,ISC      ,10/25/2023,6:04:36 AM,26.5656,54.3613,15.8,,ISC      ,mb    ,3.8
642968480,se  ,ISC      ,10/25/2023,1:59:28 PM,29.2534,56.9391,10,TRUE,TEH      ,ML    ,2.8
636667694,se  ,TEH      ,10/26/2023,12:57:42 AM,27.539,56.234,10,,TEH      ,ML    ,2.5
636667695,se  ,OMAN     ,10/26/2023,11:01:06 AM,28.0633,56.1626,25,TRUE,OMAN     ,ml    ,3
636667696,se  ,ISC      ,10/27/2023,8:48:39 AM,27.7175,56.2941,18,TRUE,TEH      ,ML    ,2.8
635890217,se  ,ISC      ,10/28/2023,7:57:32 PM,27.6685,56.3276,30.2,,ISC      ,mb    ,3.6
643073387,se  ,OMAN     ,10/28/2023,10:20:18 PM,25.9459,56.2703,7.1,,OMAN     ,ml    ,0.2
636667697,se  ,DSN      ,10/29/2023,2:35:14 AM,28.2403,56.0958,10,,DSN      ,ML    ,2.9
643073393,se  ,OMAN     ,10/29/2023,5:19:16 AM,28.3215,57.1397,10,TRUE,OMAN     ,ml    ,2.4
635891441,se  ,ISC      ,10/30/2023,4:09:29 PM,28.3325,57.4579,7.5,,ISC      ,mb    ,4
636667698,se  ,ISC      ,10/31/2023,2:35:37 AM,26.8803,54.7025,2.7,,TEH      ,ML    ,3.3
635891482,se  ,ISC      ,10/31/2023,8:16:00 AM,27.5549,56.5415,10,TRUE,ISC      ,mb    ,4
636667699,se  ,DSN      ,10/31/2023,11:54:16 PM,27.315,55.0339,10,,DSN      ,ML    ,2.5
